arquivo,real_kWh,previsto_kWh,erro_absoluto,erro_percentual,residual
amostra_0002_1918.16.csv,1918.16,2092.8142,174.65420898437492,9.105299296428605,-174.65420898437492
amostra_0015_1255.51.csv,1255.51,1557.6565,302.146494140625,24.065638198072893,-302.146494140625
amostra_0019_3106.45.csv,3106.45,3033.947,72.50297851562482,2.333949637548482,72.50297851562482
amostra_0020_2590.32.csv,2590.32,2660.0781,69.75812499999984,2.6930311698940606,-69.75812499999984
amostra_0021_2135.00.csv,2135.0,2115.3032,19.69677734375,0.9225656835480094,19.69677734375
amostra_0023_2886.84.csv,2886.84,2842.912,43.927890625000146,1.5216600374457934,43.927890625000146
amostra_0043_2055.23.csv,2055.23,2185.8286,130.59861328124998,6.354452459396271,-130.59861328124998
amostra_0045_1647.38.csv,1647.38,1697.5493,50.16931640624989,3.045400357309782,-50.16931640624989
amostra_0049_2345.11.csv,2345.11,2421.873,76.76304687499987,3.2733239325660572,-76.76304687499987
amostra_0050_3708.96.csv,3708.96,3671.6582,37.301796875000036,1.0057211961034909,37.301796875000036
amostra_0051_1808.85.csv,1808.85,1796.7156,12.134423828124909,0.6708363782582807,12.134423828124909
amostra_0054_2681.49.csv,2681.49,2720.0059,38.51585937500022,1.4363603584201403,-38.51585937500022
amostra_0056_2906.70.csv,2906.7,2938.503,31.802929687500182,1.0941249419444794,-31.802929687500182
amostra_0081_1985.55.csv,1985.55,1751.5392,234.01081542968745,11.785692399067637,234.01081542968745
amostra_0082_2221.14.csv,2221.14,2409.0732,187.93324218750013,8.461116462154575,-187.93324218750013
amostra_0083_3083.32.csv,3083.32,3195.296,111.97589843749984,3.63166646463876,-111.97589843749984
amostra_0084_1239.89.csv,1239.89,1425.3961,185.5061181640624,14.961498049348117,-185.5061181640624
amostra_0093_2582.21.csv,2582.21,2682.1836,99.97359374999996,3.8716290987177637,-99.97359374999996
amostra_0094_2867.39.csv,2867.39,2996.04,128.65003906250013,4.48665996123653,-128.65003906250013
amostra_0096_2455.82.csv,2455.82,2542.411,86.59088867187484,3.5259460657489075,-86.59088867187484
amostra_0097_2383.73.csv,2383.73,2653.7283,269.998271484375,11.326713658190105,-269.998271484375
amostra_0108_2613.05.csv,2613.05,2797.0142,183.96416015624982,7.0402081918160695,-183.96416015624982
amostra_0115_2573.64.csv,2573.64,2563.4946,10.145371093749873,0.3942031944541534,10.145371093749873
amostra_0117_1409.12.csv,1409.12,1496.1489,87.02892578125011,6.176118838796562,-87.02892578125011
amostra_0124_1871.79.csv,1871.79,1904.8984,33.108437500000036,1.7688115386875685,-33.108437500000036
amostra_0127_1474.94.csv,1474.94,1578.4808,103.54083496093745,7.020003183921884,-103.54083496093745
amostra_0136_1725.53.csv,1725.53,1880.4045,154.87454101562503,8.975476579116274,-154.87454101562503
amostra_0137_1834.42.csv,1834.42,1917.7257,83.30570800781243,4.541255983243337,-83.30570800781243
amostra_0144_961.38.csv,961.38,1068.7712,107.391240234375,11.170529887700493,-107.391240234375
amostra_0155_2509.34.csv,2509.34,2688.6704,179.33041015624985,7.146517018668249,-179.33041015624985
amostra_0156_1900.94.csv,1900.94,2072.675,171.73504882812495,9.034217220329149,-171.73504882812495
amostra_0158_2326.18.csv,2326.18,2366.5398,40.359794921875164,1.7350245863121154,-40.359794921875164
amostra_0167_2536.37.csv,2536.37,2660.5493,124.17931640625011,4.8959464276209745,-124.17931640625011
amostra_0177_2179.11.csv,2179.11,2276.5796,97.46958984374987,4.472908198473224,-97.46958984374987
amostra_0178_2404.29.csv,2404.29,2439.0168,34.726845703125036,1.444370092756075,-34.726845703125036
amostra_0179_3106.65.csv,3106.65,3129.4297,22.77968749999991,0.7332556773373219,-22.77968749999991
amostra_0187_2260.89.csv,2260.89,2543.7612,282.8712304687501,12.511499032184235,-282.8712304687501
amostra_0189_1455.94.csv,1455.94,1682.5067,226.56671386718745,15.561541950024548,-226.56671386718745
amostra_0193_2328.29.csv,2328.29,2528.9966,200.70658203125004,8.620342913951871,-200.70658203125004
amostra_0198_2252.55.csv,2252.55,2348.6953,96.14531249999982,4.268287607378296,-96.14531249999982
amostra_0204_1784.38.csv,1784.38,1845.4647,61.08472167968739,3.423302305545197,-61.08472167968739
amostra_0207_1824.45.csv,1824.45,1992.1626,167.71259765624995,9.19250172140919,-167.71259765624995
amostra_0208_2991.08.csv,2991.08,3057.6575,66.57747070312507,2.2258672687833516,-66.57747070312507
amostra_0215_3433.81.csv,3433.81,3524.8643,91.05425781250005,2.6516976132197194,-91.05425781250005
amostra_0217_3408.22.csv,3408.22,3484.8428,76.6227734375002,2.2481756881157966,-76.6227734375002
amostra_0219_2098.05.csv,2098.05,2157.6086,59.55864257812482,2.8387618301815882,-59.55864257812482
amostra_0221_1373.59.csv,1373.59,1554.2653,180.67525878906258,13.153507144712947,-180.67525878906258
amostra_0224_2690.85.csv,2690.85,2848.9177,158.0677246093751,5.874267410274638,-158.0677246093751
amostra_0229_2115.41.csv,2115.41,2267.583,152.17300781250015,7.193546774029628,-152.17300781250015
amostra_0234_1852.40.csv,1852.4,2164.1343,311.7342773437499,16.828669690334156,-311.7342773437499
amostra_0241_1820.40.csv,1820.4,2005.2792,184.8791748046874,10.155964337765733,-184.8791748046874
amostra_0242_3674.97.csv,3674.97,3887.1577,212.1877148437502,5.773862503469422,-212.1877148437502
amostra_0253_2876.45.csv,2876.45,3061.5498,185.09980468750018,6.435008593491985,-185.09980468750018
amostra_0257_1827.70.csv,1827.7,2089.4644,261.76435546874995,14.32206354810691,-261.76435546874995
amostra_0259_1900.77.csv,1900.77,1960.5342,59.76417968750002,3.144208909415659,-59.76417968750002
amostra_0261_2141.38.csv,2141.38,2324.2053,182.8253222656249,8.537733716837968,-182.8253222656249
amostra_0267_2140.55.csv,2140.55,2223.0608,82.51079101562482,3.8546537579418754,-82.51079101562482
amostra_0291_1730.96.csv,1730.96,1673.7185,57.241494140625036,3.3069218318519797,57.241494140625036
amostra_0295_2954.12.csv,2954.12,3152.943,198.8231152343751,6.730366919230605,-198.8231152343751
amostra_0299_1311.30.csv,1311.3,1487.514,176.21403808593755,13.438117752302109,-176.21403808593755
amostra_0302_1923.59.csv,1923.59,1789.0674,134.52261718749992,6.993310278567674,134.52261718749992
amostra_0306_2636.09.csv,2636.09,2677.9634,41.873378906249854,1.5884654509614564,-41.873378906249854
amostra_0312_2523.04.csv,2523.04,2719.8494,196.80936523437504,7.800485336513692,-196.80936523437504
amostra_0318_3036.02.csv,3036.02,3095.495,59.47511718750002,1.9589830497658125,-59.47511718750002
amostra_0319_2627.89.csv,2627.89,2798.458,170.56800781250013,6.4906829362149905,-170.56800781250013
amostra_0327_2443.80.csv,2443.8,2649.0298,205.22978515624982,8.397977950579008,-205.22978515624982
amostra_0332_1937.16.csv,1937.16,2140.3713,203.21133789062492,10.490167972218346,-203.21133789062492
amostra_0336_2694.71.csv,2694.71,2908.4695,213.75948242187496,7.932559808731736,-213.75948242187496
amostra_0343_2310.68.csv,2310.68,2446.9797,136.29973632812516,5.898685076606244,-136.29973632812516
amostra_0345_1895.30.csv,1895.3,2079.4998,184.19975585937505,9.718765148492325,-184.19975585937505
amostra_0346_3976.83.csv,3976.83,3885.1409,91.68913085937493,2.305583363115218,91.68913085937493
amostra_0350_2875.35.csv,2875.35,2929.7737,54.42368164062509,1.892767198449757,-54.42368164062509
amostra_0353_3169.02.csv,3169.02,3252.8635,83.84352539062502,2.6457240847525423,-83.84352539062502
amostra_0356_4116.59.csv,4116.59,4229.124,112.53402343749985,2.7336709130008052,-112.53402343749985
amostra_0360_1616.30.csv,1616.3,1710.4487,94.14873046875005,5.824953936073133,-94.14873046875005
amostra_0365_2871.06.csv,2871.06,2797.9714,73.08856445312495,2.5456996528503395,73.08856445312495
amostra_0368_1746.61.csv,1746.61,1965.6813,219.0712744140626,12.54265545336753,-219.0712744140626
amostra_0381_2301.19.csv,2301.19,2407.1462,105.95624023437495,4.604410771573618,-105.95624023437495
amostra_0386_3380.46.csv,3380.46,3488.0217,107.56172851562496,3.181866625122763,-107.56172851562496
amostra_0387_2393.57.csv,2393.57,2492.166,98.59601562499984,4.119203350016913,-98.59601562499984
amostra_0391_2737.07.csv,2737.07,2876.5652,139.49518554687484,5.096515089013976,-139.49518554687484
amostra_0394_2887.08.csv,2887.08,3032.628,145.54792968750007,5.041354229446364,-145.54792968750007
amostra_0395_1372.27.csv,1372.27,1692.4694,320.1993603515625,23.333553918074614,-320.1993603515625
amostra_0401_2823.10.csv,2823.1,3024.7095,201.6094726562501,7.141421581107651,-201.6094726562501
amostra_0402_1876.94.csv,1876.94,2020.6509,143.71087890624995,7.6566581193991246,-143.71087890624995
amostra_0404_964.29.csv,964.29,1218.1499,253.85990234375004,26.326095090040347,-253.85990234375004
amostra_0408_2330.48.csv,2330.48,2277.4565,53.02345703125002,2.275216137072621,53.02345703125002
amostra_0413_1953.02.csv,1953.02,2195.332,242.31203125000002,12.407043002631822,-242.31203125000002
amostra_0419_1331.43.csv,1331.43,1469.8088,138.37883789062494,10.39324920503706,-138.37883789062494
amostra_0424_1989.78.csv,1989.78,2217.357,227.57693359375003,11.43729123791324,-227.57693359375003
amostra_0427_2353.69.csv,2353.69,2215.0488,138.64117187500005,5.890375192782399,138.64117187500005
amostra_0430_1749.57.csv,1749.57,2004.145,254.57501953125006,14.550719292811953,-254.57501953125006
amostra_0432_2301.81.csv,2301.81,2385.564,83.75396484375005,3.638613301868966,-83.75396484375005
amostra_0442_1188.48.csv,1188.48,1420.6168,232.13682128906248,19.532244656120632,-232.13682128906248
amostra_0448_1711.82.csv,1711.82,1789.3215,77.50153320312506,4.527434730469621,-77.50153320312506
amostra_0459_2278.38.csv,2278.38,2357.9438,79.56384765624989,3.492123686841084,-79.56384765624989
amostra_0461_2164.81.csv,2164.81,2283.628,118.81792968750005,5.488607761766624,-118.81792968750005
amostra_0465_3784.44.csv,3784.44,3889.4526,105.01263671874995,2.774852731678926,-105.01263671874995
amostra_0466_2053.46.csv,2053.46,2218.2039,164.74385742187496,8.022744899918916,-164.74385742187496
amostra_0472_2345.65.csv,2345.65,2520.1436,174.4935546874999,7.439027761494678,-174.4935546874999
amostra_0473_1799.60.csv,1799.6,1973.4274,173.8273681640626,9.659222503004147,-173.8273681640626
amostra_0474_3479.63.csv,3479.63,3657.6467,178.0167285156249,5.11596717224604,-178.0167285156249
amostra_0476_2401.85.csv,2401.85,2506.7437,104.89365234375009,4.367202462424801,-104.89365234375009
amostra_0482_3033.24.csv,3033.24,3112.538,79.29808593750022,2.6143030534181344,-79.29808593750022
amostra_0486_3716.25.csv,3716.25,3757.6707,41.420654296875,1.1145820194248235,-41.420654296875
amostra_0490_2742.70.csv,2742.7,2692.43,50.27006835937482,1.8328679169932847,50.27006835937482
amostra_0493_1317.20.csv,1317.2,1332.2185,15.018505859374955,1.1401841678845244,-15.018505859374955
amostra_0495_2113.67.csv,2113.67,2289.7288,176.05875976562493,8.329529196403646,-176.05875976562493
amostra_0497_2280.00.csv,2280.0,2554.3123,274.312255859375,12.031239292077851,-274.312255859375
amostra_0514_1817.76.csv,1817.76,1756.7433,61.01671386718749,3.356698016635171,61.01671386718749
amostra_0515_3859.47.csv,3859.47,3968.9614,109.4914257812502,2.8369549648332595,-109.4914257812502
amostra_0521_2678.67.csv,2678.67,2801.51,122.84000976562493,4.5858582716656,-122.84000976562493
amostra_0526_2307.83.csv,2307.83,2561.161,253.33088867187507,10.97701688044072,-253.33088867187507
amostra_0549_1147.80.csv,1147.8,1405.1976,257.39763183593755,22.425303348661572,-257.39763183593755
amostra_0552_2377.71.csv,2377.71,2491.1274,113.41744140624996,4.770028363688169,-113.41744140624996
amostra_0556_3967.58.csv,3967.58,4122.468,154.88777343750007,3.9038349179474663,-154.88777343750007
amostra_0559_2561.06.csv,2561.06,2598.4185,37.358457031250055,1.4587107303714109,-37.358457031250055
amostra_0564_1524.70.csv,1524.7,1486.9742,37.725756835937545,2.4743068692816648,37.725756835937545
amostra_0566_2947.55.csv,2947.55,3038.8513,91.30131835937482,3.097532471353321,-91.30131835937482
amostra_0571_1873.78.csv,1873.78,2219.6497,345.869658203125,18.458392031248334,-345.869658203125
amostra_0574_2877.73.csv,2877.73,3046.3523,168.62229492187498,5.8595592679603365,-168.62229492187498
amostra_0588_2769.21.csv,2769.21,2880.0505,110.84053710937496,4.002604970709154,-110.84053710937496
amostra_0591_1734.98.csv,1734.98,1829.7062,94.72617675781248,5.459784940334326,-94.72617675781248
amostra_0594_2304.55.csv,2304.55,2596.5574,292.0073730468748,12.670906382889275,-292.0073730468748
amostra_0596_3012.89.csv,3012.89,3239.1929,226.30287109375013,7.511156102405005,-226.30287109375013
amostra_0598_2806.34.csv,2806.34,2766.9648,39.375156250000146,1.4030786095056247,39.375156250000146
amostra_0601_3466.01.csv,3466.01,3488.0093,21.99927734374978,0.6347147683864092,-21.99927734374978
amostra_0602_3805.52.csv,3805.52,3968.88,163.35988281250002,4.292708560525237,-163.35988281250002
amostra_0604_3117.84.csv,3117.84,3339.6023,221.76229492187485,7.112690032903384,-221.76229492187485
amostra_0613_1363.21.csv,1363.21,1438.0223,74.81233886718746,5.487954083903982,-74.81233886718746
amostra_0621_2901.06.csv,2901.06,2980.464,79.40411132812505,2.7370723572806166,-79.40411132812505
amostra_0625_2995.38.csv,2995.38,3181.644,186.2640429687499,6.218377734002026,-186.2640429687499
amostra_0634_2937.63.csv,2937.63,3048.211,110.58093749999989,3.7642908569152644,-110.58093749999989
amostra_0636_1580.53.csv,1580.53,1508.1101,72.41989257812497,4.582000504775295,72.41989257812497
amostra_0637_1206.96.csv,1206.96,1251.2609,44.300864257812464,3.670450077700376,-44.300864257812464
amostra_0643_2790.42.csv,2790.42,2970.049,179.62907226562493,6.437348939070997,-179.62907226562493
amostra_0647_1675.18.csv,1675.18,1753.2501,78.07012207031244,4.660401990849486,-78.07012207031244
amostra_0652_2231.13.csv,2231.13,2433.4163,202.2862597656249,9.06653846999614,-202.2862597656249
amostra_0653_2029.21.csv,2029.21,2217.1895,187.97945312499996,9.26367665865041,-187.97945312499996
amostra_0654_1620.66.csv,1620.66,1716.1091,95.44913085937492,5.889522223006362,-95.44913085937492
amostra_0655_1258.64.csv,1258.64,1577.9377,319.2977441406249,25.36847264830491,-319.2977441406249
amostra_0657_2206.37.csv,2206.37,2305.4155,99.04552734375011,4.48907152217217,-99.04552734375011
amostra_0671_3645.38.csv,3645.38,3807.0159,161.6358691406249,4.433992317416151,-161.6358691406249
amostra_0674_918.87.csv,918.87,1132.4242,213.5541943359375,23.240958387577948,-213.5541943359375
amostra_0678_2912.56.csv,2912.56,3114.3267,201.76666015625005,6.927467937355799,-201.76666015625005
amostra_0683_2546.07.csv,2546.07,2683.0107,136.94074218749984,5.378514423700049,-136.94074218749984
amostra_0687_1072.09.csv,1072.09,1276.7396,204.64962402343758,19.08884739372978,-204.64962402343758
amostra_0699_3131.02.csv,3131.02,3110.403,20.616923828124982,0.6584730799587668,20.616923828124982
amostra_0703_1737.04.csv,1737.04,1859.6381,122.59806152343754,7.057872099861692,-122.59806152343754
amostra_0707_2677.72.csv,2677.72,2796.9875,119.2675488281252,4.454070956938186,-119.2675488281252
amostra_0715_1765.46.csv,1765.46,1849.0521,83.59212402343746,4.734863662922834,-83.59212402343746
amostra_0718_1544.17.csv,1544.17,1429.6515,114.51851074218757,7.416185442159061,114.51851074218757
amostra_0720_2368.81.csv,2368.81,2517.2854,148.47540039062505,6.26793201610197,-148.47540039062505
amostra_0724_2490.22.csv,2490.22,2514.687,24.4670117187502,0.9825241030411049,-24.4670117187502
amostra_0731_1551.83.csv,1551.83,1799.6681,247.83809082031257,15.970698518543436,-247.83809082031257
amostra_0736_1824.46.csv,1824.46,1995.7828,171.32283691406246,9.390331216582576,-171.32283691406246
amostra_0745_1379.46.csv,1379.46,1481.1726,101.71260742187496,7.373364028088887,-101.71260742187496
amostra_0747_2185.45.csv,2185.45,2133.9417,51.50834960937482,2.356876140354381,51.50834960937482
amostra_0749_1835.44.csv,1835.44,1654.7805,180.65948242187505,9.84284326493239,180.65948242187505
amostra_0752_2330.02.csv,2330.02,2425.659,95.63893554687502,4.104640112397105,-95.63893554687502
amostra_0754_1452.09.csv,1452.09,1661.3989,209.30892578125008,14.414321824490914,-209.30892578125008
amostra_0759_3391.58.csv,3391.58,3293.5603,98.01969726562493,2.8900894941480058,98.01969726562493
amostra_0760_3239.20.csv,3239.2,3261.3667,22.166699218750182,0.6843263527645771,-22.166699218750182
amostra_0763_1724.07.csv,1724.07,1851.2244,127.15436523437506,7.375243768198221,-127.15436523437506
amostra_0775_3564.99.csv,3564.99,3507.5637,57.42627929687478,1.6108398423803374,57.42627929687478
amostra_0778_2683.67.csv,2683.67,2719.058,35.38810546874993,1.3186459389101464,-35.38810546874993
amostra_0791_2420.66.csv,2420.66,2301.9187,118.74129882812485,4.905327424261353,118.74129882812485
amostra_0793_3033.97.csv,3033.97,3319.3435,285.3735058593752,9.405943561056148,-285.3735058593752
amostra_0794_4321.70.csv,4321.7,4433.9717,112.27167968750018,2.5978591685563592,-112.27167968750018
amostra_0803_1928.05.csv,1928.05,1918.6775,9.372509765624955,0.48611341851222506,9.372509765624955
amostra_0810_3034.11.csv,3034.11,3138.5771,104.46714843749987,3.4430903440382807,-104.46714843749987
amostra_0814_2301.86.csv,2301.86,2385.6138,83.75376953124987,3.6385257805101032,-83.75376953124987
amostra_0821_1912.96.csv,1912.96,1895.4215,17.538491210937536,0.9168247747437236,17.538491210937536
amostra_0835_875.51.csv,875.51,1172.9967,297.4867041015625,33.97867575488144,-297.4867041015625
amostra_0843_2983.46.csv,2983.46,3084.098,100.63790039062496,3.373194223841612,-100.63790039062496
amostra_0847_1707.36.csv,1707.36,1864.7373,157.3773046875001,9.217581803925365,-157.3773046875001
amostra_0852_2324.81.csv,2324.81,2273.688,51.122011718749945,2.1989759042136754,51.122011718749945
amostra_0870_2084.82.csv,2084.82,2281.128,196.30792968749984,9.416061323639441,-196.30792968749984
amostra_0873_3940.57.csv,3940.57,3902.2678,38.302177734375164,0.9719958720280355,38.302177734375164
amostra_0875_3266.23.csv,3266.23,3492.8333,226.60325195312498,6.937761638130964,-226.60325195312498
amostra_0883_2089.85.csv,2089.85,2049.88,39.97011718749991,1.9125830651721372,39.97011718749991
amostra_0891_2154.78.csv,2154.78,2360.6194,205.8393847656248,9.552686806338688,-205.8393847656248
amostra_0898_2391.35.csv,2391.35,2327.3179,64.03212890624991,2.677656089917825,64.03212890624991
amostra_0908_3645.54.csv,3645.54,3731.711,86.17093750000004,2.363735893722193,-86.17093750000004
amostra_0909_2316.55.csv,2316.55,2373.7922,57.24223632812482,2.471012338526033,-57.24223632812482
amostra_0917_3288.29.csv,3288.29,3439.5063,151.21634765625004,4.598631740395465,-151.21634765625004
amostra_0920_2650.49.csv,2650.49,2844.7847,194.29466796875022,7.330518808550503,-194.29466796875022
amostra_0924_1817.94.csv,1817.94,1715.7781,102.16192382812505,5.6196532244257265,102.16192382812505
amostra_0929_2021.19.csv,2021.19,2164.4424,143.25238281249995,7.087526794240024,-143.25238281249995
amostra_0932_2632.20.csv,2632.2,2687.4836,55.28364257812518,2.1002827512394644,-55.28364257812518
amostra_0940_2037.78.csv,2037.78,2171.5723,133.79226562500003,6.5655892993846265,-133.79226562500003
amostra_0943_3410.22.csv,3410.22,3658.9707,248.7507031250002,7.294271428969398,-248.7507031250002
amostra_0947_2654.24.csv,2654.24,2889.6846,235.44457031250022,8.87050795378339,-235.44457031250022
amostra_0949_2738.06.csv,2738.06,2558.461,179.59906249999995,6.559354524736491,179.59906249999995
amostra_0951_3461.53.csv,3461.53,3472.5376,11.0075976562498,0.31799804295354367,-11.0075976562498
amostra_0955_1719.94.csv,1719.94,1748.3953,28.455263671874945,1.6544335076732295,-28.455263671874945
amostra_0962_2968.23.csv,2968.23,3080.4614,112.23142578124998,3.7810892613190346,-112.23142578124998
amostra_0967_2485.66.csv,2485.66,2720.1606,234.50064453125015,9.434140008337833,-234.50064453125015
amostra_0985_2342.97.csv,2342.97,2553.3994,210.4294140625002,8.981310646849948,-210.4294140625002
amostra_0987_2161.01.csv,2161.01,2202.4758,41.46583007812478,1.9188171307918416,-41.46583007812478
amostra_0988_2073.85.csv,2073.85,2074.369,0.518896484375091,0.025020926507466353,-0.518896484375091
amostra_0991_2419.13.csv,2419.13,2652.7751,233.6451464843749,9.65823029288938,-233.6451464843749
amostra_0999_2759.47.csv,2759.47,2826.4038,66.9338085937502,2.425603778760059,-66.9338085937502
amostra_1005_2484.32.csv,2484.32,2256.0354,228.28459960937516,9.189017502148483,228.28459960937516
amostra_1023_3035.07.csv,3035.07,3033.4807,1.5892871093751637,0.05236410064265943,1.5892871093751637
amostra_1024_3108.16.csv,3108.16,3205.9092,97.74917968750015,3.1449211008281477,-97.74917968750015
amostra_1027_4353.11.csv,4353.11,4373.5024,20.392441406250327,0.4684568367500553,-20.392441406250327
amostra_1039_3430.12.csv,3430.12,3533.0645,102.94445312500011,3.001191011538958,-102.94445312500011
amostra_1041_1831.86.csv,1831.86,1961.4596,129.5995947265626,7.074754333112934,-129.5995947265626
amostra_1042_3170.58.csv,3170.58,3384.504,213.92390625000007,6.74715371477774,-213.92390625000007
amostra_1045_1681.42.csv,1681.42,1718.7262,37.30619628906243,2.218731565525712,-37.30619628906243
amostra_1055_2647.63.csv,2647.63,2399.0237,248.6063183593751,9.389768145827592,248.6063183593751
amostra_1057_2788.80.csv,2788.8,2765.1533,23.646679687500182,0.8479159383068051,23.646679687500182
amostra_1061_2621.51.csv,2621.51,2795.8604,174.35035156249978,6.650760499197019,-174.35035156249978
amostra_1070_2676.56.csv,2676.56,2500.1843,176.37567382812495,6.589640203400071,176.37567382812495
amostra_1072_2609.66.csv,2609.66,2638.7056,29.045566406250146,1.113001939189402,-29.045566406250146
amostra_1073_2765.53.csv,2765.53,2850.3357,84.8056933593748,3.0665258868779146,-84.8056933593748
amostra_1077_2755.79.csv,2755.79,2751.6794,4.110556640624964,0.14916073578265993,4.110556640624964
amostra_1078_3101.47.csv,3101.47,3122.8936,21.4235546875002,0.6907548577771251,-21.4235546875002
amostra_1081_1548.57.csv,1548.57,1827.5651,278.99506347656256,18.016303007068622,-278.99506347656256
amostra_1091_2387.11.csv,2387.11,2636.9736,249.86363281249987,10.467202299537929,-249.86363281249987
amostra_1095_2339.62.csv,2339.62,2492.4543,152.8343457031251,6.532443119101611,-152.8343457031251
amostra_1096_2709.91.csv,2709.91,2817.9846,108.07461914062515,3.9881257732037283,-108.07461914062515
amostra_1102_1871.91.csv,1871.91,1834.1001,37.80990234375008,2.0198568490873003,37.80990234375008
amostra_1106_2888.83.csv,2888.83,2805.2637,83.56632812499993,2.8927395563255685,83.56632812499993
amostra_1108_2574.07.csv,2574.07,2657.2585,83.18854492187484,3.231790313467576,-83.18854492187484
amostra_1114_1546.13.csv,1546.13,1707.2622,161.1322070312499,10.421646758762192,-161.1322070312499
amostra_1119_1507.38.csv,1507.38,1734.8634,227.4834033203124,15.091310971374995,-227.4834033203124
amostra_1123_3016.02.csv,3016.02,3053.9202,37.90016601562502,1.2566284711515514,-37.90016601562502
amostra_1128_1960.64.csv,1960.64,2122.238,161.5980371093749,8.242106511617374,-161.5980371093749
amostra_1133_3201.83.csv,3201.83,3294.3276,92.49763671875007,2.8888990583119676,-92.49763671875007
amostra_1136_2574.47.csv,2574.47,2683.132,108.6620800781252,4.220755342968658,-108.6620800781252
amostra_1139_2152.87.csv,2152.87,2177.812,24.94201171875011,1.158547042726691,-24.94201171875011
amostra_1144_1938.78.csv,1938.78,2058.0896,119.30959960937503,6.153849307779894,-119.30959960937503
amostra_1150_2715.36.csv,2715.36,2691.014,24.346083984375127,0.8966061216330476,24.346083984375127
amostra_1152_3194.03.csv,3194.03,3298.051,104.0210253906248,3.256732885746996,-104.0210253906248
amostra_1153_2510.56.csv,2510.56,2354.8818,155.67816406249995,6.200933818052544,155.67816406249995
amostra_1157_2411.96.csv,2411.96,2655.5508,243.59078124999996,10.09928776803927,-243.59078124999996
amostra_1162_2238.67.csv,2238.67,2255.1755,16.505537109374927,0.7372921024257674,-16.505537109374927
amostra_1163_2938.17.csv,2938.17,3112.315,174.14494140624993,5.926986573487917,-174.14494140624993
amostra_1165_2812.93.csv,2812.93,2699.6216,113.30841796874984,4.028127894001978,113.30841796874984
amostra_1166_2601.59.csv,2601.59,2643.4746,41.884609374999854,1.6099619607624511,-41.884609374999854
amostra_1169_2513.01.csv,2513.01,2616.1792,103.16919921874978,4.105403449200352,-103.16919921874978
amostra_1173_2503.59.csv,2503.59,2503.2283,0.3617285156251455,0.014448392733041172,0.3617285156251455
amostra_1175_2968.48.csv,2968.48,3194.7527,226.27268554687498,7.622510023543192,-226.27268554687498
amostra_1180_2059.34.csv,2059.34,2199.59,140.25008789062485,6.810438678927465,-140.25008789062485
amostra_1184_3350.80.csv,3350.8,3321.1326,29.667431640625182,0.8853835394719225,29.667431640625182
amostra_1185_1622.44.csv,1622.44,1701.0542,78.61419921874995,4.8454302913358855,-78.61419921874995
amostra_1193_2315.53.csv,2315.53,2255.6658,59.8642285156252,2.585335906493338,59.8642285156252
amostra_1194_2418.87.csv,2418.87,2658.968,240.0980175781251,9.926040571759751,-240.0980175781251
amostra_1207_3196.34.csv,3196.34,3447.2766,250.93661132812485,7.850748397483523,-250.93661132812485
amostra_1209_2836.63.csv,2836.63,2736.0752,100.55480468750011,3.5448685478014443,100.55480468750011
amostra_1213_3179.63.csv,3179.63,3161.303,18.32702148437511,0.576388494396364,18.32702148437511
amostra_1230_3366.56.csv,3366.56,3606.1482,239.58819335937505,7.116706470681498,-239.58819335937505
amostra_1233_1733.67.csv,1733.67,1905.0668,171.39677246093743,9.886355099928904,-171.39677246093743
amostra_1238_1999.16.csv,1999.16,1954.4496,44.71041503906258,2.236460065180505,44.71041503906258
amostra_1239_2214.42.csv,2214.42,2302.324,87.90397460937493,3.969616179829252,-87.90397460937493
amostra_1246_2680.50.csv,2680.5,2722.435,41.93505859375,1.564449117468756,-41.93505859375
amostra_1250_2407.37.csv,2407.37,2570.791,163.4210156250001,6.788363052833595,-163.4210156250001
amostra_1258_3674.16.csv,3674.16,3769.53,95.37002929687515,2.595696139985062,-95.37002929687515
amostra_1264_1693.16.csv,1693.16,1710.9061,17.746127929687418,1.048106967427025,-17.746127929687418
amostra_1265_1831.47.csv,1831.47,2012.8529,181.38290527343747,9.903678753866428,-181.38290527343747
amostra_1274_2031.96.csv,2031.96,2270.9417,238.98165039062496,11.761139510158909,-238.98165039062496
amostra_1277_1963.03.csv,1963.03,2109.4595,146.42947265625003,7.459359900574623,-146.42947265625003
amostra_1279_2406.61.csv,2406.61,2480.1604,73.55040039062487,3.0561827795373935,-73.55040039062487
amostra_1281_3648.42.csv,3648.42,3657.5554,9.135419921874927,0.25039386698556987,-9.135419921874927
amostra_1283_2220.39.csv,2220.39,2446.1533,225.76332031250013,10.167732709681639,-225.76332031250013
amostra_1284_3179.57.csv,3179.57,3353.0745,173.50446289062484,5.45685306159716,-173.50446289062484
amostra_1287_1988.81.csv,1988.81,2132.665,143.85503906250005,7.233221829259712,-143.85503906250005
amostra_1295_3157.79.csv,3157.79,3248.066,90.27591796875004,2.8588322202790573,-90.27591796875004
amostra_1296_1590.97.csv,1590.97,1618.5602,27.590180664062473,1.7341735333829342,-27.590180664062473
amostra_1306_2513.27.csv,2513.27,2565.6465,52.37648437500002,2.0839975161840956,-52.37648437500002
amostra_1313_2401.55.csv,2401.55,2578.5574,177.00737304687482,7.3705470653067735,-177.00737304687482
amostra_1326_1712.13.csv,1712.13,1852.6698,140.5397998046874,8.208477148621155,-140.5397998046874
amostra_1329_2004.88.csv,2004.88,2059.0688,54.18884765624989,2.7028474350709213,-54.18884765624989
amostra_1336_2197.44.csv,2197.44,2223.8767,26.436708984374945,1.2030685244818946,-26.436708984374945
amostra_1340_2781.28.csv,2781.28,3008.162,226.8821093749998,8.157470998065632,-226.8821093749998
amostra_1344_2492.12.csv,2492.12,2642.0723,149.9522656250001,6.017056386730981,-149.9522656250001
amostra_1349_2881.20.csv,2881.2,3050.9714,169.77143554687518,5.892386351064667,-169.77143554687518
amostra_1353_1393.69.csv,1393.69,1618.7545,225.06451660156245,16.148821947604016,-225.06451660156245
amostra_1354_2208.87.csv,2208.87,2275.8206,66.95055664062511,3.0309867326110234,-66.95055664062511
amostra_1362_2700.01.csv,2700.01,2831.0942,131.08423828124978,4.8549538068840405,-131.08423828124978
amostra_1368_1661.81.csv,1661.81,1702.2865,40.476499023437555,2.435687534882902,-40.476499023437555
amostra_1370_2767.58.csv,2767.58,2789.1638,21.583818359375073,0.779880558443661,-21.583818359375073
amostra_1376_1477.30.csv,1477.3,1633.0736,155.77360839843755,10.544480362718307,-155.77360839843755
amostra_1378_2655.21.csv,2655.21,2851.9316,196.72164062499996,7.408891975587617,-196.72164062499996
amostra_1380_2886.82.csv,2886.82,3083.1501,196.33014648437484,6.800914032893454,-196.33014648437484
amostra_1384_1592.14.csv,1592.14,1710.7725,118.6324609374999,7.451132496985183,-118.6324609374999
amostra_1385_2678.45.csv,2678.45,2643.937,34.51298828124982,1.288543309796704,34.51298828124982
amostra_1394_3355.54.csv,3355.54,3452.6184,97.07840820312504,2.893078556748691,-97.07840820312504
amostra_1408_3174.44.csv,3174.44,3275.4778,101.03778320312495,3.1828537695821923,-101.03778320312495
amostra_1409_1713.57.csv,1713.57,1561.7137,151.85625488281244,8.861981412070264,151.85625488281244
amostra_1410_1298.56.csv,1298.56,1474.7239,176.16387695312505,13.566094516474022,-176.16387695312505
amostra_1411_2869.17.csv,2869.17,2765.702,103.46809570312507,3.606203037921248,103.46809570312507
amostra_1433_1900.98.csv,1900.98,1975.2036,74.22361328124998,3.90449206626319,-74.22361328124998
amostra_1441_3541.12.csv,3541.12,3570.0278,28.90783203125011,0.8163471452887818,-28.90783203125011
amostra_1444_3067.79.csv,3067.79,3130.332,62.542031250000036,2.038667289807974,-62.542031250000036
amostra_1448_1259.51.csv,1259.51,1214.9607,44.54930664062499,3.537034770714404,44.54930664062499
amostra_1473_2396.15.csv,2396.15,2414.3298,18.17983398437491,0.7587101802631266,-18.17983398437491
amostra_1474_2150.10.csv,2150.1,2311.0667,160.9666503906251,7.4864727403667315,-160.9666503906251
amostra_1482_2062.88.csv,2062.88,2217.4404,154.5604296874999,7.492458586418012,-154.5604296874999
amostra_1489_2814.15.csv,2814.15,3032.4753,218.3253417968749,7.758127384712077,-218.3253417968749
amostra_1500_3109.14.csv,3109.14,3218.1064,108.96644531250013,3.5047133713020364,-108.96644531250013
amostra_1508_2777.11.csv,2777.11,2855.813,78.70298828124987,2.8339888690491146,-78.70298828124987
amostra_1520_2622.67.csv,2622.67,2723.7505,101.08048828124993,3.8541062459726128,-101.08048828124993
amostra_1525_3159.97.csv,3159.97,3062.2185,97.7514941406248,3.0934310813275063,97.7514941406248
amostra_1532_2223.95.csv,2223.95,2290.0361,66.08613281250018,2.971565584320699,-66.08613281250018
amostra_1545_2129.60.csv,2129.6,2262.8057,133.2056640625001,6.254961685879983,-133.2056640625001
amostra_1551_3083.68.csv,3083.68,3197.52,113.84001953125016,3.691693675454333,-113.84001953125016
amostra_1561_1323.35.csv,1323.35,1395.4229,72.07285156250009,5.446242608720301,-72.07285156250009
amostra_1566_2769.13.csv,2769.13,2731.5588,37.57116210937511,1.3567857814322588,37.57116210937511
amostra_1571_1354.33.csv,1354.33,1316.8033,37.52665527343743,2.770864949712214,37.52665527343743
amostra_1572_3161.48.csv,3161.48,3155.0752,6.404804687500018,0.20258880927603584,6.404804687500018
amostra_1573_1684.04.csv,1684.04,1636.602,47.437949218749964,2.8169134473498234,47.437949218749964
amostra_1574_2089.21.csv,2089.21,2223.699,134.48897460937496,6.437312410402734,-134.48897460937496
amostra_1580_1819.29.csv,1819.29,2055.5828,236.29276367187504,12.988185702767291,-236.29276367187504
amostra_1581_3021.42.csv,3021.42,3048.833,27.413007812499927,0.9072888844483696,-27.413007812499927
amostra_1587_2349.70.csv,2349.7,2506.6953,156.99531250000018,6.681504553772831,-156.99531250000018
amostra_1592_2971.58.csv,2971.58,3059.2915,87.71150390625007,2.9516790362786827,-87.71150390625007
amostra_1598_2434.44.csv,2434.44,2594.3386,159.89862304687495,6.568189113179004,-159.89862304687495
amostra_1601_1190.31.csv,1190.31,1341.5342,151.22417968750005,12.704604656560061,-151.22417968750005
amostra_1604_2623.33.csv,2623.33,2557.8389,65.49113281249993,2.4964885398520176,65.49113281249993
amostra_1607_3157.41.csv,3157.41,3323.0112,165.60123046875015,5.244844048405185,-165.60123046875015
amostra_1612_2408.77.csv,2408.77,2401.4688,7.301249999999982,0.30311113140731505,7.301249999999982
amostra_1617_2174.71.csv,2174.71,2358.8494,184.13936523437496,8.467306686150106,-184.13936523437496
amostra_1620_1636.98.csv,1636.98,1724.3643,87.38425781249998,5.3381383897481935,-87.38425781249998
amostra_1622_2135.48.csv,2135.48,2065.7666,69.71339843750002,3.2645306178236284,69.71339843750002
amostra_1627_2574.51.csv,2574.51,2589.4792,14.969248046874782,0.5814406643157254,-14.969248046874782
amostra_1633_2233.30.csv,2233.3,2488.244,254.94389648437482,11.415568731669493,-254.94389648437482
amostra_1639_2375.25.csv,2375.25,2417.1858,41.935791015625,1.7655316710083149,-41.935791015625
amostra_1642_2904.72.csv,2904.72,2954.6511,49.9311230468752,1.7189650997987829,-49.9311230468752
amostra_1646_2192.80.csv,2192.8,2146.4438,46.35615234375018,2.114016433042237,46.35615234375018
amostra_1656_2141.66.csv,2141.66,2303.3562,161.69620117187515,7.550040677412621,-161.69620117187515
amostra_1658_3235.27.csv,3235.27,3325.1462,89.87624023437502,2.7780135888001625,-89.87624023437502
amostra_1673_2736.62.csv,2736.62,2849.2485,112.62853515625011,4.115607397309459,-112.62853515625011
amostra_1688_2127.31.csv,2127.31,2246.055,118.74493164062505,5.581928898027324,-118.74493164062505
amostra_1690_2805.25.csv,2805.25,3069.3428,264.0927734375,9.41423307860262,-264.0927734375
amostra_1691_3474.59.csv,3474.59,3497.21,22.619960937499854,0.651010937621413,-22.619960937499854
amostra_1697_3482.73.csv,3482.73,3522.0522,39.32224609374998,1.1290638692563013,-39.32224609374998
amostra_1700_3049.48.csv,3049.48,3105.3801,55.90012695312498,1.8331035767778434,-55.90012695312498
amostra_1705_3582.42.csv,3582.42,3761.88,179.45988281249993,5.009459605866982,-179.45988281249993
amostra_1706_2549.24.csv,2549.24,2584.3542,35.11424804687522,1.377439866268975,-35.11424804687522
amostra_1715_1372.31.csv,1372.31,1563.2747,190.96465820312505,13.915562679214249,-190.96465820312505
amostra_1716_2724.14.csv,2724.14,2955.4968,231.35682617187513,8.492839067444226,-231.35682617187513
amostra_1721_2815.36.csv,2815.36,3025.9138,210.55381835937487,7.478752925358564,-210.55381835937487
amostra_1729_2529.83.csv,2529.83,2740.5427,210.71272460937507,8.329125854676997,-210.71272460937507
amostra_1731_1631.07.csv,1631.07,1591.9557,39.114311523437436,2.398076816043299,39.114311523437436
amostra_1733_3015.77.csv,3015.77,2862.4556,153.31443359374998,5.083757501193724,153.31443359374998
amostra_1744_3278.53.csv,3278.53,3421.6726,143.1426074218748,4.366060625398419,-143.1426074218748
amostra_1747_2542.28.csv,2542.28,2775.01,232.7300097656248,9.154381490851707,-232.7300097656248
amostra_1753_1687.09.csv,1687.09,1722.6621,35.57210937500008,2.1084891366198653,-35.57210937500008
amostra_1759_3139.57.csv,3139.57,3145.4888,5.918769531249836,0.18852166160492795,-5.918769531249836
amostra_1760_1533.19.csv,1533.19,1595.3464,62.156435546874945,4.0540595455798005,-62.156435546874945
amostra_1767_1843.96.csv,1843.96,1956.3568,112.39681152343746,6.095403995934698,-112.39681152343746
amostra_1768_2199.19.csv,2199.19,1996.3026,202.88738769531255,9.22555066616857,202.88738769531255
amostra_1780_1517.79.csv,1517.79,1778.1417,260.35172363281254,17.153342928390128,-260.35172363281254
amostra_1783_1094.42.csv,1094.42,1122.6844,28.264448242187427,2.5825961004173377,-28.264448242187427
amostra_1796_2859.09.csv,2859.09,3070.8242,211.73421874999985,7.405650705294336,-211.73421874999985
amostra_1801_1560.36.csv,1560.36,1844.8011,284.4411474609376,18.22920015002548,-284.4411474609376
amostra_1802_1070.64.csv,1070.64,1140.3319,69.6919091796874,6.50936908575127,-69.6919091796874
amostra_1805_1888.07.csv,1888.07,1962.4803,74.41034667968756,3.9410798688442465,-74.41034667968756
amostra_1825_2008.59.csv,2008.59,2252.448,243.85799804687508,12.140755358080797,-243.85799804687508
amostra_1826_2008.63.csv,2008.63,2100.9365,92.30652343749989,4.595496604028611,-92.30652343749989
amostra_1827_3392.84.csv,3392.84,3419.1921,26.352138671874854,0.7766985378583975,-26.352138671874854
amostra_1828_1472.67.csv,1472.67,1734.9215,262.2515087890624,17.80789374327327,-262.2515087890624
amostra_1832_1610.42.csv,1610.42,1835.3779,224.95792968749993,13.96889815622632,-224.95792968749993
amostra_1837_2881.53.csv,2881.53,3017.6868,136.1567675781248,4.725155302152842,-136.1567675781248
amostra_1850_3941.27.csv,3941.27,3995.062,53.79201171875002,1.3648395496565833,-53.79201171875002
amostra_1862_1957.93.csv,1957.93,2117.2947,159.36467773437494,8.139447157680557,-159.36467773437494
amostra_1866_1236.61.csv,1236.61,1368.1611,131.5511328125001,10.638045366971003,-131.5511328125001
amostra_1878_2418.91.csv,2418.91,2529.3098,110.39981445312515,4.564031503988373,-110.39981445312515
amostra_1884_1602.94.csv,1602.94,1702.6349,99.69488769531245,6.219502145764186,-99.69488769531245
amostra_1897_3370.35.csv,3370.35,3282.4912,87.85878906249991,2.6068149913955496,87.85878906249991
amostra_1899_2422.12.csv,2422.12,2462.1848,40.06481445312511,1.6541217798096344,-40.06481445312511
amostra_1903_1994.39.csv,1994.39,2121.789,127.3990624999999,6.387871103445159,-127.3990624999999
amostra_1907_2544.06.csv,2544.06,2544.7974,0.7373632812500546,0.028983722131162574,-0.7373632812500546
amostra_1919_1988.78.csv,1988.78,2215.145,226.36501953125003,11.382104583274673,-226.36501953125003
amostra_1920_1949.22.csv,1949.22,2003.4894,54.26937988281247,2.784158785709795,-54.26937988281247
amostra_1923_2249.94.csv,2249.94,2094.613,155.32696289062505,6.903604669041178,155.32696289062505
amostra_1924_1500.20.csv,1500.2,1480.0652,20.134814453125045,1.3421420112734999,20.134814453125045
amostra_1925_2636.71.csv,2636.71,2705.1763,68.46626953124996,2.5966552837153105,-68.46626953124996
amostra_1927_1633.32.csv,1633.32,1682.1321,48.812080078125064,2.988519094734961,-48.812080078125064
amostra_1933_2082.87.csv,2082.87,2124.9163,42.04625976562511,2.0186694208291978,-42.04625976562511
amostra_1939_2528.13.csv,2528.13,2571.6125,43.48254882812489,1.7199490860092197,-43.48254882812489
amostra_1941_2601.92.csv,2601.92,2603.4055,1.4855175781249272,0.057093130385443336,-1.4855175781249272
amostra_1948_3000.46.csv,3000.46,3046.6843,46.224326171874964,1.5405746509493532,-46.224326171874964
amostra_1957_3039.74.csv,3039.74,2992.0396,47.70044921874978,1.5692279345848585,47.70044921874978
amostra_1962_4000.72.csv,4000.72,4119.313,118.5929882812502,2.964291134627022,-118.5929882812502
amostra_1963_2776.96.csv,2776.96,2836.477,59.517050781249964,2.1432447993939405,-59.517050781249964
amostra_1966_2069.99.csv,2069.99,2181.9436,111.95360351562522,5.408412770864846,-111.95360351562522
amostra_1970_1147.49.csv,1147.49,1362.821,215.331044921875,18.765396205794822,-215.331044921875
amostra_1972_3448.22.csv,3448.22,3718.157,269.9369824218752,7.828299308683182,-269.9369824218752
amostra_1977_3541.04.csv,3541.04,3567.5554,26.515419921875036,0.7488031742616587,-26.515419921875036
amostra_1980_3520.09.csv,3520.09,3596.2258,76.13583007812485,2.1628944168508433,-76.13583007812485
amostra_1982_2717.19.csv,2717.19,2611.9314,105.25860351562505,3.873803580744264,105.25860351562505
amostra_1983_1591.13.csv,1591.13,1825.631,234.5009814453124,14.73801521216446,-234.5009814453124
amostra_1986_3632.20.csv,3632.2,3627.2043,4.995654296874818,0.1375379741444529,4.995654296874818
amostra_1993_2083.20.csv,2083.2,2084.7644,1.564404296875182,0.07509621240760282,-1.564404296875182
amostra_1997_1979.56.csv,1979.56,2045.6451,66.08514160156255,3.3383752753926403,-66.08514160156255
amostra_2001_2235.08.csv,2235.08,2386.9478,151.86775390625007,6.79473459143521,-151.86775390625007
amostra_2017_1732.39.csv,1732.39,1827.778,95.3879541015624,5.506147813226952,-95.3879541015624
amostra_2024_1246.16.csv,1246.16,1212.7833,33.37667480468758,2.67836191216919,33.37667480468758
amostra_2028_2437.73.csv,2437.73,2345.113,92.61696289062502,3.7993117732737023,92.61696289062502
amostra_2030_1599.59.csv,1599.59,1724.0947,124.50472656250008,7.7835399422664615,-124.50472656250008
amostra_2031_3696.09.csv,3696.09,3747.2656,51.175624999999854,1.384588172907041,-51.175624999999854
amostra_2036_2054.16.csv,2054.16,2186.027,131.86709960937515,6.4195145270755525,-131.86709960937515
amostra_2047_3471.49.csv,3471.49,3632.6973,161.20726562500022,4.643748523688682,-161.20726562500022
amostra_2051_2007.32.csv,2007.32,1931.694,75.62603027343744,3.7675124182211825,75.62603027343744
amostra_2053_2890.40.csv,2890.4,2776.6233,113.77670898437509,3.9363655198026253,113.77670898437509
amostra_2060_2166.08.csv,2166.08,2398.936,232.85603515625007,10.750112422267417,-232.85603515625007
amostra_2073_3617.01.csv,3617.01,3717.9873,100.97730468749978,2.7917341861786333,-100.97730468749978
amostra_2083_2696.74.csv,2696.74,2705.4326,8.692617187500218,0.3223379779845376,-8.692617187500218
amostra_2084_1465.02.csv,1465.02,1345.9368,119.08323242187498,8.128437319755019,119.08323242187498
amostra_2088_2330.42.csv,2330.42,2300.0369,30.383134765625073,1.3037621873149507,30.383134765625073
amostra_2094_2834.90.csv,2834.9,2839.6448,4.744775390624909,0.16737011501728136,-4.744775390624909
amostra_2095_3029.50.csv,3029.5,3054.0957,24.595703125,0.8118733495626341,-24.595703125
amostra_2097_2276.64.csv,2276.64,2425.251,148.61097656250013,6.5276449751607695,-148.61097656250013
amostra_2099_1972.16.csv,1972.16,2079.96,107.79996093749992,5.466085963486731,-107.79996093749992
amostra_2107_3146.28.csv,3146.28,3245.756,99.4761035156248,3.161705363655644,-99.4761035156248
amostra_2110_2588.75.csv,2588.75,2765.3003,176.55029296875,6.819905088121681,-176.55029296875
amostra_2115_1299.57.csv,1299.57,1413.1227,113.55268066406256,8.737711755739404,-113.55268066406256
amostra_2120_4344.97.csv,4344.97,4348.604,3.6340039062497453,0.08363703100941422,-3.6340039062497453
amostra_2121_3115.09.csv,3115.09,3137.26,22.170009765624854,0.7116972468090762,-22.170009765624854
amostra_2128_2436.68.csv,2436.68,2360.0286,76.65143554687484,3.145732535535025,76.65143554687484
amostra_2129_3251.12.csv,3251.12,3290.7935,39.67345703125011,1.2203012202333383,-39.67345703125011
amostra_2140_2178.44.csv,2178.44,2298.0598,119.61981445312495,5.491076846418765,-119.61981445312495
amostra_2147_2182.32.csv,2182.32,2341.4639,159.14386718749984,7.292416656929316,-159.14386718749984
amostra_2151_1884.05.csv,1884.05,1886.0801,2.0300781250000455,0.1077507563493562,-2.0300781250000455
amostra_2156_3197.65.csv,3197.65,3270.142,72.49208984374991,2.2670426670758186,-72.49208984374991
amostra_2159_1465.23.csv,1465.23,1598.5419,133.31187011718748,9.098357944977067,-133.31187011718748
amostra_2160_2114.10.csv,2114.1,2343.244,229.1438964843751,10.838839056069965,-229.1438964843751
amostra_2164_2761.54.csv,2761.54,2884.784,123.24393554687504,4.462869831574956,-123.24393554687504
amostra_2172_1859.55.csv,1859.55,2082.087,222.53691406250005,11.967245519749405,-222.53691406250005
amostra_2178_2651.29.csv,2651.29,2587.446,63.843955078124964,2.4080336394028934,63.843955078124964
amostra_2193_1351.73.csv,1351.73,1489.7417,138.01169921874998,10.210004898814852,-138.01169921874998
amostra_2194_2937.41.csv,2937.41,3021.7195,84.30948242187515,2.870197977874221,-84.30948242187515
amostra_2195_3193.36.csv,3193.36,3138.17,55.19007812500013,1.7282761143435168,55.19007812500013
amostra_2204_1887.08.csv,1887.08,2076.833,189.75300781250007,10.055376974611574,-189.75300781250007
amostra_2207_3462.41.csv,3462.41,3498.5999,36.189853515625146,1.0452214935731226,-36.189853515625146
amostra_2208_2658.11.csv,2658.11,2787.5925,129.48252929687487,4.871225393112959,-129.48252929687487
amostra_2210_2060.97.csv,2060.97,2042.9479,18.0221240234373,0.8744486345476791,18.0221240234373
amostra_2213_2896.55.csv,2896.55,2979.822,83.27202148437482,2.874869119620749,-83.27202148437482
amostra_2218_2422.70.csv,2422.7,2675.167,252.46699218750018,10.420893721364601,-252.46699218750018
amostra_2221_3329.26.csv,3329.26,3554.6042,225.34424804687478,6.768598668979736,-225.34424804687478
amostra_2225_1297.78.csv,1297.78,1490.2151,192.43508789062503,14.828020765509178,-192.43508789062503
amostra_2228_1310.03.csv,1310.03,1444.8319,134.80190917968753,10.289986426241194,-134.80190917968753
amostra_2230_3486.69.csv,3486.69,3541.9534,55.263369140624945,1.5849808598018447,-55.263369140624945
amostra_2232_3806.67.csv,3806.67,3917.1113,110.44132812499993,2.9012582683815493,-110.44132812499993
amostra_2242_1377.44.csv,1377.44,1575.6116,198.17157226562495,14.38694769032589,-198.17157226562495
amostra_2246_2072.89.csv,2072.89,2140.3804,67.49037109375013,3.255858781399405,-67.49037109375013
amostra_2254_1879.69.csv,1879.69,1880.6594,0.9694238281249454,0.051573601398365976,-0.9694238281249454
amostra_2255_2231.29.csv,2231.29,2462.514,231.22391601562504,10.362790852628974,-231.22391601562504
amostra_2261_3286.80.csv,3286.8,3449.7222,162.92216796874982,4.9568628443698985,-162.92216796874982
amostra_2264_1257.38.csv,1257.38,1405.8834,148.5034228515624,11.810544374140067,-148.5034228515624
amostra_2278_2386.39.csv,2386.39,2591.839,205.44911132812513,8.609200982577246,-205.44911132812513
amostra_2279_2825.71.csv,2825.71,2895.9553,70.24532226562496,2.485935296460888,-70.24532226562496
amostra_2281_1665.99.csv,1665.99,1748.9655,82.97545410156249,4.980549349129496,-82.97545410156249
amostra_2291_3662.89.csv,3662.89,3864.691,201.80091796875013,5.509336015243432,-201.80091796875013
amostra_2293_3114.00.csv,3114.0,3280.3025,166.302490234375,5.340478170660726,-166.302490234375
amostra_2300_2285.80.csv,2285.8,2351.213,65.41289062499982,2.861706650844335,-65.41289062499982
amostra_2304_1832.34.csv,1832.34,2034.6201,202.28011718750008,11.039442308059645,-202.28011718750008
amostra_2307_2240.28.csv,2240.28,2335.5315,95.2514941406248,4.251767374641776,-95.2514941406248
amostra_2312_2320.95.csv,2320.95,2153.683,167.26689453124982,7.206828864527449,167.26689453124982
amostra_2320_2481.48.csv,2481.48,2621.5425,140.06248046874998,5.644312284150989,-140.06248046874998
amostra_2321_2167.83.csv,2167.83,2171.4094,3.5794238281250728,0.1651155223483886,-3.5794238281250728
amostra_2324_4069.69.csv,4069.69,4087.9324,18.242373046874945,0.4482496958459968,-18.242373046874945
amostra_2336_2451.85.csv,2451.85,2615.5757,163.7256835937501,6.6776386644268655,-163.7256835937501
amostra_2338_3181.07.csv,3181.07,3162.8943,18.175712890625164,0.5713710446681514,18.175712890625164
amostra_2340_3217.09.csv,3217.09,3447.2983,230.20833984374985,7.155794206682121,-230.20833984374985
amostra_2343_2744.37.csv,2744.37,2794.6885,50.31847656250011,1.83351649240081,-50.31847656250011
amostra_2354_2229.70.csv,2229.7,2475.4792,245.77924804687518,11.022973855087017,-245.77924804687518
amostra_2361_1392.40.csv,1392.4,1421.6315,29.23146972656241,2.099358641666361,-29.23146972656241
amostra_2367_1424.40.csv,1424.4,1494.3876,69.98757324218741,4.913477481198217,-69.98757324218741
amostra_2369_2248.64.csv,2248.64,2491.3533,242.71327148437513,10.793780751226304,-242.71327148437513
amostra_2373_2865.89.csv,2865.89,3021.653,155.76307617187513,5.435068204706919,-155.76307617187513
amostra_2376_2020.00.csv,2020.0,2201.2585,181.258544921875,8.973195293162128,-181.258544921875
amostra_2378_2114.79.csv,2114.79,2184.1545,69.36454101562504,3.2799730004220295,-69.36454101562504
amostra_2381_1658.15.csv,1658.15,1803.8596,145.7096191406249,8.787481177253257,-145.7096191406249
amostra_2385_1935.80.csv,1935.8,1826.1948,109.60517578124995,5.662009287181008,109.60517578124995
amostra_2399_2420.47.csv,2420.47,2478.838,58.3678906250002,2.411427971633617,-58.3678906250002
amostra_2402_2917.45.csv,2917.45,2842.9028,74.54716796874982,2.555216643601427,74.54716796874982
amostra_2419_1652.45.csv,1652.45,1711.631,59.180981445312455,3.5814082995135985,-59.180981445312455
amostra_2421_2433.26.csv,2433.26,2446.3574,13.097421874999782,0.5382664357692881,-13.097421874999782
amostra_2423_2526.70.csv,2526.7,2553.9243,27.224316406250182,1.0774653265623217,-27.224316406250182
amostra_2439_2900.33.csv,2900.33,3016.7036,116.37361328125007,4.012426630116231,-116.37361328125007
amostra_2441_1412.54.csv,1412.54,1502.4403,89.90030761718754,6.36444331609636,-89.90030761718754
amostra_2444_1998.82.csv,1998.82,1994.834,3.9860156249999363,0.19941843812849264,3.9860156249999363
amostra_2446_2017.10.csv,2017.1,2276.5083,259.4083007812501,12.860458122118393,-259.4083007812501
amostra_2449_1929.63.csv,1929.63,2155.6895,226.0594531249999,11.715170945984458,-226.0594531249999
amostra_2453_2835.06.csv,2835.06,2764.7236,70.33636718749995,2.480948099422938,70.33636718749995
amostra_2455_1946.01.csv,1946.01,2020.014,74.00403808593751,3.802860113048623,-74.00403808593751
amostra_2464_1559.84.csv,1559.84,1447.5455,112.29446777343742,7.19910168821401,112.29446777343742
amostra_2468_2582.14.csv,2582.14,2678.5342,96.39417968750013,3.7331120577311894,-96.39417968750013
amostra_2470_2483.26.csv,2483.26,2555.1628,71.90284179687478,2.8955019529519572,-71.90284179687478
amostra_2472_1989.29.csv,1989.29,1942.3419,46.948081054687464,2.3600420780623974,46.948081054687464
amostra_2479_2112.39.csv,2112.39,2212.4084,100.01844726562513,4.7348476022716035,-100.01844726562513
amostra_2482_2115.07.csv,2115.07,2120.1519,5.081855468749836,0.2402689021521669,-5.081855468749836
amostra_2494_2259.75.csv,2259.75,2335.1794,75.429443359375,3.3379552321882953,-75.429443359375
amostra_2503_1193.68.csv,1193.68,1369.2823,175.60234863281244,14.711007023055798,-175.60234863281244
amostra_2517_2685.05.csv,2685.05,2608.4749,76.57514648437518,2.8519076547690054,76.57514648437518
amostra_2521_3399.92.csv,3399.92,3571.095,171.17497070312493,5.034676424831317,-171.17497070312493
amostra_2522_3230.65.csv,3230.65,3447.7466,217.0965820312499,6.719904106952159,-217.0965820312499
amostra_2525_1785.06.csv,1785.06,1772.5579,12.502138671874945,0.7003763835319231,12.502138671874945
amostra_2534_1549.97.csv,1549.97,1658.0193,108.04928710937497,6.971056672669469,-108.04928710937497
amostra_2536_1800.38.csv,1800.38,1896.0027,95.62268554687489,5.311250155349142,-95.62268554687489
amostra_2547_3758.92.csv,3758.92,3745.8564,13.063554687500073,0.3475347889154351,13.063554687500073
amostra_2548_1479.13.csv,1479.13,1554.129,74.99902832031239,5.070482535024804,-74.99902832031239
amostra_2555_3202.35.csv,3202.35,3360.5522,158.2022460937501,4.940192236755823,-158.2022460937501
amostra_2558_2507.84.csv,2507.84,2810.529,302.68905273437485,12.069711494129404,-302.68905273437485
amostra_2563_1423.35.csv,1423.35,1633.6757,210.3256591796876,14.776805366191562,-210.3256591796876
amostra_2569_2164.82.csv,2164.82,2140.2073,24.612724609375164,1.1369409285471845,24.612724609375164
amostra_2572_2148.13.csv,2148.13,2186.9446,38.81458007812489,1.8069008895236736,-38.81458007812489
amostra_2574_1803.00.csv,1803.0,2103.2432,300.2431640625,16.65242174500832,-300.2431640625
amostra_2587_2115.94.csv,2115.94,2146.185,30.245058593749945,1.4293911261070704,-30.245058593749945
amostra_2589_3859.74.csv,3859.74,3917.9343,58.19432617187522,1.5077265870725804,-58.19432617187522
amostra_2591_3916.68.csv,3916.68,3988.8674,72.18743164062516,1.8430770867322623,-72.18743164062516
amostra_2596_1757.03.csv,1757.03,1906.933,149.90298339843753,8.531612061173545,-149.90298339843753
amostra_2606_3363.29.csv,3363.29,3398.0708,34.780800781250036,1.0341302944810002,-34.780800781250036
amostra_2608_4434.93.csv,4434.93,4617.4873,182.5573046874997,4.116351434802797,-182.5573046874997
amostra_2613_1444.45.csv,1444.45,1607.4991,163.04914550781245,11.287974350639514,-163.04914550781245
amostra_2620_2063.37.csv,2063.37,2210.5369,147.1668652343751,7.132354606026797,-147.1668652343751
amostra_2622_3957.91.csv,3957.91,4023.22,65.30997070312515,1.650112577171415,-65.30997070312515
amostra_2628_3378.36.csv,3378.36,3367.9023,10.457656250000127,0.3095483089428044,10.457656250000127
amostra_2633_2222.69.csv,2222.69,2425.707,203.01703124999995,9.133843732144381,-203.01703124999995
amostra_2634_2462.42.csv,2462.42,2537.1384,74.71842773437493,3.0343494503120882,-74.71842773437493
amostra_2643_2712.22.csv,2712.22,2857.9573,145.7372753906252,5.3733574485338655,-145.7372753906252
amostra_2650_2176.91.csv,2176.91,2301.568,124.65811523437515,5.726378914809302,-124.65811523437515
amostra_2656_2779.05.csv,2779.05,2942.436,163.38603515624982,5.879204589922808,-163.38603515624982
amostra_2659_2440.21.csv,2440.21,2733.0442,292.83418945312496,12.000368388504471,-292.83418945312496
amostra_2661_1294.43.csv,1294.43,1372.0219,77.59185058593744,5.994287105980041,-77.59185058593744
amostra_2662_1464.23.csv,1464.23,1727.1948,262.96482421875,17.959256689095973,-262.96482421875
amostra_2672_1844.89.csv,1844.89,2069.3767,224.4867089843749,12.168026764976497,-224.4867089843749
amostra_2680_2441.15.csv,2441.15,2533.008,91.85805664062491,3.762900954084137,-91.85805664062491
amostra_2682_2493.40.csv,2493.4,2719.1787,225.7787109374999,9.055053779477817,-225.7787109374999
amostra_2697_2694.46.csv,2694.46,2836.3523,141.89229492187496,5.266075388830228,-141.89229492187496
amostra_2700_2112.60.csv,2112.6,2099.2417,13.358300781249909,0.6323156670098414,13.358300781249909
amostra_2703_2052.74.csv,2052.74,2262.343,209.60301757812522,10.2108897170672,-209.60301757812522
amostra_2704_892.18.csv,892.18,1091.5144,199.33440429687505,22.342397755707935,-199.33440429687505
amostra_2714_2825.55.csv,2825.55,2806.1,19.449902343750182,0.6883581017412603,19.449902343750182
amostra_2725_3081.21.csv,3081.21,3300.6904,219.48042968749996,7.1231895809600765,-219.48042968749996
amostra_2736_2615.97.csv,2615.97,2700.8315,84.8615429687502,3.243979975640019,-84.8615429687502
amostra_2737_1663.64.csv,1663.64,1623.1914,40.4485937500001,2.4313309219542747,40.4485937500001
amostra_2738_2052.98.csv,2052.98,2095.695,42.71506835937498,2.0806373349655125,-42.71506835937498
amostra_2739_2103.45.csv,2103.45,2202.7698,99.31977539062518,4.721755943360916,-99.31977539062518
amostra_2754_2011.35.csv,2011.35,1942.6642,68.68581542968741,3.4149111507041243,68.68581542968741
amostra_2761_3760.98.csv,3760.98,3938.9514,177.97141601562498,4.732048987647501,-177.97141601562498
amostra_2765_1997.92.csv,1997.92,2249.4336,251.51359374999993,12.588772010390803,-251.51359374999993
amostra_2766_1406.36.csv,1406.36,1598.8796,192.5196386718751,13.689214615878944,-192.5196386718751
amostra_2769_2821.83.csv,2821.83,2909.6355,87.80549804687507,3.111650880700647,-87.80549804687507
amostra_2773_2013.48.csv,2013.48,2201.3608,187.88083984374998,9.331150040911753,-187.88083984374998
amostra_2775_2470.92.csv,2470.92,2633.2122,162.29215820312493,6.568086308060354,-162.29215820312493
amostra_2776_2688.93.csv,2688.93,2651.8833,37.046699218749836,1.377748740902509,37.046699218749836
amostra_2785_2435.57.csv,2435.57,2599.0767,163.50666015624984,6.713281086408923,-163.50666015624984
amostra_2787_2991.89.csv,2991.89,3024.7192,32.82923828125013,1.0972742407391358,-32.82923828125013
amostra_2788_2065.12.csv,2065.12,1983.1732,81.94678222656239,3.9681365841482528,81.94678222656239
amostra_2793_2264.38.csv,2264.38,2422.3386,157.9586230468749,6.975800132790207,-157.9586230468749
amostra_2796_2354.82.csv,2354.82,2401.8157,46.995673828124836,1.995722553236546,-46.995673828124836
amostra_2799_3014.73.csv,3014.73,2965.8098,48.92018554687502,1.622705368204616,48.92018554687502
amostra_2808_1266.49.csv,1266.49,1391.9524,125.46239257812499,9.90630739904184,-125.46239257812499
amostra_2837_3494.82.csv,3494.82,3566.7576,71.93756835937484,2.058405536175678,-71.93756835937484
amostra_2840_3647.46.csv,3647.46,3612.9187,34.541298828125036,0.9469959596027108,34.541298828125036
amostra_2843_2235.22.csv,2235.22,2313.8347,78.6147167968752,3.517090791818041,-78.6147167968752
amostra_2860_3387.17.csv,3387.17,3471.977,84.80705078124993,2.5037730843521264,-84.80705078124993
amostra_2862_1586.90.csv,1586.9,1694.7604,107.86037597656241,6.796923308120386,-107.86037597656241
amostra_2866_3272.68.csv,3272.68,3349.6921,77.01213867187516,2.353182672057004,-77.01213867187516
amostra_2867_1332.94.csv,1332.94,1445.7482,112.80816894531245,8.463109288138435,-112.80816894531245
amostra_2871_2855.43.csv,2855.43,2903.3347,47.904716796875164,1.677670851566145,-47.904716796875164
amostra_2873_1394.39.csv,1394.39,1616.9578,222.5677636718749,15.961658049173824,-222.5677636718749
amostra_2891_2465.87.csv,2465.87,2422.801,43.06897460937489,1.746603616953647,43.06897460937489
amostra_2902_1281.85.csv,1281.85,1488.3833,206.5333007812501,16.112127064886693,-206.5333007812501
amostra_2904_1699.37.csv,1699.37,1984.2424,284.8724316406251,16.763414185293676,-284.8724316406251
amostra_2917_2392.96.csv,2392.96,2558.7349,165.77486328124996,6.9276069504400395,-165.77486328124996
amostra_2920_2382.91.csv,2382.91,2319.5173,63.392666015624854,2.6603046701564415,63.392666015624854
amostra_2923_2763.29.csv,2763.29,2657.1897,106.10030273437496,3.8396369086985063,106.10030273437496
amostra_2929_2268.45.csv,2268.45,2345.946,77.49604492187518,3.416255369167281,-77.49604492187518
amostra_2932_2407.79.csv,2407.79,2446.6282,38.838173828125036,1.6130216434209395,-38.838173828125036
amostra_2934_1865.96.csv,1865.96,2148.2544,282.29439453124996,15.128641264081221,-282.29439453124996
amostra_2938_2284.18.csv,2284.18,2367.6958,83.51580078125016,3.656270555790269,-83.51580078125016
amostra_2944_2746.23.csv,2746.23,2849.5515,103.32151367187498,3.762303728088142,-103.32151367187498
amostra_2958_2813.13.csv,2813.13,2951.7102,138.5802050781249,4.926192713387753,-138.5802050781249
amostra_2963_2574.43.csv,2574.43,2586.9597,12.529716796875164,0.48669867880949047,-12.529716796875164
amostra_2969_2051.49.csv,2051.49,1912.0312,139.45874999999978,6.797924922860934,139.45874999999978
amostra_2982_2524.13.csv,2524.13,2706.0928,181.9627734374999,7.20893034184055,-181.9627734374999
amostra_2983_2173.29.csv,2173.29,2284.2063,110.91629882812504,5.103612441419463,-110.91629882812504
amostra_2987_3191.61.csv,3191.61,3365.5369,173.92686523437487,5.449502452817696,-173.92686523437487
amostra_2993_3843.76.csv,3843.76,3887.1511,43.39112304687478,1.1288718090326861,-43.39112304687478
amostra_2995_1591.14.csv,1591.14,1628.2827,37.1427148437499,2.334346119370382,-37.1427148437499
amostra_2999_1967.09.csv,1967.09,2099.9756,132.88558593750008,6.755440063113538,-132.88558593750008
amostra_3001_1530.72.csv,1530.72,1498.9146,31.805449218750027,2.077809737819459,31.805449218750027
amostra_3005_1578.20.csv,1578.2,1687.8599,109.65986328124995,6.948413590245213,-109.65986328124995
amostra_3010_2817.11.csv,2817.11,2798.4,18.710097656250127,0.6641592858017659,18.710097656250127
amostra_3022_2479.36.csv,2479.36,2640.8896,161.52964843749987,6.5149735592047895,-161.52964843749987
amostra_3024_2410.60.csv,2410.6,2322.3845,88.21547851562491,3.659482224990663,88.21547851562491
amostra_3027_2114.43.csv,2114.43,2020.1615,94.26850097656234,4.458341064805283,94.26850097656234
amostra_3028_2844.56.csv,2844.56,2718.9058,125.65423828124995,4.417352359635583,125.65423828124995
amostra_3036_2742.75.csv,2742.75,2811.285,68.534912109375,2.498766278712059,-68.534912109375
amostra_3045_3573.42.csv,3573.42,3699.0098,125.58976562499993,3.5145537223444183,-125.58976562499993
amostra_3048_1724.05.csv,1724.05,1949.9055,225.85551757812505,13.100288134226098,-225.85551757812505
amostra_3049_2218.64.csv,2218.64,2281.4023,62.76234375000013,2.828865600097363,-62.76234375000013
amostra_3050_1371.18.csv,1371.18,1706.6156,335.43560058593744,24.46327984552994,-335.43560058593744
amostra_3054_2879.42.csv,2879.42,3117.4714,238.05143554687493,8.267339795753136,-238.05143554687493
amostra_3059_2125.25.csv,2125.25,2292.3628,167.11279296875,7.863206350723444,-167.11279296875
amostra_3061_1921.12.csv,1921.12,2132.4102,211.2901562500001,10.998279974702264,-211.2901562500001
amostra_3073_914.04.csv,914.04,1156.3242,242.28421875000004,26.5069601713273,-242.28421875000004
amostra_3080_2316.18.csv,2316.18,2320.7617,4.581718750000164,0.19781358745866745,-4.581718750000164
amostra_3083_3645.96.csv,3645.96,3922.8826,276.92256835937496,7.5953265630828355,-276.92256835937496
amostra_3084_2056.98.csv,2056.98,1958.5056,98.47438476562502,4.787328256260393,98.47438476562502
amostra_3100_4646.81.csv,4646.81,4655.053,8.2432226562496,0.17739530250321403,-8.2432226562496
amostra_3103_2917.84.csv,2917.84,3074.4402,156.60018554687485,5.366990155281813,-156.60018554687485
amostra_3105_2007.98.csv,2007.98,2035.0054,27.025371093749982,1.345898419991732,-27.025371093749982
amostra_3118_2247.99.csv,2247.99,2244.566,3.4240820312497817,0.15231749390565713,3.4240820312497817
amostra_3133_2693.98.csv,2693.98,2663.356,30.624042968750018,1.136758363787037,30.624042968750018
amostra_3135_1925.24.csv,1925.24,2042.9615,117.72154785156249,6.114642738129401,-117.72154785156249
amostra_3136_3272.14.csv,3272.14,3169.4106,102.72935546874987,3.1395158968977452,102.72935546874987
amostra_3137_2979.26.csv,2979.26,2964.51,14.749990234375218,0.4950890568253599,14.749990234375218
amostra_3142_2947.88.csv,2947.88,3173.3477,225.4676562499999,7.648467924406688,-225.4676562499999
amostra_3143_965.42.csv,965.42,1074.7562,109.33622558593754,11.325249692976895,-109.33622558593754
amostra_3146_1686.85.csv,1686.85,1512.4233,174.4266601562499,10.340377636200605,174.4266601562499
amostra_3151_2356.63.csv,2356.63,2411.285,54.65491210937489,2.3191978422312745,-54.65491210937489
amostra_3162_2071.06.csv,2071.06,2219.4683,148.40826171875005,7.165811792934538,-148.40826171875005
amostra_3170_4145.60.csv,4145.6,4193.7236,48.123632812499636,1.1608363762181502,-48.123632812499636
amostra_3179_2829.84.csv,2829.84,2938.0398,108.19979492187485,3.8235304795279896,-108.19979492187485
amostra_3181_1779.66.csv,1779.66,1734.3027,45.35726562500008,2.5486478105368486,45.35726562500008
amostra_3183_2214.62.csv,2214.62,2307.4587,92.83874023437511,4.192084431386654,-92.83874023437511
amostra_3184_3612.15.csv,3612.15,3655.827,43.67690429687491,1.2091664049631081,-43.67690429687491
amostra_3188_3336.05.csv,3336.05,3610.7126,274.6626464843748,8.23316936150162,-274.6626464843748
amostra_3190_2923.71.csv,2923.71,2802.6392,121.07083984375004,4.14100029906352,121.07083984375004
amostra_3196_1752.97.csv,1752.97,1905.7783,152.80832031249997,8.717109837162072,-152.80832031249997
amostra_3204_1382.12.csv,1382.12,1483.4363,101.31627929687511,7.330498024547443,-101.31627929687511
amostra_3205_2252.72.csv,2252.72,2330.2576,77.5375683593752,3.441953210313541,-77.5375683593752
amostra_3207_2790.44.csv,2790.44,2990.442,200.00189453124995,7.167396343632185,-200.00189453124995
amostra_3214_2466.20.csv,2466.2,2542.0144,75.81440429687518,3.0741385247293485,-75.81440429687518
amostra_3215_2874.84.csv,2874.84,2802.7817,72.05826171875015,2.5065138135948484,72.05826171875015
amostra_3218_1776.24.csv,1776.24,1820.785,44.54503417968749,2.5078274433459153,-44.54503417968749
amostra_3227_1670.12.csv,1670.12,1851.6666,181.5466259765626,10.870274350140265,-181.5466259765626
amostra_3229_1319.16.csv,1319.16,1438.4573,119.29727539062492,9.043427286350777,-119.29727539062492
amostra_3237_2541.89.csv,2541.89,2603.3862,61.49623046875013,2.41931123961895,-61.49623046875013
amostra_3239_3656.99.csv,3656.99,3679.9045,22.91454101562522,0.6265956706369232,-22.91454101562522
amostra_3241_2784.41.csv,2784.41,2643.4148,140.99520507812485,5.063737203864548,140.99520507812485
amostra_3245_2983.32.csv,2983.32,3026.2327,42.912666015624836,1.438419814690507,-42.912666015624836
amostra_3246_1756.79.csv,1756.79,2011.093,254.30301757812504,14.475436311575377,-254.30301757812504
amostra_3254_2624.11.csv,2624.11,2725.5588,101.44883789062487,3.8660284016533173,-101.44883789062487
amostra_3257_3829.95.csv,3829.95,3831.7622,1.812207031250182,0.0473167281883623,-1.812207031250182
amostra_3261_2404.90.csv,2404.9,2515.2131,110.31313476562491,4.587015458672914,-110.31313476562491
amostra_3268_2256.33.csv,2256.33,2421.5833,165.25325195312507,7.323984166904888,-165.25325195312507
amostra_3269_2192.60.csv,2192.6,2450.1462,257.5462402343751,11.74615708448304,-257.5462402343751
amostra_3280_3005.31.csv,3005.31,3195.1997,189.88970703125005,6.318473203471524,-189.88970703125005
amostra_3284_2222.29.csv,2222.29,2400.0208,177.73075195312504,7.997639909873376,-177.73075195312504
amostra_3293_3077.44.csv,3077.44,3024.7136,52.726376953125055,1.7133194133151273,52.726376953125055
amostra_3303_2917.63.csv,2917.63,3059.8809,142.2508593749999,4.87556199295318,-142.2508593749999
amostra_3309_884.83.csv,884.83,1110.6881,225.85811035156246,25.525593656585155,-225.85811035156246
amostra_3310_2955.90.csv,2955.9,2922.6885,33.21152343750009,1.1235672193748127,33.21152343750009
amostra_3314_2361.83.csv,2361.83,2239.7078,122.12223632812493,5.170661577172147,122.12223632812493
amostra_3315_1539.15.csv,1539.15,1428.2406,110.90939941406259,7.205886327782385,110.90939941406259
amostra_3316_2377.06.csv,2377.06,2459.7888,82.72881835937505,3.4802999654773146,-82.72881835937505
amostra_3332_2232.14.csv,2232.14,2190.8286,41.31138671874987,1.8507524939631865,41.31138671874987
amostra_3335_1743.21.csv,1743.21,1822.695,79.48494628906246,4.559688522269976,-79.48494628906246
amostra_3340_2239.24.csv,2239.24,2330.0205,90.78050781250022,4.054076731949243,-90.78050781250022
amostra_3347_2436.98.csv,2436.98,2343.0713,93.90871093750002,3.853487141359388,93.90871093750002
amostra_3349_2861.91.csv,2861.91,3059.8152,197.90518554687515,6.915143577082268,-197.90518554687515
amostra_3365_1707.81.csv,1707.81,1991.9126,284.10259765625005,16.63549210136081,-284.10259765625005
amostra_3375_1872.27.csv,1872.27,1998.0237,125.75368164062502,6.716642452243801,-125.75368164062502
amostra_3378_1311.33.csv,1311.33,1405.3264,93.99641601562507,7.168021475572517,-93.99641601562507
amostra_3380_1477.50.csv,1477.5,1711.0331,233.5330810546875,15.805961492703046,-233.5330810546875
amostra_3382_2638.91.csv,2638.91,2804.3918,165.48184570312515,6.2708408283391694,-165.48184570312515
amostra_3386_2728.63.csv,2728.63,2868.847,140.2169238281249,5.1387298324846125,-140.2169238281249
amostra_3388_3378.48.csv,3378.48,3307.2942,71.18581054687502,2.107036612526196,71.18581054687502
amostra_3395_1822.45.csv,1822.45,1950.4674,128.01740722656245,7.024467460098354,-128.01740722656245
amostra_3398_3093.23.csv,3093.23,3108.101,14.871074218749982,0.4807619937330874,-14.871074218749982
amostra_3399_2039.14.csv,2039.14,2229.4253,190.2852929687499,9.331644368152746,-190.2852929687499
amostra_3408_1292.68.csv,1292.68,1599.5947,306.91472656249994,23.742513735998074,-306.91472656249994
amostra_3409_2532.19.csv,2532.19,2561.8948,29.704775390624945,1.17308635570889,-29.704775390624945
amostra_3422_2184.90.csv,2184.9,2214.6167,29.71669921874991,1.3600942477344458,-29.71669921874991
amostra_3424_1457.07.csv,1457.07,1539.2643,82.19428222656256,5.641066127678325,-82.19428222656256
amostra_3425_3371.38.csv,3371.38,3209.1272,162.2528027343751,4.812652466775478,162.2528027343751
amostra_3428_3315.66.csv,3315.66,3309.3132,6.3467675781248545,0.19141792518306627,6.3467675781248545
amostra_3435_4218.52.csv,4218.52,4295.3213,76.80128906249956,1.8205742550112254,-76.80128906249956
amostra_3438_1328.75.csv,1328.75,1540.8927,212.1427001953125,15.965584210371588,-212.1427001953125
amostra_3441_3512.28.csv,3512.28,3542.7703,30.4902636718748,0.8681045836856628,-30.4902636718748
amostra_3445_2408.85.csv,2408.85,2403.9553,4.894677734374909,0.20319562174377437,4.894677734374909
amostra_3446_3693.42.csv,3693.42,3599.8005,93.61946289062507,2.534763522443293,93.61946289062507
amostra_3458_2832.87.csv,2832.87,3083.567,250.6968945312501,8.84957285478155,-250.6968945312501
amostra_3460_1462.56.csv,1462.56,1586.1115,123.55145019531255,8.44761583766222,-123.55145019531255
amostra_3461_1933.72.csv,1933.72,2036.2461,102.52609374999997,5.302013411972776,-102.52609374999997
amostra_3462_3780.15.csv,3780.15,3756.838,23.31210937500009,0.6166979980953161,23.31210937500009
amostra_3474_2305.96.csv,2305.96,2390.084,84.12398437499996,3.64811117170289,-84.12398437499996
amostra_3479_2336.62.csv,2336.62,2171.8628,164.7572070312499,7.051091192887586,164.7572070312499
amostra_3487_3053.17.csv,3053.17,3107.864,54.69401367187493,1.7913844847117888,-54.69401367187493
amostra_3495_1774.39.csv,1774.39,2001.5634,227.1733544921874,12.802898714047497,-227.1733544921874
amostra_3500_2311.56.csv,2311.56,2613.8037,302.24371093750005,13.07531324895309,-302.24371093750005
amostra_3511_2847.23.csv,2847.23,3053.8958,206.66575195312498,7.258484630785886,-206.66575195312498
amostra_3517_2568.36.csv,2568.36,2385.9941,182.36585937500013,7.100478880491836,182.36585937500013
amostra_3522_3217.76.csv,3217.76,3267.5525,49.79249023437478,1.5474270994224173,-49.79249023437478
amostra_3528_1629.27.csv,1629.27,1718.9395,89.66945312500002,5.503658271802711,-89.66945312500002
amostra_3529_2908.65.csv,2908.65,3024.6694,116.01943359374991,3.9887725781290255,-116.01943359374991
amostra_3532_3481.99.csv,3481.99,3574.4873,92.49730468750022,2.6564494638841647,-92.49730468750022
amostra_3536_2499.28.csv,2499.28,2563.2285,63.9485156249998,2.5586775241269404,-63.9485156249998
amostra_3548_1921.84.csv,1921.84,2016.6815,94.84151855468758,4.934933113822565,-94.84151855468758
amostra_3550_3761.23.csv,3761.23,3894.8254,133.59543945312498,3.551908270781765,-133.59543945312498
amostra_3553_1876.27.csv,1876.27,1860.7827,15.487285156249982,0.8254294507853338,15.487285156249982
amostra_3554_1996.63.csv,1996.63,2159.736,163.1060839843749,8.169069080619588,-163.1060839843749
amostra_3562_1923.39.csv,1923.39,2176.5164,253.1263574218749,13.160428068247985,-253.1263574218749
amostra_3564_3222.79.csv,3222.79,3293.4097,70.61966796875004,2.191258753091267,-70.61966796875004
amostra_3584_3407.55.csv,3407.55,3324.1602,83.38984375000018,2.4472082214494337,83.38984375000018
amostra_3587_1696.56.csv,1696.56,1872.9222,176.36224121093755,10.39528464722365,-176.36224121093755
amostra_3594_2692.35.csv,2692.35,2879.5881,187.2381347656251,6.95445000708025,-187.2381347656251
amostra_3603_1092.67.csv,1092.67,1350.2578,257.5878124999999,23.57416351688981,-257.5878124999999
amostra_3610_2713.38.csv,2713.38,2736.7563,23.37634765624989,0.8615213370869502,-23.37634765624989
amostra_3614_2476.58.csv,2476.58,2658.0994,181.51936523437507,7.329436773065076,-181.51936523437507
amostra_3621_2607.80.csv,2607.8,2696.0383,88.23833007812482,3.383631032982775,-88.23833007812482
amostra_3624_2888.65.csv,2888.65,3004.0913,115.44130859374991,3.9963757670105378,-115.44130859374991
amostra_3625_2015.07.csv,2015.07,1839.176,175.89397460937494,8.728926271016636,175.89397460937494
amostra_3628_1285.60.csv,1285.6,1533.2666,247.6666015625001,19.264670314444626,-247.6666015625001
amostra_3629_3741.86.csv,3741.86,3765.9338,24.073837890624873,0.643365542554368,-24.073837890624873
amostra_3640_3266.30.csv,3266.3,3509.477,243.17705078124982,7.445031098835067,-243.17705078124982
amostra_3642_1444.90.csv,1444.9,1419.377,25.52304687500009,1.766423065610083,25.52304687500009
amostra_3645_2006.96.csv,2006.96,2019.5343,12.574301757812464,0.6265347469711635,-12.574301757812464
amostra_3646_3950.25.csv,3950.25,3963.9807,13.730712890625,0.34759098514334535,-13.730712890625
amostra_3652_2297.58.csv,2297.58,2628.8484,331.2683886718751,14.41814381531329,-331.2683886718751
amostra_3656_2573.69.csv,2573.69,2714.589,140.89911132812495,5.474595282575794,-140.89911132812495
amostra_3663_2251.15.csv,2251.15,2286.9973,35.84731445312491,1.592400082319033,-35.84731445312491
amostra_3668_2644.90.csv,2644.9,2884.8071,239.9071289062499,9.070555745255016,-239.9071289062499
amostra_3676_2823.80.csv,2823.8,3033.6316,209.83159179687482,7.43082342222802,-209.83159179687482
amostra_3679_2792.55.csv,2792.55,2847.504,54.95390624999982,1.967875463286237,-54.95390624999982
amostra_3680_1782.90.csv,1782.9,1793.3651,10.465112304687409,0.586971355919424,-10.465112304687409
amostra_3686_3133.04.csv,3133.04,3248.8,115.76004882812504,3.6948155410759207,-115.76004882812504
amostra_3687_3290.78.csv,3290.78,3534.9731,244.1931445312498,7.420524754959304,-244.1931445312498
amostra_3688_1184.28.csv,1184.28,1207.9247,23.644682617187527,1.9965449570361342,-23.644682617187527
amostra_3693_2662.41.csv,2662.41,2942.4646,280.05459960937515,10.518838180797667,-280.05459960937515
amostra_3699_2332.95.csv,2332.95,2298.3796,34.57036132812482,1.4818303576212444,34.57036132812482
amostra_3701_2027.71.csv,2027.71,2338.9248,311.21480468749996,15.348092413979314,-311.21480468749996
amostra_3702_2103.45.csv,2103.45,2360.9202,257.4701660156252,12.240374908632257,-257.4701660156252
amostra_3704_2656.96.csv,2656.96,2624.5261,32.433876953125036,1.2207137839156417,32.433876953125036
amostra_3705_2428.72.csv,2428.72,2294.5708,134.1491992187498,5.523452650727536,134.1491992187498
amostra_3708_2825.89.csv,2825.89,2843.2993,17.409316406250127,0.6160649001288135,-17.409316406250127
amostra_3709_2859.64.csv,2859.64,2848.8523,10.787705078124873,0.37723997000059006,10.787705078124873
amostra_3710_2199.68.csv,2199.68,2271.4983,71.81829101562516,3.2649426741901175,-71.81829101562516
amostra_3711_2012.17.csv,2012.17,2276.8037,264.6337109374999,13.151657709711401,-264.6337109374999
amostra_3713_3088.02.csv,3088.02,3343.5498,255.52980468750002,8.274875314521928,-255.52980468750002
amostra_3715_2789.98.csv,2789.98,2916.214,126.23411132812498,4.524552553356116,-126.23411132812498
amostra_3717_2723.44.csv,2723.44,2862.1738,138.73382812499995,5.094065891850011,-138.73382812499995
amostra_3726_3665.00.csv,3665.0,3765.4678,100.4677734375,2.741276219304229,-100.4677734375
amostra_3727_2343.67.csv,2343.67,2562.0535,218.38346679687493,9.318012638164713,-218.38346679687493
amostra_3729_1069.34.csv,1069.34,1179.7501,110.41012207031258,10.325071733060822,-110.41012207031258
amostra_3732_2567.82.csv,2567.82,2734.6711,166.85114257812484,6.497774087674557,-166.85114257812484
amostra_3744_2239.85.csv,2239.85,2219.735,20.11489257812491,0.8980464128457223,20.11489257812491
amostra_3750_1240.66.csv,1240.66,1331.4617,90.80166992187492,7.318819815410742,-90.80166992187492
amostra_3755_2152.16.csv,2152.16,2153.4229,1.2628515625001455,0.05867833072355892,-1.2628515625001455
amostra_3756_2042.24.csv,2042.24,2088.7961,46.55614257812499,2.2796606950272738,-46.55614257812499
amostra_3762_2455.62.csv,2455.62,2708.4263,252.8062695312501,10.295007758987552,-252.8062695312501
amostra_3769_1914.71.csv,1914.71,1667.815,246.89505859375004,12.89464506863964,246.89505859375004
amostra_3770_3750.35.csv,3750.35,3723.8872,26.46279296874991,0.7056086223619105,26.46279296874991
amostra_3772_2166.00.csv,2166.0,2346.805,180.804931640625,8.347411433085181,-180.804931640625
amostra_3778_1202.96.csv,1202.96,1388.6566,185.69661621093746,15.436640969852485,-185.69661621093746
amostra_3783_2434.42.csv,2434.42,2603.1753,168.75529296874993,6.932053342017808,-168.75529296874993
amostra_3791_2561.84.csv,2561.84,2496.329,65.51089843750015,2.557181496014589,65.51089843750015
amostra_3801_1979.01.csv,1979.01,2197.334,218.323984375,11.031979847246856,-218.323984375
amostra_3803_3151.51.csv,3151.51,3195.1887,43.67872070312478,1.385961672440347,-43.67872070312478
amostra_3805_1583.26.csv,1583.26,1589.5364,6.276376953125009,0.3964211154911391,-6.276376953125009
amostra_3824_2339.28.csv,2339.28,2449.0935,109.8135058593748,4.694329274792876,-109.8135058593748
amostra_3827_2813.39.csv,2813.39,2845.1697,31.779677734375127,1.1295866458036437,-31.779677734375127
amostra_3835_1651.76.csv,1651.76,1611.4384,40.32164550781249,2.4411322170177563,40.32164550781249
amostra_3838_2358.82.csv,2358.82,2264.4873,94.33269531250016,3.9991476803020216,94.33269531250016
amostra_3840_2241.59.csv,2241.59,2551.6826,310.09261718749985,13.833601023715303,-310.09261718749985
amostra_3841_2960.48.csv,2960.48,3085.1218,124.64182617187498,4.2101897723299935,-124.64182617187498
amostra_3846_2295.50.csv,2295.5,2281.8662,13.6337890625,0.5939354851884121,13.6337890625
amostra_3847_1388.04.csv,1388.04,1415.9427,27.902749023437536,2.0102265801733044,-27.902749023437536
amostra_3860_2557.68.csv,2557.68,2592.0334,34.353447265625164,1.3431487623793894,-34.353447265625164
amostra_3863_3338.50.csv,3338.5,3345.7432,7.2431640625,0.21695863598921672,-7.2431640625
amostra_3864_1506.07.csv,1506.07,1406.9713,99.09868652343744,6.5799522282123295,99.09868652343744
amostra_3866_2896.73.csv,2896.73,2927.006,30.276103515624982,1.0451821024267012,-30.276103515624982
amostra_3872_2341.87.csv,2341.87,2582.5981,240.7281445312501,10.279312879504419,-240.7281445312501
amostra_3873_1576.91.csv,1576.91,1490.6951,86.21493164062508,5.467333686806798,86.21493164062508
amostra_3883_1673.77.csv,1673.77,1970.1946,296.424580078125,17.70999480682083,-296.424580078125
amostra_3884_3165.34.csv,3165.34,3215.5693,50.229335937499854,1.5868543643810729,-50.229335937499854
amostra_3888_2709.52.csv,2709.52,2616.6372,92.88279296874998,3.4280165109964122,92.88279296874998
amostra_3892_2051.41.csv,2051.41,2140.9243,89.51431640625015,4.363550748326768,-89.51431640625015
amostra_3893_3187.76.csv,3187.76,3186.4575,1.3024804687502183,0.040858799556748884,1.3024804687502183
amostra_3898_2372.16.csv,2372.16,2454.2866,82.12662109375015,3.462102939673131,-82.12662109375015
amostra_3903_2863.69.csv,2863.69,2993.4946,129.80462890624995,4.532775157445461,-129.80462890624995
amostra_3906_2528.56.csv,2528.56,2625.3247,96.76470703125005,3.826870117033017,-96.76470703125005
amostra_3907_3098.52.csv,3098.52,3104.6423,6.122333984375018,0.19758897745940054,-6.122333984375018
amostra_3910_2741.80.csv,2741.8,2749.1958,7.395800781249818,0.26974253341782106,-7.395800781249818
amostra_3920_3233.44.csv,3233.44,3404.236,170.79608398437495,5.282178855472034,-170.79608398437495
amostra_3923_948.75.csv,948.75,1156.2296,207.4796142578125,21.868734045619238,-207.4796142578125
amostra_3928_2731.07.csv,2731.07,2741.482,10.411933593749836,0.3812400851589244,-10.411933593749836
amostra_3930_1930.25.csv,1930.25,2008.7125,78.4625244140625,4.064889232693305,-78.4625244140625
amostra_3941_1871.71.csv,1871.71,1756.3396,115.37040039062504,6.163903617046713,115.37040039062504
amostra_3942_1051.79.csv,1051.79,1256.7218,204.93180175781254,19.484098703905964,-204.93180175781254
amostra_3943_2998.51.csv,2998.51,2996.2659,2.2441308593752183,0.07484153327403338,2.2441308593752183
amostra_3946_3302.41.csv,3302.41,3259.1196,43.290371093749854,1.3108720932213098,43.290371093749854
amostra_3948_1304.93.csv,1304.93,1300.8728,4.057197265625064,0.310913019520209,4.057197265625064
amostra_3950_3591.33.csv,3591.33,3782.7656,191.43562500000007,5.3304938560366235,-191.43562500000007
amostra_3951_2457.50.csv,2457.5,2576.4846,118.984619140625,4.841693556078332,-118.984619140625
amostra_3954_2682.79.csv,2682.79,2811.09,128.30008789062504,4.782338084256503,-128.30008789062504
amostra_3956_2155.94.csv,2155.94,2222.318,66.37811523437495,3.0788479843768815,-66.37811523437495
amostra_3957_1605.75.csv,1605.75,1578.4553,27.294677734375,1.6998086709870777,27.294677734375
amostra_3959_1749.00.csv,1749.0,1952.5684,203.568359375,11.63912860920526,-203.568359375
amostra_3963_3280.85.csv,3280.85,3468.3772,187.5271972656251,5.715811367957239,-187.5271972656251
amostra_3969_3284.25.csv,3284.25,3369.8562,85.606201171875,2.6065677452043845,-85.606201171875
amostra_3972_2187.10.csv,2187.1,2387.603,200.5030273437501,9.167529026736322,-200.5030273437501
amostra_3974_2384.19.csv,2384.19,2340.5574,43.632626953125055,1.8300817868175379,43.632626953125055
amostra_3985_2634.66.csv,2634.66,2664.9016,30.241611328125146,1.147837342508147,-30.241611328125146
amostra_3989_3511.22.csv,3511.22,3467.0386,44.1814257812498,1.2582927239321318,44.1814257812498
amostra_3991_1464.53.csv,1464.53,1702.4805,237.95046875000003,16.247565345196072,-237.95046875000003
amostra_3992_2328.45.csv,2328.45,2454.2173,125.76728515625018,5.401330720275299,-125.76728515625018
amostra_3995_2494.42.csv,2494.42,2682.0955,187.67545898437493,7.523811506657857,-187.67545898437493
amostra_4002_2843.06.csv,2843.06,2863.7522,20.692197265625055,0.7278143009864391,-20.692197265625055
amostra_4016_2929.73.csv,2929.73,3104.635,174.90500976562498,5.9700043951362405,-174.90500976562498
amostra_4021_3368.31.csv,3368.31,3378.8137,10.503720703125055,0.311839489332189,-10.503720703125055
amostra_4025_2885.87.csv,2885.87,3071.1597,185.2896679687501,6.420582630844429,-185.2896679687501
amostra_4032_1365.15.csv,1365.15,1546.5817,181.4316650390624,13.290236606897587,-181.4316650390624
amostra_4036_2033.71.csv,2033.71,2043.5026,9.792563476562464,0.48151228427664045,-9.792563476562464
amostra_4037_1169.88.csv,1169.88,1367.3582,197.4781542968749,16.880206029411124,-197.4781542968749
amostra_4039_1902.70.csv,1902.7,2045.1815,142.48151855468745,7.488385901859855,-142.48151855468745
amostra_4043_2413.85.csv,2413.85,2507.4592,93.60922851562509,3.8780051998104725,-93.60922851562509
amostra_4046_2627.28.csv,2627.28,2934.5708,307.2908007812498,11.696157272207369,-307.2908007812498
amostra_4047_1392.43.csv,1392.43,1339.258,53.171943359375064,3.818643907368777,53.171943359375064
amostra_4053_1786.81.csv,1786.81,1544.9502,241.85980468749995,13.535843468947451,241.85980468749995
amostra_4059_3191.00.csv,3191.0,3242.6975,51.697509765625,1.620103721893607,-51.697509765625
