arquivo,real_kWh,previsto_kWh,erro_absoluto,erro_relativo_%
amostra_0000_1320.31.npy,1320.31,1388.0774,67.76739257812505,5.132687973136995
amostra_0001_2697.99.npy,2697.99,2679.5547,18.43531249999978,0.6832980292736365
amostra_0039_2188.03.npy,2188.03,2178.8179,9.2121289062502,0.42102388478449565
amostra_0047_1923.39.npy,1923.39,1953.8634,30.4734033203124,1.5843590390046947
amostra_0049_3074.19.npy,3074.19,3287.591,213.40106445312495,6.941700560249202
amostra_0054_3924.82.npy,3924.82,4090.7488,165.92877929687484,4.227678703657106
amostra_0059_3662.89.npy,3662.89,3744.747,81.85707031250013,2.2347673643625696
amostra_0062_2289.08.npy,2289.08,2351.7134,62.63337890625007,2.73618130018392
amostra_0067_3220.84.npy,3220.84,3243.9326,23.092617187499854,0.7169749875032555
amostra_0074_3913.99.npy,3913.99,3928.7834,14.793447265625218,0.377963338322919
amostra_0078_2401.62.npy,2401.62,2503.401,101.78087890625011,4.238009298150836
amostra_0079_1420.93.npy,1420.93,1464.6088,43.678764648437436,3.0739561166586276
amostra_0083_1614.30.npy,1614.3,1661.6646,47.364550781250045,2.934061251393796
amostra_0096_1504.46.npy,1504.46,1445.1495,59.310463867187536,3.942309125346472
amostra_0103_1385.25.npy,1385.25,1456.4691,71.2191162109375,5.141246432841545
amostra_0106_2137.17.npy,2137.17,2364.2737,227.10368164062493,10.626374207041318
amostra_0116_1876.60.npy,1876.6,1857.506,19.09401855468741,1.0174794071558888
amostra_0118_2465.89.npy,2465.89,2556.224,90.33412109375013,3.6633475578290247
amostra_0127_4243.04.npy,4243.04,4299.531,56.490761718750036,1.331374715269006
amostra_0129_2316.18.npy,2316.18,2378.5952,62.415214843750164,2.6947480266538077
amostra_0134_2692.92.npy,2692.92,2697.8982,4.978193359374927,0.18486228181211944
amostra_0135_2886.82.npy,2886.82,3024.079,137.25910156249984,4.75468167611766
amostra_0136_1656.48.npy,1656.48,1745.1395,88.65952636718748,5.352284746401254
amostra_0142_3594.16.npy,3594.16,3627.64,33.479892578125146,0.9315081292464762
amostra_0146_2729.48.npy,2729.48,2677.7585,51.72145507812502,1.8949197311621635
amostra_0148_2719.90.npy,2719.9,2878.3262,158.4261718749999,5.824705756645461
amostra_0154_2823.10.npy,2823.1,3039.4124,216.3123535156251,7.662227817492299
amostra_0155_4181.77.npy,4181.77,4236.2485,54.47853515624956,1.302762589914069
amostra_0157_2212.22.npy,2212.22,2283.6067,71.3866894531252,3.226925416691161
amostra_0159_1703.57.npy,1703.57,1717.2915,13.721503906250064,0.805455831357095
amostra_0161_2269.94.npy,2269.94,2355.7234,85.78338867187495,3.779103794456019
amostra_0172_2526.49.npy,2526.49,2710.0557,183.56566406250022,7.265639842726479
amostra_0176_3277.90.npy,3277.9,3336.1025,58.20253906249991,1.775604474282312
amostra_0196_1457.07.npy,1457.07,1533.8389,76.76886718750006,5.268715105485671
amostra_0197_2738.06.npy,2738.06,2763.1912,25.131162109375055,0.9178455588765424
amostra_0201_2168.87.npy,2168.87,2332.6404,163.7703808593751,7.550954223138091
amostra_0203_2226.78.npy,2226.78,2286.2239,59.4438769531248,2.6694993197857353
amostra_0217_2344.96.npy,2344.96,2356.891,11.931113281249964,0.508798157804396
amostra_0241_1455.36.npy,1455.36,1521.1581,65.7980810546876,4.52108626420182
amostra_0243_4519.44.npy,4519.44,4610.694,91.2538476562504,2.0191405938844285
amostra_0245_2543.64.npy,2543.64,2424.5017,119.13829101562487,4.683771721455272
amostra_0251_1978.50.npy,1978.5,2116.307,137.806884765625,6.965220357120293
amostra_0259_2517.30.npy,2517.3,2602.7483,85.44829101562482,3.394442101284106
amostra_0263_3075.24.npy,3075.24,3041.6472,33.59278320312478,1.0923629766497829
amostra_0266_1092.67.npy,1092.67,1224.464,131.79398925781243,12.061646174765704
amostra_0273_1247.07.npy,1247.07,1336.5364,89.46637695312506,7.1741263083167
amostra_0283_2013.31.npy,2013.31,2106.8813,93.57134765625005,4.647637356206945
amostra_0291_3187.93.npy,3187.93,3174.108,13.822089843749836,0.43357570096425696
amostra_0294_3776.43.npy,3776.43,3824.4673,48.037285156250164,1.272029010368262
amostra_0299_3156.35.npy,3156.35,3136.2896,20.06044921874991,0.6355584526034791
amostra_0309_1931.43.npy,1931.43,1979.2826,47.852592773437436,2.4775732371060526
amostra_0313_884.83.npy,884.83,984.0267,99.19667236328121,11.21081703415133
amostra_0316_1258.74.npy,1258.74,1229.2367,29.50330566406251,2.343876071632149
amostra_0317_1871.71.npy,1871.71,1935.9482,64.23824218749996,3.4320617076096167
amostra_0323_2121.40.npy,2121.4,2137.9324,16.53237304687491,0.7793142758025318
amostra_0327_3371.51.npy,3371.51,3453.1716,81.66163085937478,2.4221085169367664
amostra_0328_2460.38.npy,2460.38,2526.6272,66.24719726562489,2.6925595747658853
amostra_0329_2816.71.npy,2816.71,2867.1697,50.459677734374964,1.7914402879378768
amostra_0333_2056.98.npy,2056.98,2037.0238,19.956196289062518,0.9701696802624487
amostra_0345_2880.72.npy,2880.72,2893.4546,12.7345898437502,0.4420627427778542
amostra_0347_2835.49.npy,2835.49,2930.9226,95.43260742187522,3.3656478217830155
amostra_0352_2266.95.npy,2266.95,2487.099,220.14912109375018,9.711247318809422
amostra_0365_1558.09.npy,1558.09,1591.6536,33.56356445312508,2.1541479922934545
amostra_0366_2582.14.npy,2582.14,2640.1355,57.99549804687513,2.246024539601847
amostra_0372_2782.66.npy,2782.66,2884.4795,101.81949218750015,3.6590705363752725
amostra_0374_2162.63.npy,2162.63,2247.706,85.07605468749989,3.9339163281513665
amostra_0377_1545.46.npy,1545.46,1549.6005,4.140463867187464,0.26791142230711007
amostra_0383_1796.68.npy,1796.68,1804.0778,7.397758789062436,0.4117460420922165
amostra_0385_1639.51.npy,1639.51,1577.9327,61.57726074218749,3.755833190537874
amostra_0390_3446.61.npy,3446.61,3526.8115,80.20152343749987,2.3269683380916284
amostra_0392_3219.34.npy,3219.34,3271.155,51.815029296874854,1.6094922964606053
amostra_0397_2692.51.npy,2692.51,2658.6238,33.88622070312522,1.258536484660232
amostra_0411_885.79.npy,885.79,990.28656,104.49656005859379,11.796990263899321
amostra_0415_1976.88.npy,1976.88,2067.9807,91.10071289062489,4.608307681327388
amostra_0419_2623.75.npy,2623.75,2689.2046,65.45458984375,2.4946961350643164
amostra_0426_3202.76.npy,3202.76,3261.6262,58.86622070312478,1.8379841356556463
amostra_0427_2634.66.npy,2634.66,2580.042,54.618007812499854,2.0730571615502518
amostra_0428_1456.09.npy,1456.09,1531.3612,75.27120605468758,5.169406153100947
amostra_0431_1674.43.npy,1674.43,1650.001,24.429023437500064,1.4589456374706653
amostra_0433_2701.05.npy,2701.05,2764.9177,63.86772460937482,2.3645517339321676
amostra_0443_2135.53.npy,2135.53,2153.8928,18.3628222656248,0.8598718943599386
amostra_0449_3101.60.npy,3101.6,3325.2024,223.6023925781251,7.209259497618167
amostra_0456_2626.65.npy,2626.65,2609.3132,17.33676757812509,0.6600334105467075
amostra_0462_2575.47.npy,2575.47,2661.094,85.6239941406252,3.3245968363298815
amostra_0463_2250.15.npy,2250.15,2286.3003,36.15029296874991,1.6065725826611519
amostra_0464_2240.28.npy,2240.28,2164.9365,75.3434765625002,3.363127669867168
amostra_0468_3957.91.npy,3957.91,4062.722,104.81192382812515,2.6481633950273036
amostra_0469_2368.88.npy,2368.88,2562.6538,193.7738085937499,8.179975709776345
amostra_0475_1925.58.npy,1925.58,1931.0685,5.488481445312573,0.28503004005611676
amostra_0476_2587.75.npy,2587.75,2546.844,40.906005859375,1.5807557089894695
amostra_0477_2877.18.npy,2877.18,2820.7134,56.466621093749836,1.9625682471638841
amostra_0478_2542.97.npy,2542.97,2739.994,197.0238964843752,7.747786898169275
amostra_0481_2876.45.npy,2876.45,3021.4668,145.01679687500018,5.041519820438394
amostra_0489_3006.65.npy,3006.65,3085.0828,78.43276367187491,2.6086429638260156
amostra_0494_2437.37.npy,2437.37,2500.4524,63.08239257812511,2.588133626742149
amostra_0495_1978.13.npy,1978.13,2147.1548,169.0247851562499,8.544675282021398
amostra_0500_3077.68.npy,3077.68,3082.608,4.927910156250164,0.16011769112611332
amostra_0516_1693.16.npy,1693.16,1692.4974,0.6625634765625819,0.039131769978181734
amostra_0533_1912.92.npy,1912.92,2046.3595,133.43949707031243,6.9756966872797825
amostra_0534_2899.72.npy,2899.72,3051.9072,152.1872265625002,5.248342135188922
amostra_0537_2247.99.npy,2247.99,2423.708,175.71800781250022,7.816672129880481
amostra_0550_3025.06.npy,3025.06,3187.2031,162.14312500000005,5.359996991795206
amostra_0551_2564.78.npy,2564.78,2656.0813,91.3012988281248,3.5598101524545886
amostra_0558_2948.83.npy,2948.83,3131.4531,182.62312500000007,6.193070641576492
amostra_0569_2458.08.npy,2458.08,2343.6477,114.43229492187493,4.655352751817472
amostra_0571_3328.44.npy,3328.44,3443.8108,115.37079101562495,3.466212129875405
amostra_0579_2980.87.npy,2980.87,3101.8005,120.93053710937511,4.056887321801189
amostra_0608_4450.13.npy,4450.13,4489.261,39.13123046874989,0.8793278054517484
amostra_0618_1077.96.npy,1077.96,1076.2922,1.6677636718750364,0.15471480127973544
amostra_0628_2031.90.npy,2031.9,1992.8628,39.03720703125009,1.921216941348004
amostra_0630_2041.58.npy,2041.58,2214.5825,173.00251953125007,8.473952504004254
amostra_0636_1830.03.npy,1830.03,1911.8381,81.80813476562503,4.470316594024417
amostra_0637_1542.21.npy,1542.21,1520.514,21.695961914062536,1.406809832257769
amostra_0639_2206.97.npy,2206.97,2263.3984,56.4284375000002,2.556828479770917
amostra_0667_1257.38.npy,1257.38,1376.7487,119.36865722656239,9.493443288947047
amostra_0669_2696.74.npy,2696.74,2737.5708,40.83080078125022,1.5140799921850168
amostra_0670_2377.52.npy,2377.52,2306.5657,70.95432617187498,2.9843839871746605
amostra_0672_2449.99.npy,2449.99,2417.2542,32.73584960937478,1.3361625806380755
amostra_0679_3233.54.npy,3233.54,3268.441,34.900917968750036,1.0793408452887558
amostra_0683_1554.05.npy,1554.05,1613.3955,59.345507812500045,3.818764377754902
amostra_0689_2503.67.npy,2503.67,2528.709,25.038984374999927,1.0000912410581237
amostra_0698_3356.15.npy,3356.15,3443.9329,87.78286132812491,2.6155821798228596
amostra_0699_3542.87.npy,3542.87,3514.992,27.87805664062489,0.7868777753805499
amostra_0705_1823.81.npy,1823.81,1830.945,7.134946289062555,0.39121105208670615
amostra_0706_2651.37.npy,2651.37,2672.1008,20.73083007812511,0.7818912516218073
amostra_0714_3481.99.npy,3481.99,3510.8218,28.83177734375022,0.8280258514168686
amostra_0718_2863.69.npy,2863.69,2947.891,84.20111328124995,2.940301264496155
amostra_0720_2495.42.npy,2495.42,2647.1902,151.77018554687493,6.08194955345693
amostra_0721_2574.07.npy,2574.07,2750.9707,176.90070312499984,6.872412293566213
amostra_0722_2366.89.npy,2366.89,2354.929,11.961044921874873,0.5053485764811577
amostra_0725_3433.81.npy,3433.81,3520.819,87.00909179687505,2.533893599147159
amostra_0727_1980.31.npy,1980.31,2134.2483,153.93829101562505,7.773444108024756
amostra_0731_1950.18.npy,1950.18,1934.3121,15.867866210937564,0.8136616215394252
amostra_0733_2596.77.npy,2596.77,2836.2173,239.44728515625002,9.220966244844558
amostra_0735_3230.65.npy,3230.65,3332.179,101.52895507812491,3.142678875090923
amostra_0736_2566.61.npy,2566.61,2592.1335,25.523544921874873,0.9944457834215121
amostra_0737_2511.09.npy,2511.09,2502.361,8.728916015625146,0.3476146221610992
amostra_0738_1894.97.npy,1894.97,1894.5227,0.4472949218750273,0.023604327344233803
amostra_0742_2585.00.npy,2585.0,2646.444,61.444091796875,2.3769474582930368
amostra_0744_2759.57.npy,2759.57,2841.7803,82.21027343749984,2.9790972302750003
amostra_0747_1597.94.npy,1597.94,1620.7697,22.829653320312445,1.4286927744666535
amostra_0750_2294.15.npy,2294.15,2422.236,128.0860839843749,5.583160821409886
amostra_0763_2262.64.npy,2262.64,2259.9902,2.6497656249998727,0.11710946615457486
amostra_0764_2420.47.npy,2420.47,2421.1423,0.6723339843752001,0.027777001341689846
amostra_0780_1785.06.npy,1785.06,1852.6609,67.60088867187505,3.787037336104952
amostra_0782_2137.02.npy,2137.02,2123.3362,13.683818359374982,0.640322428399125
amostra_0785_3249.36.npy,3249.36,3298.9817,49.62168945312487,1.5271219394934654
amostra_0786_2225.78.npy,2225.78,2185.6238,40.1562207031252,1.804141501097377
amostra_0793_2345.65.npy,2345.65,2444.7222,99.07216796874991,4.2236551901924795
amostra_0797_1680.95.npy,1680.95,1805.4117,124.46174316406245,7.4042501659217965
amostra_0805_2061.42.npy,2061.42,1988.8195,72.60054199218757,3.5218704578488405
amostra_0806_1412.54.npy,1412.54,1317.066,95.47395996093746,6.75902699823987
amostra_0810_3203.53.npy,3203.53,3400.6648,197.1347949218748,6.15367406960056
amostra_0819_2509.30.npy,2509.3,2692.4473,183.14726562499982,7.298739314749126
amostra_0830_3491.93.npy,3491.93,3423.776,68.15412109374984,1.95176080544999
amostra_0839_1878.27.npy,1878.27,1899.1837,20.913715820312518,1.11345630927995
amostra_0840_2082.87.npy,2082.87,2060.4575,22.41248046874989,1.0760383734342465
amostra_0841_2759.16.npy,2759.16,2859.3372,100.17715820312515,3.6307121806319733
amostra_0847_1731.42.npy,1731.42,1749.289,17.868940429687427,1.0320396223728168
amostra_0850_3448.22.npy,3448.22,3610.8528,162.6327832031252,4.716427119009959
amostra_0851_2638.22.npy,2638.22,2746.7537,108.5336621093752,4.113897328857154
amostra_0863_1645.55.npy,1645.55,1849.4113,203.86125488281255,12.388639353578593
amostra_0872_1635.07.npy,1635.07,1626.2415,8.828544921874936,0.5399490493908479
amostra_0874_2536.37.npy,2536.37,2572.6804,36.31041992187511,1.4315900251885612
amostra_0878_1269.35.npy,1269.35,1304.9376,35.58762207031259,2.8036098846112254
amostra_0879_1358.39.npy,1358.39,1493.5807,135.1906884765624,9.9522735353295
amostra_0884_2007.32.npy,2007.32,2022.5568,15.236762695312564,0.7590599752561905
amostra_0887_2360.37.npy,2360.37,2514.26,153.8900097656251,6.519740962884002
amostra_0892_1921.84.npy,1921.84,2026.7998,104.95980468750008,5.461422630786126
amostra_0893_2886.23.npy,2886.23,3047.1262,160.89622070312498,5.574615353008076
amostra_0898_2710.44.npy,2710.44,2852.3872,141.94720703124995,5.237054021902346
amostra_0915_997.06.npy,997.06,1029.7903,32.730283203125055,3.282679397741867
amostra_0922_3248.87.npy,3248.87,3260.722,11.85192382812511,0.3648014179737912
amostra_0923_2428.72.npy,2428.72,2483.9036,55.1835644531252,2.2721254180442867
amostra_0933_2159.18.npy,2159.18,2313.61,154.43010742187516,7.152257219031076
amostra_0941_2590.32.npy,2590.32,2651.4834,61.163398437499836,2.361229440281503
amostra_0943_2085.49.npy,2085.49,2030.309,55.18104003906228,2.645950833572076
amostra_0949_2885.61.npy,2885.61,2863.98,21.630019531250127,0.7495822211334909
amostra_0950_2798.95.npy,2798.95,2944.0525,145.10249023437518,5.18417586003234
amostra_0952_3676.47.npy,3676.47,3841.8835,165.4135449218752,4.499249141754868
amostra_0955_2250.48.npy,2250.48,2351.1174,100.63743164062498,4.471820751156419
amostra_0957_3146.28.npy,3146.28,3192.731,46.4509570312498,1.476377087584379
amostra_0962_2335.23.npy,2335.23,2412.7195,77.48948242187498,3.318280530049502
amostra_0963_2826.90.npy,2826.9,2899.4954,72.59536132812491,2.5680201396627016
amostra_0964_2491.50.npy,2491.5,2419.328,72.172119140625,2.8967336600692355
amostra_0982_3586.51.npy,3586.51,3630.5286,44.01856445312478,1.227337005978647
amostra_0983_2260.44.npy,2260.44,2362.3218,101.88177734374995,4.507165744003378
amostra_0986_1319.64.npy,1319.64,1313.8063,5.8337255859376,0.4420694724271468
amostra_0993_1111.29.npy,1111.29,1197.012,85.72196289062504,7.713734748861686
amostra_1001_1371.18.npy,1371.18,1523.9491,152.76909667968744,11.141432684234559
amostra_1003_3006.60.npy,3006.6,2944.0066,62.59340820312491,2.0818668330714067
amostra_1009_3645.28.npy,3645.28,3768.35,123.0700976562498,3.3761493672982543
amostra_1013_2222.69.npy,2222.69,2326.6675,103.97748046874995,4.678001901693441
amostra_1020_2416.15.npy,2416.15,2529.2227,113.07265624999991,4.679869058212441
amostra_1025_3378.36.npy,3378.36,3349.7874,28.572646484375127,0.8457549368443602
amostra_1034_1809.89.npy,1809.89,1778.9723,30.9177099609376,1.7082645885074563
amostra_1035_2568.85.npy,2568.85,2629.147,60.29697265625009,2.3472360260914455
amostra_1037_3461.53.npy,3461.53,3548.7803,87.2502734374998,2.5205696162535007
amostra_1039_1390.32.npy,1390.32,1495.3922,105.07221191406256,7.557412100384268
amostra_1043_2384.19.npy,2384.19,2311.0889,73.10113281250005,3.066078324818913
amostra_1044_2039.14.npy,2039.14,2004.9707,34.1692968750001,1.67567194380965
amostra_1048_3201.56.npy,3201.56,3307.8923,106.33233398437505,3.321266319680876
amostra_1056_2680.50.npy,2680.5,2679.3984,1.1015625,0.04109541130386122
amostra_1059_1441.71.npy,1441.71,1511.4846,69.77461914062496,4.839712503944966
amostra_1068_2797.10.npy,2797.1,2808.443,11.343115234375091,0.4055312729031887
amostra_1073_2483.26.npy,2483.26,2586.0576,102.79761718749978,4.139623607173625
amostra_1076_2630.37.npy,2630.37,2596.745,33.62488281249989,1.278332812969274
amostra_1078_1876.27.npy,1876.27,1880.8092,4.539204101562518,0.24192702018166456
amostra_1079_3286.80.npy,3286.8,3338.96,52.15996093749982,1.586952687644512
amostra_1080_1090.42.npy,1090.42,1128.2007,37.78068359374993,3.4647827070073847
amostra_1086_3162.43.npy,3162.43,3153.8467,8.583320312499836,0.27141534555705066
amostra_1097_1936.74.npy,1936.74,2040.1006,103.36058593749999,5.336833335269577
amostra_1104_2846.22.npy,2846.22,2910.6182,64.3981640625002,2.262585606962926
amostra_1108_2898.26.npy,2898.26,2874.462,23.79808593750022,0.8211163228109355
amostra_1116_2875.35.npy,2875.35,2884.6,9.250097656250091,0.3217033632862118
amostra_1124_1673.77.npy,1673.77,1770.2249,96.45485351562502,5.762730453743646
amostra_1126_3663.05.npy,3663.05,3726.421,63.37089843749982,1.7300036427976635
amostra_1135_1353.39.npy,1353.39,1398.0973,44.7072900390624,3.3033560199988474
amostra_1148_3035.07.npy,3035.07,3133.607,98.53693359374984,3.2466115639425066
amostra_1150_1013.69.npy,1013.69,1098.6958,85.00580078124995,8.3857787668074
amostra_1160_1696.56.npy,1696.56,1775.6625,79.10247558593755,4.662521548659497
amostra_1161_2603.01.npy,2603.01,2630.7034,27.69336914062478,1.0638979158983168
amostra_1164_1357.39.npy,1357.39,1389.1714,31.7813867187499,2.3413600158207957
amostra_1170_3672.31.npy,3672.31,3602.41,69.90008789062495,1.9034364716111913
amostra_1171_2382.88.npy,2382.88,2371.4202,11.45983398437511,0.4809236715392764
amostra_1173_1372.31.npy,1372.31,1454.0278,81.71783203125005,5.954764742022579
amostra_1176_2855.96.npy,2855.96,2893.3984,37.438437499999964,1.3108880201403368
amostra_1177_2505.28.npy,2505.28,2572.158,66.8779589843748,2.6694804167348476
amostra_1180_3210.87.npy,3210.87,3227.8525,16.98253906250011,0.5289077123178487
amostra_1186_3460.06.npy,3460.06,3535.483,75.42291015625005,2.1798150944275547
amostra_1188_2922.97.npy,2922.97,3040.8982,117.9281933593752,4.034533141269845
amostra_1204_2416.27.npy,2416.27,2404.2915,11.978496093749982,0.4957432776034955
amostra_1211_2615.97.npy,2615.97,2659.874,43.9040234375002,1.6783076043494458
amostra_1214_1558.41.npy,1558.41,1523.8091,34.60091796875008,2.2202705301396986
amostra_1217_2605.97.npy,2605.97,2634.6196,28.6496289062502,1.0993844482572785
amostra_1219_3115.53.npy,3115.53,3142.6543,27.1242968749998,0.8706158141632339
amostra_1226_2490.22.npy,2490.22,2511.6748,21.4548046875002,0.8615626204712918
amostra_1230_3941.27.npy,3941.27,3983.1394,41.86940429687502,1.062332808888379
amostra_1242_1726.84.npy,1726.84,1747.7675,20.927456054687582,1.2118931721924198
amostra_1244_2386.39.npy,2386.39,2579.7815,193.39149414062513,8.103934987182528
amostra_1250_1743.21.npy,1743.21,1742.3818,0.8281640625000364,0.04750799172216981
amostra_1254_1163.03.npy,1163.03,1243.4143,80.38430664062503,6.9116279580599835
amostra_1255_1431.79.npy,1431.79,1533.4343,101.64432617187504,7.09910854048953
amostra_1256_1474.94.npy,1474.94,1449.1063,25.833676757812555,1.7515069601348225
amostra_1257_2930.13.npy,2930.13,2977.358,47.22791015624989,1.6118025533423392
amostra_1260_1999.16.npy,1999.16,2051.8333,52.67325195312492,2.6347692007205485
amostra_1261_3016.02.npy,3016.02,3035.2273,19.207294921875018,0.6368424255102758
amostra_1262_3431.95.npy,3431.95,3387.542,44.40800781249982,1.2939584729526892
amostra_1265_3609.36.npy,3609.36,3530.904,78.45594726562513,2.17368029971034
amostra_1266_2973.59.npy,2973.59,2930.843,42.746982421875146,1.4375546871584564
amostra_1269_2811.18.npy,2811.18,2954.312,143.13201171875016,5.09152781816711
amostra_1277_2194.04.npy,2194.04,2345.2046,151.16458984375004,6.889782768032945
amostra_1280_1406.35.npy,1406.35,1470.4994,64.14938964843759,4.561410008066099
amostra_1290_1060.33.npy,1060.33,1110.1198,49.78975097656257,4.695684454515347
amostra_1311_3103.35.npy,3103.35,3219.695,116.34506835937509,3.7490153659553416
amostra_1315_2440.21.npy,2440.21,2573.6968,133.48677734374996,5.470298758867063
amostra_1321_3175.80.npy,3175.8,3189.417,13.616992187499818,0.4287736062566855
amostra_1329_3474.77.npy,3474.77,3459.4048,15.365214843749982,0.4421937234334929
amostra_1330_2819.12.npy,2819.12,2848.6665,29.54650390625011,1.0480754244675683
amostra_1334_2321.74.npy,2321.74,2292.106,29.63404296874978,1.2763721591887889
amostra_1336_1660.20.npy,1660.2,1557.7306,102.46940917968755,6.172112346686396
amostra_1338_1738.67.npy,1738.67,1828.4104,89.74040039062493,5.161439513572151
amostra_1342_2343.62.npy,2343.62,2389.8677,46.24767578125011,1.973343621459542
amostra_1343_1897.08.npy,1897.08,1922.8534,25.773393554687573,1.3585823241343313
amostra_1348_3098.52.npy,3098.52,3072.0962,26.423808593749982,0.8527880599044054
amostra_1356_2336.62.npy,2336.62,2266.6392,69.98083984374989,2.994960235029654
amostra_1357_2654.45.npy,2654.45,2764.2852,109.83515625000018,4.137774538981717
amostra_1365_2821.40.npy,2821.4,2806.4963,14.903662109375091,0.5282364113339154
amostra_1369_1392.43.npy,1392.43,1509.662,117.23198730468744,8.419237398266874
amostra_1374_2265.17.npy,2265.17,2285.9297,20.759687499999927,0.9164737083750856
amostra_1376_1411.25.npy,1411.25,1398.7568,12.4931640625,0.8852552037201064
amostra_1378_2649.59.npy,2649.59,2754.8884,105.29842773437485,3.974140441893834
amostra_1379_2199.19.npy,2199.19,2173.3325,25.857480468750055,1.1757729195180977
amostra_1386_2615.65.npy,2615.65,2590.586,25.06406250000009,0.9582345688452235
amostra_1388_4026.16.npy,4026.16,4045.624,19.464023437500146,0.4834388955605377
amostra_1392_2058.44.npy,2058.44,2086.7307,28.290712890624945,1.3743763670850229
amostra_1393_3385.16.npy,3385.16,3425.0598,39.899814453125146,1.1786684958207336
amostra_1394_1599.28.npy,1599.28,1543.5088,55.77121093749997,3.4872699550735313
amostra_1401_3625.14.npy,3625.14,3748.7878,123.64784179687513,3.4108432170033467
amostra_1409_1961.32.npy,1961.32,2009.2513,47.931342773437564,2.4438308268634166
amostra_1412_2064.35.npy,2064.35,2211.7454,147.3953613281251,7.14003736421271
amostra_1415_1904.71.npy,1904.71,1877.2651,27.444863281250036,1.4408945866431129
amostra_1422_2239.00.npy,2239.0,2246.4324,7.432373046875,0.3319505603785172
amostra_1432_2325.51.npy,2325.51,2482.994,157.48389648437478,6.772015449702421
amostra_1440_2060.97.npy,2060.97,2137.1106,76.1405957031252,3.69440582362311
amostra_1447_1934.05.npy,1934.05,1913.8651,20.184887695312455,1.04365904166451
amostra_1448_2793.44.npy,2793.44,2836.7764,43.336367187499945,1.5513620191412718
amostra_1454_1447.82.npy,1447.82,1597.8315,150.01154296875006,10.361201183071795
amostra_1456_2374.77.npy,2374.77,2405.244,30.473896484375018,1.2832357021680003
amostra_1462_2784.72.npy,2784.72,2851.6882,66.9682324218752,2.4048461756253845
amostra_1463_2040.49.npy,2040.49,2199.447,158.957021484375,7.790139696071777
amostra_1465_2624.11.npy,2624.11,2726.877,102.76695312499987,3.9162593460258854
amostra_1466_2061.12.npy,2061.12,2112.9539,51.83385742187511,2.5148393796516024
amostra_1473_1827.70.npy,1827.7,1962.7073,135.00727539062495,7.386730611731955
amostra_1475_2333.74.npy,2333.74,2248.9905,84.74952148437478,3.631489432600666
amostra_1477_3111.93.npy,3111.93,3122.862,10.932060546875164,0.35129519452157226
amostra_1479_1899.64.npy,1899.64,2090.7346,191.0946191406249,10.059517547568218
amostra_1481_2231.09.npy,2231.09,2317.381,86.29110351562485,3.8676657380753285
amostra_1505_870.60.npy,870.6,891.72437,21.124365234374977,2.426414568616469
amostra_1511_3359.32.npy,3359.32,3524.229,164.90900390624984,4.908999556643899
amostra_1515_1448.21.npy,1448.21,1496.5087,48.298666992187464,3.3350596247911186
amostra_1516_1372.27.npy,1372.27,1539.3312,167.06117675781252,12.174074836425232
amostra_1527_2391.01.npy,2391.01,2427.7273,36.71729492187478,1.5356395381815542
amostra_1530_2401.55.npy,2401.55,2398.2844,3.265576171875182,0.13597785479690958
amostra_1533_2825.05.npy,2825.05,2957.3408,132.29082031249982,4.682778014990879
amostra_1537_2315.53.npy,2315.53,2338.7268,23.1968066406248,1.001792533053979
amostra_1542_3147.24.npy,3147.24,3250.572,103.33202148437522,3.283258394160446
amostra_1549_1725.84.npy,1725.84,1729.1959,3.355922851562582,0.19445156280782586
amostra_1550_3758.92.npy,3758.92,3807.2422,48.32218749999993,1.2855338102433658
amostra_1562_2495.60.npy,2495.6,2577.6345,82.03452148437509,3.287166272013748
amostra_1566_3617.01.npy,3617.01,3681.9656,64.95557617187478,1.7958362341236207
amostra_1571_2647.63.npy,2647.63,2605.3018,42.32824218750011,1.5987219584118666
amostra_1577_2268.46.npy,2268.46,2312.4116,43.951621093749964,1.937509195390263
amostra_1580_2683.63.npy,2683.63,2771.559,87.92908203124989,3.276497953564757
amostra_1582_1728.95.npy,1728.95,1746.9325,17.982495117187455,1.040081848358105
amostra_1584_1632.47.npy,1632.47,1642.0753,9.605317382812473,0.5883916631124905
amostra_1587_3218.37.npy,3218.37,3301.4705,83.10045898437511,2.5820666668026084
amostra_1589_3640.34.npy,3640.34,3651.9407,11.600673828124854,0.31867006455783947
amostra_1591_1464.53.npy,1464.53,1474.3779,9.847929687500027,0.6724293587362518
amostra_1595_1705.79.npy,1705.79,1734.5496,28.759560546875036,1.6859965498024396
amostra_1596_1276.70.npy,1276.7,1259.6514,17.048632812500045,1.3353671819926407
amostra_1598_2787.10.npy,2787.1,2896.992,109.89194335937509,3.9428776634988014
amostra_1600_1837.04.npy,1837.04,2006.3257,169.28568359375004,9.215133235735207
amostra_1603_1826.20.npy,1826.2,1800.027,26.173022460937545,1.4331958416897135
amostra_1615_3090.64.npy,3090.64,3021.334,69.30601562499987,2.24244867163435
amostra_1634_2322.27.npy,2322.27,2380.3086,58.03859375000002,2.499218167999415
amostra_1638_2341.87.npy,2341.87,2495.1301,153.2601269531251,6.544348189828006
amostra_1639_1520.30.npy,1520.3,1589.5243,69.22429199218755,4.553331052567753
amostra_1640_2247.70.npy,2247.7,2270.848,23.147900390625182,1.0298483067413438
amostra_1652_1331.98.npy,1331.98,1280.6694,51.31056640625002,3.8522024659717125
amostra_1655_4193.69.npy,4193.69,4320.6304,126.9403710937504,3.026937401041813
amostra_1656_2071.06.npy,2071.06,2286.0938,215.03375000000005,10.382787075217523
amostra_1662_2662.99.npy,2662.99,2662.5999,0.3901464843747817,0.014650692806761638
amostra_1663_2114.43.npy,2114.43,2093.4585,20.971503906249836,0.991827769481602
amostra_1668_1724.05.npy,1724.05,1919.3043,195.25432128906255,11.32532822650518
amostra_1670_3399.44.npy,3399.44,3403.132,3.6920800781249454,0.10860847898844944
amostra_1677_2634.25.npy,2634.25,2816.1924,181.9423828125,6.906800144728101
amostra_1680_3116.80.npy,3116.8,3228.514,111.71391601562482,3.584250385511576
amostra_1682_2178.48.npy,2178.48,2192.5159,14.035869140624982,0.6442964425023403
amostra_1696_2917.84.npy,2917.84,3040.4385,122.59847656249985,4.201686061007452
amostra_1702_1289.97.npy,1289.97,1390.0717,100.10165527343747,7.759998703337091
amostra_1703_2015.07.npy,2015.07,1927.018,88.05205566406244,4.369677265011262
amostra_1719_2900.75.npy,2900.75,2944.9827,44.232666015625,1.5248699824398864
amostra_1721_2765.56.npy,2765.56,2907.5874,142.02740234375005,5.135574796560192
amostra_1724_1604.77.npy,1604.77,1676.8832,72.11317871093752,4.49367689518981
amostra_1731_2781.85.npy,2781.85,2728.509,53.34096679687491,1.9174638027526614
amostra_1734_1533.19.npy,1533.19,1516.6686,16.521420898437555,1.07758470238115
amostra_1737_2719.59.npy,2719.59,2791.295,71.70492187499985,2.636607792902601
amostra_1746_3860.06.npy,3860.06,4069.1812,209.12115234375005,5.417562222964152
amostra_1751_1277.49.npy,1277.49,1355.8235,78.33348632812499,6.131827750363994
amostra_1763_2825.55.npy,2825.55,2766.1843,59.36567382812518,2.1010307312956833
amostra_1764_2607.83.npy,2607.83,2668.3677,60.53767578125007,2.3213812166149665
amostra_1765_2390.00.npy,2390.0,2512.524,122.52392578125,5.126524091265691
amostra_1784_2563.82.npy,2563.82,2505.1577,58.662285156250164,2.2880812676494515
amostra_1788_2256.33.npy,2256.33,2387.148,130.81794921875007,5.797819876469757
amostra_1791_3435.58.npy,3435.58,3620.5088,184.92878906250007,5.382753103187819
amostra_1795_2442.88.npy,2442.88,2440.3752,2.504755859375109,0.10253290621623284
amostra_1800_2482.49.npy,2482.49,2473.3762,9.113779296874782,0.36712249784993223
amostra_1807_2490.63.npy,2490.63,2540.2673,49.63733398437489,1.9929629846414318
amostra_1812_2289.85.npy,2289.85,2400.3164,110.46640625000009,4.82417652903029
amostra_1814_1222.52.npy,1222.52,1345.4983,122.97829101562502,10.059409336094708
amostra_1822_2636.71.npy,2636.71,2628.0002,8.709755859375036,0.33032665175066794
amostra_1825_2053.46.npy,2053.46,2117.4265,63.966513671874964,3.1150601264146838
amostra_1831_3606.90.npy,3606.9,3719.5447,112.64467773437491,3.1230330126805543
amostra_1840_1776.24.npy,1776.24,1786.61,10.369985351562491,0.5838166774513855
amostra_1841_2844.44.npy,2844.44,2880.409,35.968935546874945,1.2645348661555507
amostra_1843_2494.52.npy,2494.52,2633.8423,139.32228515625002,5.585134020021889
amostra_1848_2408.07.npy,2408.07,2508.2903,100.22028320312484,4.161850909779401
amostra_1862_3582.35.npy,3582.35,3582.3013,0.04873046874990905,0.0013602933479394546
amostra_1865_2987.01.npy,2987.01,3054.273,67.26294921874978,2.2518488126504357
amostra_1882_1366.98.npy,1366.98,1385.7885,18.808452148437482,1.3759127528155117
amostra_1883_2708.19.npy,2708.19,2739.727,31.537050781249945,1.1645065811944488
amostra_1884_3066.99.npy,3066.99,3102.256,35.26610351562522,1.1498604010976632
amostra_1888_2658.79.npy,2658.79,2645.19,13.600058593749964,0.5115130790227872
amostra_1889_1678.29.npy,1678.29,1790.3887,112.09867187500004,6.679338605068256
amostra_1908_2434.44.npy,2434.44,2497.2708,62.830751953124945,2.5809119121081214
amostra_1913_2512.70.npy,2512.7,2586.2595,73.55952148437518,2.927509113080558
amostra_1915_3027.88.npy,3027.88,3045.3633,17.48328124999989,0.57740997826862
amostra_1918_2466.66.npy,2466.66,2481.462,14.801914062500146,0.6000792189641112
amostra_1925_1719.94.npy,1719.94,1785.7853,65.84527832031245,3.8283474028345434
amostra_1930_2280.67.npy,2280.67,2199.7449,80.92512695312507,3.548304969729293
amostra_1933_2010.37.npy,2010.37,2050.7886,40.41857421875011,2.010504246419819
amostra_1937_2075.68.npy,2075.68,2050.614,25.065986328124836,1.2076035963214387
amostra_1939_2740.91.npy,2740.91,2902.1921,161.28213867187515,5.884255180647126
amostra_1942_2610.86.npy,2610.86,2799.339,188.47911132812487,7.219043201402023
amostra_1946_3232.98.npy,3232.98,3345.0168,112.03684570312498,3.4654357807077365
amostra_1947_2873.31.npy,2873.31,2912.0554,38.745419921875055,1.348459439527063
amostra_1953_2755.53.npy,2755.53,2811.2656,55.7356249999998,2.0226825692334973
amostra_1958_2779.65.npy,2779.65,2870.058,90.40810546874991,3.252499612136417
amostra_1968_2929.73.npy,2929.73,3001.1062,71.37620117187498,2.4362723244761457
amostra_1975_2908.72.npy,2908.72,3021.7617,113.0417187500002,3.8863045858659553
amostra_1976_2598.94.npy,2598.94,2714.0234,115.08343749999995,4.4280913564760995
amostra_1980_1472.67.npy,1472.67,1524.9664,52.29643066406243,3.5511303050963505
amostra_1983_2849.60.npy,2849.6,2984.9062,135.3062500000001,4.748254140932064
amostra_1986_2457.32.npy,2457.32,2512.8838,55.563789062499836,2.2611539833029415
amostra_1988_2156.58.npy,2156.58,2112.1384,44.44157226562493,2.0607430406303
amostra_1990_2004.88.npy,2004.88,2089.1497,84.26965820312489,4.203227036187946
amostra_1991_2681.84.npy,2681.84,2823.5076,141.66756835937485,5.282476522066001
amostra_1994_2894.06.npy,2894.06,3027.3162,133.25616210937505,4.604471300158775
amostra_1996_2583.07.npy,2583.07,2721.3489,138.27887695312484,5.353276409587228
amostra_2001_1975.54.npy,1975.54,2101.6294,126.08939453125004,6.382528044547316
amostra_2007_1736.65.npy,1736.65,1727.4463,9.203710937500091,0.5299692475455671
amostra_2010_1383.02.npy,1383.02,1321.0493,61.97068359374998,4.480823386050092
amostra_2019_2259.75.npy,2259.75,2323.7468,63.996826171875,2.83203125
amostra_2023_2608.09.npy,2608.09,2609.3274,1.2373925781248545,0.047444397168995484
amostra_2029_1710.79.npy,1710.79,1867.9315,157.14151855468754,9.185318978640717
amostra_2033_2611.45.npy,2611.45,2706.019,94.56904296875018,3.6213231334603453
amostra_2058_1939.97.npy,1939.97,1989.7605,49.79049804687497,2.5665602069555185
amostra_2062_2580.31.npy,2580.31,2704.0332,123.72320312500005,4.794896858323227
amostra_2066_2541.44.npy,2541.44,2611.508,70.06805664062495,2.757021871089813
amostra_2072_3372.32.npy,3372.32,3471.692,99.37189453124984,2.946692322533147
amostra_2073_1714.03.npy,1714.03,1815.3542,101.32424804687503,5.911462929287995
amostra_2080_2377.06.npy,2377.06,2541.9814,164.92144531250005,6.9380430158473105
amostra_2082_1503.99.npy,1503.99,1511.5636,7.573598632812491,0.5035670870692286
amostra_2084_2272.59.npy,2272.59,2297.8215,25.231533203124854,1.1102545203105203
amostra_2085_2297.58.npy,2297.58,2469.6487,172.06868164062507,7.489126891800289
amostra_2090_2835.04.npy,2835.04,2966.043,131.00296875000004,4.6208508081014745
amostra_2092_2298.92.npy,2298.92,2370.1255,71.20548828124993,3.097345200409319
amostra_2098_2381.11.npy,2381.11,2572.6304,191.52037109374987,8.043323117947086
amostra_2103_2163.91.npy,2163.91,2284.8032,120.89322265625015,5.586795322183
amostra_2110_685.78.npy,685.78,760.3893,74.60928222656253,10.879477708093344
amostra_2114_3202.35.npy,3202.35,3281.4194,79.06943359375009,2.4691065496822673
amostra_2146_1037.56.npy,1037.56,1140.3833,102.82330078125005,9.910106478781957
amostra_2147_2116.90.npy,2116.9,2127.8364,10.936425781249909,0.5166245822310883
amostra_2150_1986.16.npy,1986.16,2097.916,111.75601562499992,5.62673780687356
amostra_2151_3290.78.npy,3290.78,3485.2305,194.4504687499998,5.90894768869386
amostra_2152_2197.36.npy,2197.36,2237.1755,39.81553710937487,1.811971507143794
amostra_2162_1425.48.npy,1425.48,1490.9882,65.50815917968748,4.5955158388534025
amostra_2167_2073.85.npy,2073.85,2114.463,40.61289062500009,1.958333082190134
amostra_2179_2223.95.npy,2223.95,2249.5396,25.589550781250182,1.150635166314449
amostra_2181_2463.06.npy,2463.06,2482.6973,19.637265625000055,0.7972711028151996
amostra_2184_1954.77.npy,1954.77,2140.3052,185.53517578125002,9.491406957404196
amostra_2187_1926.22.npy,1926.22,1968.4922,42.27218749999997,2.1945669497772826
amostra_2190_3663.61.npy,3663.61,3682.5037,18.893662109374873,0.5157116098431567
amostra_2194_2140.55.npy,2140.55,2277.9421,137.39213867187482,6.418543770146683
amostra_2195_3345.62.npy,3345.62,3409.1687,63.54870117187511,1.8994596269712374
amostra_2200_1591.03.npy,1591.03,1631.2323,40.20229980468753,2.5268096644744302
amostra_2203_2467.25.npy,2467.25,2425.681,41.569091796875,1.6848350105127166
amostra_2204_1388.49.npy,1388.49,1559.1602,170.67015625,12.291781449632333
amostra_2205_1255.93.npy,1255.93,1373.905,117.97502929687494,9.393439865030292
amostra_2206_2294.41.npy,2294.41,2363.1077,68.69766601562515,2.9941320869254033
amostra_2209_1611.51.npy,1611.51,1833.2028,221.6927587890625,13.75683419830237
amostra_2223_2708.51.npy,2708.51,2768.6528,60.14283203124978,2.220513567653425
amostra_2226_2494.42.npy,2494.42,2593.1343,98.71427734374993,3.9574040195215687
amostra_2231_1599.59.npy,1599.59,1748.1553,148.56527343750008,9.287709565419894
amostra_2236_3502.48.npy,3502.48,3638.64,136.15989257812498,3.887528053782605
amostra_2256_2493.61.npy,2493.61,2616.2869,122.67686523437487,4.919649232814067
amostra_2257_1178.41.npy,1178.41,1223.0862,44.67618164062492,3.7912256040448495
amostra_2259_1717.31.npy,1717.31,1762.868,45.558041992187555,2.652872340590083
amostra_2267_2513.27.npy,2513.27,2510.8503,2.419658203124982,0.09627529883876312
amostra_2272_3066.29.npy,3066.29,3222.609,156.31888671875004,5.0979811667764645
amostra_2275_1865.96.npy,1865.96,2030.1989,164.23885253906246,8.801842083381342
amostra_2279_2779.77.npy,2779.77,2856.7732,77.00319335937502,2.770128224974549
amostra_2280_3541.12.npy,3541.12,3628.7234,87.60338867187511,2.4738892969420725
amostra_2282_3000.46.npy,3000.46,3063.1584,62.698447265624964,2.0896278325865025
amostra_2292_3205.28.npy,3205.28,3295.7854,90.5054003906248,2.8236347648450306
amostra_2296_1788.10.npy,1788.1,1666.1583,121.94167480468741,6.819622773037717
amostra_2301_3494.77.npy,3494.77,3612.6482,117.87819335937502,3.372988590361455
amostra_2303_3222.79.npy,3222.79,3313.003,90.21292968750004,2.7992183694097363
amostra_2315_1072.09.npy,1072.09,1161.6782,89.58822265625008,8.356408758243253
amostra_2316_3585.71.npy,3585.71,3611.8567,26.146689453124964,0.7291914140609521
amostra_2320_2248.16.npy,2248.16,2215.2644,32.895595703124854,1.4632230670025645
amostra_2321_1814.31.npy,1814.31,1891.6149,77.30486816406255,4.2608412103809465
amostra_2322_3444.86.npy,3444.86,3632.2993,187.43931640624987,5.441130159317066
amostra_2332_1260.39.npy,1260.39,1333.0012,72.6112207031249,5.761012123479628
amostra_2333_2532.19.npy,2532.19,2598.5598,66.36981445312495,2.621044015382927
amostra_2339_2050.71.npy,2050.71,2137.7595,87.04952148437496,4.244847954336545
amostra_2342_3418.07.npy,3418.07,3603.3013,185.23126953124984,5.419177182774193
amostra_2347_2570.62.npy,2570.62,2659.3247,88.70470703125011,3.4507125530514084
amostra_2365_2636.73.npy,2636.73,2643.7144,6.984355468749982,0.2648870179635375
amostra_2366_2189.91.npy,2189.91,2232.7336,42.823642578125146,1.955497832245396
amostra_2369_3082.55.npy,3082.55,3095.4102,12.860156249999818,0.4171921380026217
amostra_2371_2436.98.npy,2436.98,2337.8704,99.10963867187502,4.066904064533769
amostra_2372_2691.99.npy,2691.99,2736.341,44.35106445312522,1.647519658435775
amostra_2378_3167.36.npy,3167.36,3246.3362,78.97618164062487,2.493438751535186
amostra_2400_3474.59.npy,3474.59,3568.5212,93.93124023437485,2.7033762324295774
amostra_2411_3128.74.npy,3128.74,3155.647,26.90697265625022,0.8599938843192538
amostra_2420_2129.64.npy,2129.64,2268.5232,138.88319335937513,6.521439931602297
amostra_2422_2042.91.npy,2042.91,2095.9478,53.03775390624992,2.59618651366188
amostra_2432_2925.49.npy,2925.49,3028.5974,103.10741210937522,3.5244493096669354
amostra_2438_2523.92.npy,2523.92,2601.5623,77.64225585937493,3.0762566111198026
amostra_2449_2698.62.npy,2698.62,2806.9639,108.34386718750011,4.01478782442508
amostra_2450_2248.19.npy,2248.19,2340.574,92.38397460937495,4.109260098540378
amostra_2451_2604.03.npy,2604.03,2600.1404,3.8896191406252,0.14936921389635294
amostra_2457_1539.15.npy,1539.15,1507.1915,31.95847167968759,2.0763714829410773
amostra_2459_2544.06.npy,2544.06,2563.831,19.771054687500055,0.777145770441737
amostra_2462_3387.17.npy,3387.17,3412.797,25.627119140624927,0.7565938273138025
amostra_2466_3042.62.npy,3042.62,3139.9622,97.34215820312511,3.1992873971486784
amostra_2471_2742.26.npy,2742.26,2780.6704,38.41041015624978,1.4006844776297571
amostra_2475_2600.42.npy,2600.42,2666.896,66.47599609374993,2.556356130692347
amostra_2481_2195.61.npy,2195.61,2342.052,146.44200195312487,6.669763844814192
amostra_2484_2601.26.npy,2601.26,2735.9316,134.67164062499978,5.177169549564433
amostra_2485_1223.83.npy,1223.83,1283.1292,59.29915039062507,4.845374798021382
amostra_2486_1306.22.npy,1306.22,1255.6611,50.55886718750003,3.8706241817993927
amostra_2500_2451.46.npy,2451.46,2578.1772,126.71724609374996,5.169052160498232
amostra_2504_2755.79.npy,2755.79,2752.133,3.6569433593749636,0.1327003639382886
amostra_2520_3313.57.npy,3313.57,3419.2825,105.71247070312484,3.190289346629914
amostra_2522_1633.63.npy,1633.63,1764.3108,130.6807910156249,7.999411801670199
amostra_2529_3305.80.npy,3305.8,3497.3315,191.53154296874982,5.7938031026907195
amostra_2540_2730.89.npy,2730.89,2798.6523,67.76234375000013,2.481328202527386
amostra_2544_3185.25.npy,3185.25,3244.3105,59.060546875,1.8541887410721294
amostra_2545_1515.94.npy,1515.94,1553.552,37.612001953124945,2.481100963964599
amostra_2550_2348.29.npy,2348.29,2445.357,97.06693359375004,4.13351560470598
amostra_2555_2528.16.npy,2528.16,2587.6912,59.531162109375146,2.3547228857894735
amostra_2557_1967.09.npy,1967.09,1988.1415,21.051479492187582,1.0701838498588059
amostra_2558_3181.07.npy,3181.07,3270.3381,89.26813476562484,2.8062298146732023
amostra_2564_1607.45.npy,1607.45,1715.4272,107.97724609374995,6.717300450636097
amostra_2570_2623.26.npy,2623.26,2619.1965,4.063466796875218,0.1549014126268543
amostra_2579_1971.20.npy,1971.2,2150.6343,179.43427734374995,9.102794102260042
amostra_2588_2991.40.npy,2991.4,3040.7026,49.30263671874991,1.6481459088971688
amostra_2591_3499.34.npy,3499.34,3529.7285,30.388515624999854,0.8684070603313726
amostra_2593_1743.23.npy,1743.23,1773.2705,30.040507812499982,1.723267028016956
amostra_2594_3106.45.npy,3106.45,3147.6492,41.19916992187518,1.3262460339575781
amostra_2595_2466.20.npy,2466.2,2578.5308,112.33076171875018,4.554811520507266
amostra_2599_1831.82.npy,1831.82,1992.0599,160.23993652343756,8.747580904424975
amostra_2600_2409.29.npy,2409.29,2493.0894,83.79935546875004,3.478176370165071
amostra_2604_1392.40.npy,1392.4,1481.1617,88.76174316406241,6.374730189892445
amostra_2606_2306.33.npy,2306.33,2448.517,142.18708984375007,6.165080012129664
amostra_2608_1889.90.npy,1889.9,1912.9747,23.07473144531241,1.2209498621785495
amostra_2613_2235.65.npy,2235.65,2289.8086,54.15859374999991,2.4224987699326777
amostra_2616_2846.30.npy,2846.3,3013.8503,167.55034179687482,5.886601616023427
amostra_2617_2792.55.npy,2792.55,2892.708,100.15800781249982,3.5866146644643715
amostra_2619_2330.71.npy,2330.71,2323.3955,7.314492187500036,0.3138310723985411
amostra_2627_2016.98.npy,2016.98,2057.61,40.63010742187498,2.014403088869249
amostra_2632_1242.62.npy,1242.62,1352.4171,109.79711425781261,8.835936509778742
amostra_2635_2708.45.npy,2708.45,2680.276,28.174121093749818,1.0402304304583736
amostra_2640_1522.70.npy,1522.7,1723.1035,200.40351562499995,13.16106361233335
amostra_2648_1071.57.npy,1071.57,1210.4553,138.88532226562506,12.96091923678575
amostra_2650_3514.54.npy,3514.54,3432.913,81.62691406249996,2.3225490124596666
amostra_2652_2914.53.npy,2914.53,3097.8088,183.2788378906248,6.288452611248633
amostra_2654_3979.50.npy,3979.5,4162.097,182.59716796875,4.588444979739917
amostra_2656_1465.23.npy,1465.23,1577.4357,112.20566894531248,7.657887768153292
amostra_2663_2621.47.npy,2621.47,2809.2932,187.8232128906252,7.1648049716619004
amostra_2668_2021.19.npy,2021.19,2125.7278,104.53778320312495,5.172090857520814
amostra_2669_1391.78.npy,1391.78,1336.7788,55.00119140624997,3.9518595903267744
amostra_2677_2177.86.npy,2177.86,2213.8535,35.99351562499987,1.6527010746788071
amostra_2690_1302.85.npy,1302.85,1351.6149,48.76486816406259,3.742938033086126
amostra_2694_2172.98.npy,2172.98,2195.9207,22.940654296874982,1.0557232140597237
amostra_2703_2546.25.npy,2546.25,2558.1477,11.897705078125,0.4672638224104074
amostra_2705_1932.22.npy,1932.22,1977.7047,45.48471191406247,2.3540130996502713
amostra_2706_3384.61.npy,3384.61,3315.8074,68.80262695312513,2.032808121264344
amostra_2713_2375.78.npy,2375.78,2420.7793,44.9992968749998,1.8940851793937064
amostra_2722_2244.41.npy,2244.41,2302.0884,57.678378906250146,2.5698682017211714
amostra_2723_2122.94.npy,2122.94,2272.1052,149.16522460937495,7.026351409336813
amostra_2726_1098.86.npy,1098.86,1071.0748,27.7851708984374,2.5285451193452673
amostra_2728_2236.92.npy,2236.92,2375.5989,138.67887695312493,6.199545667843505
amostra_2729_1630.72.npy,1630.72,1746.9237,116.20370605468747,7.125914078118099
amostra_2731_1664.24.npy,1664.24,1812.1097,147.8697412109375,8.885121209136752
amostra_2733_2193.70.npy,2193.7,2211.4426,17.742626953125182,0.8087991499806346
amostra_2739_1725.53.npy,1725.53,1810.4419,84.91189453125003,4.920916734640953
amostra_2741_3573.91.npy,3573.91,3639.2249,65.31485351562515,1.8275461193937494
amostra_2746_1898.04.npy,1898.04,1979.8535,81.81351562500004,4.310421046184487
amostra_2753_2468.14.npy,2468.14,2587.0635,118.92347656250013,4.818344038932157
amostra_2758_2254.52.npy,2254.52,2286.467,31.947041015625018,1.4170218501332887
amostra_2759_2060.58.npy,2060.58,2062.9597,2.3797167968750728,0.11548771689888639
amostra_2760_3209.12.npy,3209.12,3332.8672,123.74718750000011,3.856109696739297
amostra_2762_2004.83.npy,2004.83,2084.447,79.61702148437507,3.9712604801591693
amostra_2766_2937.63.npy,2937.63,2959.0376,21.40759765624989,0.7287370314249886
amostra_2768_1730.96.npy,1730.96,1772.4165,41.456503906249964,2.395000687840849
amostra_2772_2175.08.npy,2175.08,2298.6943,123.61433593750007,5.683208706691252
amostra_2777_2557.38.npy,2557.38,2633.1895,75.80945312499989,2.9643405800076597
amostra_2778_1280.20.npy,1280.2,1256.9495,23.250537109375045,1.8161644359768039
amostra_2780_2811.00.npy,2811.0,2791.813,19.18701171875,0.6825688978566347
amostra_2783_1273.23.npy,1273.23,1321.6444,48.41440917968748,3.802487310202201
amostra_2784_2790.42.npy,2790.42,2856.1553,65.73527343749993,2.355748361805747
amostra_2790_1699.63.npy,1699.63,1860.8379,161.2078906249999,9.484881452139577
amostra_2794_2622.79.npy,2622.79,2667.3345,44.544472656250036,1.6983621508489064
amostra_2797_1855.53.npy,1855.53,1968.7867,113.25674316406253,6.103740880722086
amostra_2802_2620.01.npy,2620.01,2694.1453,74.13526367187478,2.8295794165623325
amostra_2804_1712.13.npy,1712.13,1834.2596,122.12964355468739,7.133199205357502
amostra_2805_2488.39.npy,2488.39,2575.5403,87.15028320312513,3.5022758973924963
amostra_2811_2906.70.npy,2906.7,2817.5647,89.13530273437482,3.0665463492749447
amostra_2813_3848.14.npy,3848.14,3984.7266,136.58656250000013,3.5494177056967815
amostra_2828_1364.17.npy,1364.17,1403.3682,39.19816406249993,2.873407571087176
amostra_2838_1834.42.npy,1834.42,1976.3856,141.96562011718743,7.7389921673982744
amostra_2839_2690.68.npy,2690.68,2722.4434,31.763359375000164,1.180495613562377
amostra_2844_2155.94.npy,2155.94,2211.334,55.393984374999945,2.569365769687465
amostra_2845_3314.52.npy,3314.52,3398.3564,83.83644531250002,2.5293691186808354
amostra_2850_1421.12.npy,1421.12,1455.0513,33.93126953125011,2.3876428120953976
amostra_2852_1933.72.npy,1933.72,1997.9082,64.18820312499997,3.3194155888649846
amostra_2856_2428.54.npy,2428.54,2394.772,33.768027343749964,1.3904661790108446
amostra_2859_2246.08.npy,2246.08,2343.7766,97.69661132812507,4.349649670898859
amostra_2866_1923.94.npy,1923.94,1929.5006,5.560610351562445,0.28902202519633907
amostra_2871_1027.25.npy,1027.25,1100.1812,72.93115234375,7.099649777926503
amostra_2874_2912.56.npy,2912.56,3025.2742,112.71416992187505,3.8699346939419295
amostra_2878_2160.05.npy,2160.05,2192.6885,32.63847656249982,1.5110056046156255
amostra_2879_3281.43.npy,3281.43,3251.147,30.283027343749836,0.9228606840234238
amostra_2885_2737.07.npy,2737.07,2698.827,38.243095703125164,1.3972275353982604
amostra_2887_2008.59.npy,2008.59,2134.2378,125.64779296875008,6.25552218067152
amostra_2888_3765.40.npy,3765.4,3969.5552,204.1551757812499,5.42187219900276
amostra_2892_1080.01.npy,1080.01,1153.4783,73.46827148437501,6.802554743416729
amostra_2905_4156.43.npy,4156.43,4300.274,143.8439257812497,3.4607566055785783
amostra_2911_2597.34.npy,2597.34,2543.4001,53.939853515625146,2.0767344096508404
amostra_2913_2477.81.npy,2477.81,2641.5493,163.73931640625005,6.608227281601497
amostra_2917_2141.87.npy,2141.87,2278.8394,136.9693554687501,6.394849149049668
amostra_2919_2314.89.npy,2314.89,2330.7627,15.872695312500127,0.685678166673152
amostra_2925_2714.82.npy,2714.82,2758.6638,43.843818359374836,1.614980674938848
amostra_2927_2855.43.npy,2855.43,2805.206,50.223945312499836,1.7588925420164332
amostra_2936_2216.86.npy,2216.86,2225.1143,8.254257812499873,0.3723400581227444
amostra_2943_2947.55.npy,2947.55,3009.3591,61.80913085937482,2.096966323196377
amostra_2952_3164.91.npy,3164.91,3253.1023,88.19229492187515,2.786565650267311
amostra_2960_2268.45.npy,2268.45,2386.367,117.91694335937518,5.198128385433895
amostra_2968_3012.98.npy,3012.98,3031.203,18.222880859374982,0.6048125397239603
amostra_2970_2131.61.npy,2131.61,2256.0142,124.40416015624987,5.836159529944496
amostra_2974_3298.27.npy,3298.27,3401.6226,103.35255859375002,3.133538448754954
amostra_2977_2076.01.npy,2076.01,2114.8518,38.84180664062478,1.8709836003017701
amostra_2979_2219.12.npy,2219.12,2290.3845,71.26452148437511,3.2113865624380433
amostra_2981_2562.15.npy,2562.15,2665.9268,103.77675781249991,4.050377917471651
amostra_2985_2114.88.npy,2114.88,2100.8674,14.01256835937511,0.6625703755946015
amostra_2987_2248.32.npy,2248.32,2350.1775,101.85749023437484,4.530382251386583
amostra_2989_2089.64.npy,2089.64,2168.8179,79.17787109375013,3.789067547221059
amostra_2993_2436.88.npy,2436.88,2485.5156,48.63562499999989,1.9958153458520687
amostra_2996_4234.97.npy,4234.97,4172.4414,62.528593750000255,1.4764825665825319
amostra_3000_3534.49.npy,3534.49,3535.693,1.2031152343752183,0.03403928811158663
amostra_3001_1579.21.npy,1579.21,1601.7479,22.537924804687464,1.4271645192651683
amostra_3006_2148.92.npy,2148.92,2117.6367,31.283281250000073,1.4557676065186267
amostra_3007_2407.79.npy,2407.79,2461.0999,53.309853515625036,2.214057435059745
amostra_3009_1319.16.npy,1319.16,1429.5627,110.40274414062492,8.369170088588564
amostra_3020_2079.37.npy,2079.37,2144.1812,64.81115234375011,3.1168648361643245
amostra_3024_2681.49.npy,2681.49,2657.4646,24.02540039062478,0.8959720301259667
amostra_3039_2498.61.npy,2498.61,2593.1575,94.54747070312487,3.7840027336449014
amostra_3048_3164.60.npy,3164.6,3219.8442,55.24423828125009,1.7456941882465427
amostra_3053_2240.05.npy,2240.05,2273.4927,33.44267578124982,1.4929432727506
amostra_3061_3750.35.npy,3750.35,3854.7065,104.35654296875009,2.782581438232434
amostra_3064_1479.13.npy,1479.13,1605.4895,126.35950195312489,8.542825982376456
amostra_3066_2995.82.npy,2995.82,2923.1829,72.63713867187516,2.424616254376937
amostra_3067_2829.19.npy,2829.19,2800.3093,28.880673828125055,1.0208106853242467
amostra_3068_2528.32.npy,2528.32,2646.1572,117.83722656249984,4.660692735195696
amostra_3070_2706.76.npy,2706.76,2873.9685,167.20850585937478,6.177441142154264
amostra_3072_1510.78.npy,1510.78,1638.0198,127.23977539062503,8.422124689936657
amostra_3081_2091.88.npy,2091.88,2141.7683,49.88831054687489,2.3848552759658723
amostra_3086_3197.65.npy,3197.65,3193.8718,3.778173828125091,0.11815470198818168
amostra_3088_2197.41.npy,2197.41,2256.256,58.846103515625146,2.6779755947058193
amostra_3089_2396.15.npy,2396.15,2423.2532,27.10317382812491,1.1311134039239992
amostra_3092_2538.57.npy,2538.57,2602.107,63.536933593749836,2.502863170751637
amostra_3094_2061.76.npy,2061.76,2014.1442,47.61583496093772,2.3094751552526827
amostra_3098_1954.72.npy,1954.72,2120.6846,165.96457031249997,8.490452356987188
amostra_3104_1303.62.npy,1303.62,1399.5864,95.96642578125011,7.361533712374014
amostra_3110_2219.52.npy,2219.52,2184.508,35.01194335937498,1.577455637226742
amostra_3115_3788.01.npy,3788.01,3831.6108,43.60083984374978,1.151022300462506
amostra_3118_2813.26.npy,2813.26,2825.5664,12.306406249999782,0.4374429043174033
amostra_3122_1464.23.npy,1464.23,1582.2124,117.98240234374998,8.057641377635342
amostra_3129_3632.20.npy,3632.2,3585.1272,47.07280273437482,1.2959859791414245
amostra_3133_2522.30.npy,2522.3,2640.135,117.83500976562482,4.6717285717648505
amostra_3152_1169.88.npy,1169.88,1204.212,34.33203613281239,2.93466305371597
amostra_3154_2730.56.npy,2730.56,2740.3372,9.777158203125055,0.35806421404858546
amostra_3156_3293.24.npy,3293.24,3296.6401,3.4001367187502183,0.10324594377422291
amostra_3158_2544.97.npy,2544.97,2586.7695,41.7995312500002,1.6424370915963726
amostra_3160_3736.45.npy,3736.45,3774.6787,38.22871093750018,1.0231291985039324
amostra_3164_2987.80.npy,2987.8,3166.9465,179.14653320312482,5.995934574038584
amostra_3177_3520.09.npy,3520.09,3645.2405,125.15047851562485,3.5553204183877356
amostra_3178_1804.78.npy,1804.78,1906.6655,101.88552734375003,5.645315625380935
amostra_3179_2166.00.npy,2166.0,2203.5452,37.545166015625,1.7333871660030011
amostra_3183_1824.45.npy,1824.45,1904.8392,80.38923339843745,4.4062174024192196
amostra_3190_2796.94.npy,2796.94,2832.322,35.382021484374945,1.2650261172701218
amostra_3191_2519.27.npy,2519.27,2520.1323,0.8623242187500182,0.034229130611249214
amostra_3204_3054.16.npy,3054.16,2988.4963,65.66366210937485,2.149974530128574
amostra_3213_2135.48.npy,2135.48,2106.6987,28.781269531250018,1.347765819921049
amostra_3218_2852.19.npy,2852.19,3030.3906,178.20062499999995,6.24785252735617
amostra_3225_1661.53.npy,1661.53,1747.8236,86.29360839843753,5.19362325076511
amostra_3247_3052.68.npy,3052.68,3158.132,105.45208007812516,3.4544098981264058
amostra_3248_2761.54.npy,2761.54,2934.0127,172.47269531250004,6.245525877318454
amostra_3252_2066.64.npy,2066.64,2112.5115,45.87147460937513,2.2196161213068133
amostra_3263_1963.03.npy,1963.03,1978.6792,15.649199218750027,0.7971961314269282
amostra_3264_4089.45.npy,4089.45,4131.27,41.82001953125018,1.0226318828020928
amostra_3272_2692.35.npy,2692.35,2799.569,107.21909179687509,3.9823608296423236
amostra_3276_1616.30.npy,1616.3,1624.4934,8.193408203125045,0.5069237272242186
amostra_3284_2194.06.npy,2194.06,2249.0046,54.944638671875055,2.504245037595829
amostra_3287_1898.38.npy,1898.38,1997.9285,99.54846679687489,5.243864073413905
amostra_3289_2709.91.npy,2709.91,2764.246,54.336093750000146,2.005088499249058
amostra_3293_1057.34.npy,1057.34,1118.1525,60.81246582031258,5.751457981378987
amostra_3301_3044.70.npy,3044.7,3078.1301,33.43012695312518,1.097977697412723
amostra_3306_2574.43.npy,2574.43,2553.808,20.621894531249836,0.8010275879029469
amostra_3310_2650.49.npy,2650.49,2747.6855,97.19554687500022,3.6670784222917354
amostra_3318_1561.95.npy,1561.95,1624.9878,63.037792968749955,4.035839365456638
amostra_3322_3512.28.npy,3512.28,3629.994,117.7138964843748,3.351495224878848
amostra_3327_4370.62.npy,4370.62,4459.2417,88.62169921875011,2.0276688254469644
amostra_3328_2431.84.npy,2431.84,2602.5762,170.73617187499985,7.020863702998546
amostra_3329_1653.23.npy,1653.23,1622.4198,30.810200195312518,1.8636366503942292
amostra_3332_1527.16.npy,1527.16,1450.1261,77.03390136718758,5.04425871337565
amostra_3344_2490.47.npy,2490.47,2526.2761,35.8061230468752,1.4377255316014728
amostra_3347_3345.95.npy,3345.95,3461.1514,115.20136718750018,3.443009225705709
amostra_3355_2917.63.npy,2917.63,3025.0645,107.43445312499989,3.6822507694601403
amostra_3359_3892.77.npy,3892.77,3989.8442,97.07423828125002,2.4937059800925825
amostra_3360_2676.62.npy,2676.62,2701.2422,24.62218750000011,0.9198985100612006
amostra_3363_3701.05.npy,3701.05,3759.3752,58.32524414062482,1.5759107318362306
amostra_3369_2804.82.npy,2804.82,2883.0984,78.27838867187484,2.7908524850747938
amostra_3372_1982.25.npy,1982.25,2175.9492,193.69921875,9.77168463866818
amostra_3373_2465.87.npy,2465.87,2652.0923,186.2222851562501,7.551991189975552
amostra_3374_2420.37.npy,2420.37,2564.7668,144.3968457031251,5.965899664230061
amostra_3380_2167.83.npy,2167.83,2195.7556,27.925615234375073,1.2881828941556797
amostra_3383_2911.40.npy,2911.4,2941.723,30.32290039062491,1.0415229920527893
amostra_3387_1396.29.npy,1396.29,1451.5111,55.221108398437536,3.9548452254501245
amostra_3389_2164.82.npy,2164.82,2225.331,60.511054687499836,2.7952002793534723
amostra_3398_2782.18.npy,2782.18,2753.6648,28.515205078124836,1.0249230847078492
amostra_3400_2775.00.npy,2775.0,2920.9817,145.981689453125,5.2606014217342345
amostra_3405_2829.84.npy,2829.84,2749.5925,80.24747070312515,2.8357599971420693
amostra_3416_4036.99.npy,4036.99,4207.7036,170.71361328125022,4.228735104155577
amostra_3417_2544.11.npy,2544.11,2683.5364,139.42637695312487,5.4803596131112595
amostra_3419_3448.70.npy,3448.7,3585.76,137.06000976562518,3.974251450274747
amostra_3431_1426.80.npy,1426.8,1379.2833,47.516674804687455,3.330296804365535
amostra_3437_2814.15.npy,2814.15,2953.7205,139.5704589843749,4.959595578927026
amostra_3447_2349.70.npy,2349.7,2475.1357,125.43574218750018,5.338372651295918
amostra_3448_1809.57.npy,1809.57,1887.8376,78.26764648437506,4.325206899118302
amostra_3449_1323.35.npy,1323.35,1373.0325,49.68247070312509,3.754295590971783
amostra_3453_2327.34.npy,2327.34,2419.1067,91.76668945312485,3.942985960501037
amostra_3461_3193.85.npy,3193.85,3258.7375,64.88754882812509,2.0316404598877558
amostra_3463_1707.36.npy,1707.36,1820.7136,113.3536230468751,6.639116709239709
amostra_3471_2311.12.npy,2311.12,2239.8247,71.29529296874989,3.0848806192992964
amostra_3475_1780.30.npy,1780.3,1904.3865,124.08647460937505,6.969975543974333
amostra_3505_3558.81.npy,3558.81,3537.0657,21.744326171874945,0.6109999177217931
amostra_3508_3873.15.npy,3873.15,3983.552,110.40200195312491,2.8504447788783005
amostra_3512_2140.24.npy,2140.24,2255.0518,114.81175781250022,5.364433793055929
amostra_3515_2651.86.npy,2651.86,2718.7563,66.89634765624987,2.5226198840153655
amostra_3524_2517.91.npy,2517.91,2650.7795,132.86954101562515,5.2769773747125654
amostra_3545_2231.29.npy,2231.29,2340.854,109.56400390625004,4.910343519051761
amostra_3552_2389.18.npy,2389.18,2491.5051,102.32512695312516,4.282855496577285
amostra_3562_3014.73.npy,3014.73,3011.0308,3.699238281250018,0.12270545890510985
amostra_3566_4018.23.npy,4018.23,4118.09,99.85984374999998,2.4851699317858857
amostra_3568_2510.56.npy,2510.56,2414.1772,96.38275390624995,3.8390938239376853
amostra_3571_1440.40.npy,1440.4,1573.9087,133.5086914062499,9.268862219262004
amostra_3574_2005.07.npy,2005.07,1948.3994,56.670585937499936,2.8263644629613895
amostra_3577_2609.77.npy,2609.77,2784.0393,174.26930664062502,6.677573373922799
amostra_3580_2087.50.npy,2087.5,2133.633,46.133056640625,2.209966785179641
amostra_3589_2494.26.npy,2494.26,2611.3013,117.04126953124978,4.692424588104278
amostra_3591_2395.67.npy,2395.67,2591.5554,195.88541992187493,8.17664452624422
amostra_3602_2586.00.npy,2586.0,2651.6914,65.69140625,2.540270930007734
amostra_3604_1952.20.npy,1952.2,1991.9858,39.785839843749955,2.0380001968932464
amostra_3612_1185.24.npy,1185.24,1226.5756,41.33556152343749,3.487526705429912
amostra_3613_2746.23.npy,2746.23,2855.9521,109.72214843749998,3.9953736008091085
amostra_3623_2384.79.npy,2384.79,2502.0647,117.27469726562504,4.917611079618124
amostra_3628_2995.38.npy,2995.38,3120.3147,124.93469726562489,4.170913115051341
amostra_3630_2456.79.npy,2456.79,2425.1133,31.676718749999964,1.2893539435604982
amostra_3632_2701.58.npy,2701.58,2732.761,31.180986328125073,1.1541759388256159
amostra_3635_1298.56.npy,1298.56,1260.6473,37.912661132812445,2.9195925588969667
amostra_3656_1833.65.npy,1833.65,1928.3024,94.65236816406241,5.161964833204942
amostra_3664_2058.83.npy,2058.83,2167.8528,109.02278320312507,5.295375684399638
amostra_3672_2836.66.npy,2836.66,3014.4895,177.82950195312515,6.268974849052237
amostra_3680_1161.39.npy,1161.39,1241.6816,80.2916406249999,6.913408986214785
amostra_3683_2669.85.npy,2669.85,2701.221,31.37094726562509,1.175007856831848
amostra_3685_3761.23.npy,3761.23,3921.019,159.78904296874998,4.248318846992872
amostra_3686_1918.16.npy,1918.16,1975.739,57.57901367187492,3.0017836714286044
amostra_3695_3861.30.npy,3861.3,3863.0396,1.739550781249818,0.04505090982958636
amostra_3697_3077.44.npy,3077.44,3018.8438,58.596250000000055,1.9040582432151416
amostra_3700_1725.89.npy,1725.89,1733.6302,7.7402490234374,0.4484786993051353
amostra_3701_2788.80.npy,2788.8,2765.3586,23.441357421875182,0.8405535506983355
amostra_3706_2268.19.npy,2268.19,2266.7515,1.4385351562500546,0.06342216288097799
amostra_3711_2276.64.npy,2276.64,2405.5027,128.86268554687513,5.660213540431299
amostra_3713_2694.53.npy,2694.53,2863.614,169.0840136718748,6.275083731555217
amostra_3716_3365.70.npy,3365.7,3464.3306,98.63056640625018,2.9304622041848702
amostra_3717_2226.63.npy,2226.63,2358.1582,131.5282031249999,5.9070525019873035
amostra_3718_2565.55.npy,2565.55,2677.7144,112.16435546874982,4.37194190207752
amostra_3719_2051.07.npy,2051.07,2093.532,42.461982421874836,2.070235653677097
amostra_3722_1865.34.npy,1865.34,2057.0947,191.75472656250008,10.279880695342408
amostra_3723_1265.82.npy,1265.82,1319.6271,53.807075195312564,4.250768292119935
amostra_3725_1320.29.npy,1320.29,1359.6128,39.322792968750036,2.9783451339289124
amostra_3734_1970.33.npy,1970.33,2090.8582,120.52815429687507,6.1171557199492
amostra_3740_2562.32.npy,2562.32,2532.9636,29.356376953125164,1.1456951884669035
amostra_3742_4446.53.npy,4446.53,4469.169,22.638945312500255,0.5091373568265649
amostra_3743_1673.38.npy,1673.38,1857.9056,184.5256396484374,11.027121134974566
amostra_3757_2603.19.npy,2603.19,2719.6213,116.43133789062495,4.472640794203456
amostra_3758_2730.38.npy,2730.38,2650.9236,79.45641601562511,2.910086362177613
amostra_3762_1255.51.npy,1255.51,1279.5493,24.03931640625001,1.9147052915747391
amostra_3763_1956.55.npy,1956.55,2056.8225,100.27250976562505,5.124965360743403
amostra_3768_2582.54.npy,2582.54,2743.9932,161.45316406250004,6.251719782171817
amostra_3770_2253.47.npy,2253.47,2347.2937,93.8237011718752,4.163521199389174
amostra_3773_1742.20.npy,1742.2,1770.0674,27.867382812499955,1.5995513036677738
amostra_3777_3465.22.npy,3465.22,3618.153,152.9330761718752,4.413372777828687
amostra_3785_1916.38.npy,1916.38,2011.9971,95.61707031249989,4.989462962069104
amostra_3800_2740.95.npy,2740.95,2817.3364,76.38642578125018,2.7868595115288564
amostra_3805_2547.44.npy,2547.44,2741.6787,194.23871093749995,7.624859111009481
amostra_3807_928.94.npy,928.94,1106.3882,177.44818359374995,19.10222227417809
amostra_3809_1954.92.npy,1954.92,2037.0289,82.10893066406243,4.200117174312116
amostra_3813_1712.57.npy,1712.57,1831.7799,119.20990722656256,6.960877933547975
amostra_3827_3114.52.npy,3114.52,3182.1033,67.58327148437502,2.1699418043350187
amostra_3831_2392.96.npy,2392.96,2526.9912,134.03121093749996,5.60106357555078
amostra_3834_2082.14.npy,2082.14,2160.481,78.34095703125013,3.7625211095915803
amostra_3852_1888.07.npy,1888.07,1957.8657,69.79572265625006,3.696670285331056
amostra_3854_2426.10.npy,2426.1,2535.5889,109.48886718750009,4.512957717633243
amostra_3856_1951.06.npy,1951.06,2094.8645,143.80450195312505,7.370583270280005
amostra_3869_3060.13.npy,3060.13,3157.1936,97.06360351562489,3.1718784337797707
amostra_3870_1612.22.npy,1612.22,1717.4233,105.20333984374997,6.525371217560257
amostra_3872_2303.94.npy,2303.94,2230.35,73.58990234375005,3.1940893575245037
amostra_3875_3347.08.npy,3347.08,3348.8086,1.7285937500000728,0.05164482922428125
amostra_3877_2669.04.npy,2669.04,2723.6768,54.636757812500036,2.0470565376502425
amostra_3879_2112.96.npy,2112.96,2194.9233,81.96333984374996,3.879076738023908
amostra_3886_2098.08.npy,2098.08,2111.8293,13.749345703125073,0.6553299065395539
amostra_3905_1038.05.npy,1038.05,1145.5413,107.49125976562505,10.355113892936279
amostra_3909_1869.96.npy,1869.96,2040.805,170.84505371093746,9.13629455768773
amostra_3913_1699.37.npy,1699.37,1843.4677,144.0976513671876,8.479474826976327
amostra_3915_2509.16.npy,2509.16,2535.6682,26.508212890625146,1.0564576547778997
amostra_3918_1408.10.npy,1408.1,1365.3783,42.72170410156241,3.0339964563285573
amostra_3927_2383.21.npy,2383.21,2348.3123,34.897744140625036,1.4643167887271804
amostra_3933_1707.54.npy,1707.54,1629.6791,77.86092285156246,4.559830097775892
amostra_3934_2817.29.npy,2817.29,2912.5803,95.29032226562504,3.382339846647844
amostra_3942_2968.48.npy,2968.48,3176.0396,207.55955078124998,6.992115519769376
amostra_3944_2429.23.npy,2429.23,2433.4502,4.220195312499982,0.17372563785643935
amostra_3949_2028.68.npy,2028.68,2003.7074,24.972602539062564,1.2309779038124575
amostra_3955_1558.05.npy,1558.05,1676.9227,118.87272949218755,7.6295837419972115
amostra_3957_2135.00.npy,2135.0,2065.6804,69.319580078125,3.246818739022248
amostra_3959_2119.80.npy,2119.8,2162.4265,42.62651367187482,2.010874312287707
amostra_3960_3026.93.npy,3026.93,3066.5925,39.662529296875164,1.3103219861997193
amostra_3963_1707.87.npy,1707.87,1693.9624,13.90759765624989,0.8143241380345044
amostra_3970_2065.97.npy,2065.97,2260.067,194.0968945312502,9.394952227343582
amostra_3973_3783.83.npy,3783.83,3857.431,73.60090820312507,1.9451431011204274
amostra_3975_2525.19.npy,2525.19,2596.0295,70.83954101562495,2.8053152838251756
amostra_3982_2572.55.npy,2572.55,2643.5813,71.03129882812482,2.7611241308477896
amostra_3985_3473.87.npy,3473.87,3566.3726,92.50255859375011,2.662810024374836
amostra_3993_1477.50.npy,1477.5,1585.6936,108.193603515625,7.322748122884941
amostra_3998_2805.25.npy,2805.25,2917.239,111.989013671875,3.9921224016353265
amostra_4003_2284.18.npy,2284.18,2275.27,8.909980468749836,0.3900734823328213
amostra_4014_2632.98.npy,2632.98,2730.4204,97.44041015624998,3.700765298492582
amostra_4018_2991.08.npy,2991.08,3091.957,100.87703125000007,3.372595559129146
amostra_4036_1530.72.npy,1530.72,1464.0758,66.64419433593753,4.353780857108911
amostra_4044_2875.91.npy,2875.91,3007.1248,131.21475585937515,4.562547362726064
amostra_4045_2973.90.npy,2973.9,3086.7676,112.86757812499991,3.795271465920169
amostra_4046_2141.38.npy,2141.38,2208.7725,67.39246093749989,3.147150946469094
amostra_4051_2084.82.npy,2084.82,2177.7595,92.93952148437484,4.457915862490518
amostra_4053_2173.29.npy,2173.29,2218.2769,44.986855468750036,2.0699886102982132
amostra_4054_2067.45.npy,2067.45,2059.0164,8.433642578124818,0.40792486290477736
