real,previsto,erro_abs,erro_rel_percent
1918.16,1917.21,0.95007324,0.049530447
1255.51,1342.98,87.46997,6.9668875
3106.45,2888.8386,217.61133,7.0051455
2590.32,2702.1755,111.85547,4.3182106
2135.0,2293.8975,158.89746,7.442504
2886.84,2712.8,174.04004,6.0287385
2055.23,2258.8726,203.64258,9.908505
1647.38,1823.5914,176.21143,10.696465
2345.11,2622.79,277.67993,11.840805
3708.96,3551.3267,157.6333,4.2500677
1808.85,1764.3099,44.54004,2.46234
2681.49,2384.1948,297.29517,11.086939
2906.7,2598.1802,308.51978,10.614091
1985.55,2062.41,76.85986,3.8709607
2221.14,2248.6934,27.553467,1.2405102
3083.32,2861.28,222.04004,7.2013297
1239.89,1587.692,347.802,28.051037
2582.21,2271.3433,310.8667,12.038784
2867.39,2805.2832,62.10669,2.165966
2455.82,2457.7932,1.9731445,0.080345646
2383.73,2443.78,60.05005,2.5191634
2613.05,2712.8,99.75,3.817378
2573.64,2690.895,117.25513,4.5560036
1409.12,1552.4353,143.3153,10.170553
1871.79,2049.8137,178.02368,9.510879
1474.94,1405.984,68.95593,4.675169
1725.53,1967.915,242.38501,14.046989
1834.42,1703.3256,131.09448,7.146372
961.38,807.636,153.74402,15.992013
2509.34,2485.6746,23.665527,0.94309765
1900.94,1915.92,14.980103,0.78803664
2326.18,2198.3513,127.82861,5.495216
2536.37,2443.78,92.59009,3.6504958
2179.11,2489.1936,310.0835,14.229822
2404.29,2712.8,308.51,12.831648
3106.65,3075.93,30.71997,0.98884565
2260.89,2071.175,189.71484,8.391158
1455.94,1501.1195,45.179565,3.10312
2328.29,2443.78,115.48999,4.9602923
2252.55,2358.8132,106.26318,4.7174616
1784.38,1656.48,127.900024,7.1677575
1824.45,1572.2094,252.2406,13.82557
2991.08,3133.7688,142.68872,4.770475
3433.81,2916.5212,517.2888,15.064573
3408.22,3260.0024,148.21753,4.3488255
2098.05,1968.1863,129.86377,6.1897364
1373.59,1572.2094,198.61938,14.459874
2690.85,2457.7932,233.05688,8.661088
2115.41,2094.671,20.739014,0.98037803
1852.4,1916.192,63.791992,3.4437482
1820.4,2198.3513,377.9513,20.76199
3674.97,3551.3267,123.64331,3.3644714
2876.45,3182.192,305.74194,10.629142
1827.7,2255.81,428.1101,23.423435
1900.77,1725.125,175.64502,9.240729
2141.38,2569.5007,428.12085,19.992756
2140.55,2026.3966,114.15344,5.3329024
1730.96,1621.235,109.724976,6.338967
2954.12,3090.408,136.28784,4.6134834
1311.3,1248.6683,62.631714,4.7763066
1923.59,2287.3474,363.75745,18.910343
2636.09,2450.3901,185.69995,7.0445223
2523.04,2345.3577,177.68237,7.0423923
3036.02,2719.9,316.12012,10.41232
2627.89,2432.5298,195.3601,7.434106
2443.8,3888.35,1444.55,59.110813
1937.16,2248.6934,311.53333,16.08196
2694.71,2803.1401,108.430176,4.023816
2310.68,1890.68,419.99988,18.176464
1895.3,1700.0209,195.27917,10.303339
3976.83,3805.3599,171.47021,4.311731
2875.35,2877.18,1.829834,0.06363865
3169.02,2670.9324,498.08765,15.717403
4116.59,3305.9,810.68994,19.693241
1616.3,1621.235,4.9349365,0.30532303
2871.06,3489.678,618.6179,21.546673
1746.61,2035.9299,289.31995,16.564657
2301.19,2254.5232,46.666748,2.0279398
3380.46,3293.72,86.73999,2.5659227
2393.57,2273.865,119.70508,5.00111
2737.07,2932.61,195.54004,7.1441374
2887.08,2633.615,253.46509,8.779288
1372.27,1572.2094,199.93933,14.569969
2823.1,3075.93,252.82983,8.955751
1876.94,1897.08,20.140015,1.0730239
964.29,988.2033,23.91333,2.4798899
2330.48,2271.3433,59.13672,2.5375338
1953.02,1703.3256,249.69446,12.785043
1331.43,1381.38,49.94995,3.7516017
1989.78,2141.55,151.77002,7.6274776
2353.69,2709.3,355.6101,15.108622
1749.57,1700.0209,49.549072,2.8320715
2301.81,2215.11,86.69995,3.766599
1188.48,1248.6683,60.188354,5.064314
1711.82,1703.3256,8.494385,0.49621952
2278.38,2414.022,135.64209,5.953445
2164.81,1689.56,475.25,21.953428
3784.44,3724.9512,59.48877,1.5719305
2053.46,1967.915,85.54492,4.165892
2345.65,2434.107,88.45703,3.7711098
1799.6,1785.37,14.22998,0.79073024
3479.63,2719.9,759.73,21.833643
2401.85,2130.6675,271.18262,11.290572
3033.24,2933.1543,100.08569,3.2996302
3716.25,3448.19,268.06006,7.213187
2742.7,2615.085,127.61499,4.6528964
1317.2,1248.6683,68.53162,5.2028255
2113.67,1786.2766,327.3933,15.489329
2280.0,2591.618,311.61792,13.667452
1817.76,2049.8137,232.05371,12.765916
3859.47,3795.585,63.88501,1.6552793
2678.67,2414.022,264.64795,9.879827
2307.83,2123.1443,184.68579,8.002573
1147.8,1223.6565,75.856445,6.6088557
2377.71,2358.3875,19.32251,0.81265205
3967.58,3940.335,27.245117,0.68669355
2561.06,2457.7932,103.266846,4.0321918
1524.7,1610.0725,85.37256,5.5993023
2947.55,3316.8625,369.3125,12.529473
1873.78,1879.0209,5.2408447,0.2796937
2877.73,3118.7734,241.04346,8.376166
2769.21,2339.531,429.67896,15.5163
1734.98,1968.1863,233.2063,13.441441
2304.55,2341.49,36.93994,1.6029134
3012.89,2849.18,163.70996,5.4336524
2806.34,2808.824,2.4838867,0.08850983
3466.01,3205.28,260.72998,7.522482
3805.52,3633.9834,171.53662,4.5075736
3117.84,3254.09,136.25,4.3700123
1363.21,1501.1195,137.90955,10.11653
2901.06,2681.72,219.34009,7.5606875
2995.38,3037.72,42.340088,1.4135132
2937.63,2731.73,205.8999,7.009049
1580.53,1684.6654,104.135376,6.5886364
1206.96,1109.7699,97.19006,8.052467
2790.42,2791.69,1.2700195,0.045513563
1675.18,1405.984,269.19604,16.06968
2231.13,2376.7,145.57007,6.5245004
2029.21,2330.8733,301.66333,14.866048
1620.66,1446.7693,173.89075,10.729625
1258.64,1339.3817,80.7417,6.414995
2206.37,2345.3577,138.98755,6.2993755
3645.38,3955.9612,310.5813,8.519861
918.87,1021.7021,102.83209,11.191147
2912.56,3011.165,98.60498,3.3855088
2546.07,2555.21,9.139893,0.35898042
1072.09,1090.9,18.810059,1.7545223
3131.02,3054.16,76.86011,2.4547946
1737.04,1839.64,102.599976,5.906598
2677.72,2649.2275,28.492432,1.0640557
1765.46,1891.58,126.119995,7.143747
1544.17,1684.6654,140.49536,9.098438
2368.81,2591.618,222.80786,9.405898
2490.22,2591.618,101.39795,4.071847
1551.83,1649.1901,97.36011,6.2738905
1824.46,1955.6176,131.1576,7.1888447
1379.46,2154.3079,774.8479,56.17038
2185.45,1864.7753,320.67468,14.673166
1835.44,2154.3079,318.86792,17.372833
2330.02,2203.2688,126.75122,5.43992
1452.09,1269.0,183.08997,12.608721
3391.58,3078.31,313.27002,9.236698
3239.2,3248.4724,9.272461,0.28625774
1724.07,1621.235,102.83496,5.964663
3564.99,3337.4575,227.53247,6.3824153
2683.67,2762.94,79.27002,2.9537916
2420.66,2335.096,85.563965,3.534737
3033.97,2725.2766,308.69336,10.174569
4321.7,4383.94,62.239746,1.440168
1928.05,1823.5914,104.45862,5.4178376
3034.11,3252.4775,218.36743,7.1970835
2301.86,2322.775,20.914795,0.9086041
1912.96,1764.3099,148.65002,7.7706814
875.51,807.636,67.87402,7.7525125
2983.46,2916.5212,66.93872,2.2436607
1707.36,1519.1986,188.16138,11.020604
2324.81,2358.3875,33.577393,1.4443069
2084.82,2086.064,1.2438965,0.059664454
3940.57,3535.65,404.92017,10.275675
3266.23,3634.04,367.81006,11.260997
2089.85,1968.1863,121.66382,5.821653
2154.78,2026.3966,128.38342,5.9580755
2391.35,2312.08,79.27002,3.3148646
3645.54,3353.8567,291.68335,8.001101
2316.55,2383.0967,66.54663,2.872661
3288.29,3165.0435,123.24658,3.7480447
2650.49,2898.0442,247.5542,9.339941
1817.94,1572.2094,245.73059,13.51698
2021.19,1888.8225,132.36743,6.548985
2632.2,2771.0466,138.84668,5.274929
2037.78,2233.448,195.66797,9.602016
3410.22,3327.584,82.63599,2.4231863
2654.24,2616.4565,37.783447,1.4235128
2738.06,2564.298,173.76196,6.3461704
3461.53,3705.3633,243.83325,7.044089
1719.94,1637.1467,82.79321,4.813727
2968.23,2898.0442,70.18579,2.364567
2485.66,2838.635,352.9751,14.200458
2342.97,2094.671,248.29907,10.597621
2161.01,2216.01,55.0,2.5451062
2073.85,2330.8733,257.0232,12.393528
2419.13,2414.022,5.10791,0.2111466
2759.47,2933.1543,173.68433,6.2941194
2484.32,2421.7026,62.61743,2.520506
3035.07,3192.1367,157.06665,5.1750584
3108.16,2916.5212,191.63867,6.1656632
4353.11,3955.9612,397.14868,9.123332
3430.12,3114.5151,315.60498,9.20099
1831.86,1661.41,170.44995,9.304748
3170.58,3193.85,23.27002,0.7339357
1681.42,1705.62,24.199951,1.4392567
2647.63,2709.3,61.670166,2.3292594
2788.8,3076.44,287.6399,10.31411
2621.51,2933.1543,311.6443,11.887968
2676.56,2579.325,97.23511,3.6328387
2609.66,2759.3667,149.70679,5.7366395
2765.53,2489.1936,276.33643,9.992168
2755.79,2457.7932,297.99683,10.81348
3101.47,2931.5425,169.92749,5.478934
1548.57,1468.334,80.23596,5.181294
2387.11,2030.2916,356.81848,14.947719
2339.62,2623.6094,283.98926,12.138264
2709.91,2655.3818,54.528076,2.0121732
1871.91,2049.345,177.43494,9.478818
2888.83,2574.29,314.54004,10.888145
2574.07,2260.44,313.63013,12.184211
1546.13,1879.0209,332.89087,21.530586
1507.38,1705.62,198.23999,13.151296
3016.02,3009.52,6.5,0.21551582
1960.64,1891.58,69.06006,3.5223224
3201.83,3117.714,84.11597,2.6271214
2574.47,2417.1,157.36987,6.1127095
2152.87,2377.52,224.6499,10.434902
1938.78,2115.81,177.03003,9.1310005
2715.36,2450.3901,264.96997,9.758189
3194.03,3037.72,156.31006,4.8938193
2510.56,2312.3933,198.16675,7.893328
2411.96,2332.2,79.76001,3.3068545
2238.67,1879.0209,359.64905,16.065302
2938.17,2892.7415,45.428467,1.5461484
2812.93,2952.1584,139.22852,4.9495907
2601.59,2615.81,14.219971,0.5465877
2513.01,2358.8132,154.19678,6.1359396
2503.59,2233.448,270.1421,10.790189
2968.48,3535.65,567.1699,19.10641
2059.34,2188.373,129.03296,6.2657433
3350.8,3164.6233,186.17676,5.556188
1622.44,1592.935,29.504883,1.81855
2315.53,1879.0209,436.50916,18.851372
2418.87,2330.8733,87.996826,3.637931
3196.34,2882.215,314.125,9.827646
2836.63,2598.1802,238.4497,8.406092
3179.63,2690.68,488.94995,15.377574
3366.56,3360.685,5.875,0.17451048
1733.67,1908.4099,174.73987,10.079188
1999.16,1694.317,304.84302,15.248555
2214.42,2030.2916,184.1283,8.314967
2680.5,2414.022,266.47803,9.941355
2407.37,2414.022,6.6518555,0.2763121
3674.16,2869.31,804.84985,21.905685
1693.16,1864.7644,171.60437,10.135154
1831.47,2043.0836,211.61365,11.554306
2031.96,1863.51,168.44995,8.290024
1963.03,1932.22,30.810059,1.5695155
2406.61,2207.6199,198.99023,8.268487
3648.42,3465.4766,182.94336,5.0143175
2220.39,2115.81,104.579834,4.709976
3179.57,3337.4575,157.88745,4.965686
1988.81,2271.3433,282.5332,14.206142
3157.79,2835.49,322.30005,10.206507
1590.97,1248.6683,342.30164,21.51528
2513.27,2659.989,146.719,5.837773
2401.55,2091.4114,310.13867,12.914104
1712.13,1892.84,180.70996,10.554687
2004.88,2520.48,515.6,25.717249
2197.44,2271.3433,73.90332,3.3631556
2781.28,2740.1772,41.102783,1.477837
2492.12,2659.989,167.8689,6.735987
2881.2,2643.1572,238.04272,8.26193
1393.69,1156.742,236.948,17.001486
2208.87,1927.36,281.51013,12.744531
2700.01,2898.0442,198.03418,7.334572
1661.81,1499.6572,162.15283,9.757603
2767.58,2605.97,161.6101,5.8394012
1477.3,1499.9862,22.686157,1.53565
2655.21,2933.1543,277.94434,10.467885
2886.82,3133.7688,246.94873,8.554352
1592.14,1945.742,353.60193,22.209223
2678.45,2615.81,62.639893,2.338662
3355.54,3465.4766,109.93652,3.2762692
3174.44,3380.7644,206.32446,6.499555
1713.57,1684.6654,28.904541,1.6868025
1298.56,1439.93,141.37,10.886674
2869.17,2962.646,93.476074,3.2579486
1900.98,1786.2766,114.70337,6.033907
3541.12,3587.9077,46.787598,1.3212655
3067.79,3254.09,186.30005,6.0727773
1259.51,1021.7021,237.80792,18.880987
2396.15,1888.8066,507.34326,21.17327
2150.1,2271.3433,121.243164,5.6389546
2062.88,2123.1443,60.264404,2.9213724
2814.15,2655.3818,158.76807,5.641777
3109.14,3071.0308,38.10913,1.225713
2777.11,3337.4575,560.3474,20.177357
2622.67,2712.8,90.13013,3.4365792
3159.97,2862.46,297.51,9.414964
2223.95,2359.536,135.58594,6.096627
2129.6,1927.36,202.24011,9.496624
3083.68,3182.192,98.51196,3.1946235
1323.35,1468.6371,145.28711,10.978737
2769.13,2962.646,193.51611,6.988336
1354.33,1021.7021,332.62787,24.560328
3161.48,2990.83,170.6499,5.3977857
1684.04,1770.6267,86.58667,5.141604
2089.21,2335.096,245.88599,11.769329
1819.29,1931.83,112.53992,6.185925
3021.42,2643.1572,378.2627,12.519368
2349.7,2071.175,278.5249,11.853637
2971.58,2523.92,447.66016,15.064718
2434.44,2273.865,160.57495,6.5959706
1190.31,1223.6565,33.346436,2.8014915
2623.33,2434.107,189.22314,7.2130895
3157.41,3260.0024,102.59253,3.2492623
2408.77,2359.536,49.23413,2.0439532
2174.71,2499.8801,325.17017,14.952347
1636.98,1945.742,308.76196,18.861683
2135.48,2154.3079,18.82788,0.88166976
2574.51,2859.4724,284.9624,11.068607
2233.3,2123.1443,110.15576,4.932421
2375.25,2429.02,53.77002,2.2637627
2904.72,2719.9,184.82007,6.3627496
2192.8,1891.58,301.2201,13.736778
2141.66,1919.555,222.10486,10.3706875
3235.27,3262.7734,27.503418,0.85011196
2736.62,2725.2766,11.343506,0.4145079
2127.31,2421.7026,294.39258,13.838725
2805.25,2591.618,213.63208,7.615438
3474.59,2893.76,580.8301,16.716507
3482.73,3705.3633,222.6333,6.3924937
3049.48,2702.1755,347.30444,11.388972
3582.42,3841.96,259.54004,7.2448244
2549.24,2345.3577,203.88232,7.9977694
1372.31,1501.1195,128.80945,9.386323
2724.14,2426.4226,297.7173,10.928854
2815.36,2623.6094,191.75073,6.8108773
2529.83,2188.373,341.45703,13.4972315
1631.07,1405.984,225.08594,13.799895
3015.77,3264.4482,248.67822,8.245928
3278.53,3407.58,129.05005,3.9362166
2542.28,2386.5334,155.74658,6.126256
1687.09,1540.46,146.63,8.691298
3139.57,3364.0798,224.50977,7.150972
1533.19,1446.7693,86.420654,5.6366568
1843.96,1823.5914,20.36853,1.104608
2199.19,2198.3513,0.83862305,0.03813327
1517.79,1691.49,173.69995,11.444267
1094.42,1275.06,180.64001,16.505547
2859.09,3114.31,255.21997,8.926615
1560.36,1842.23,281.87,18.06442
1070.64,1021.7021,48.937927,4.570904
1888.07,2165.3374,277.26746,14.685233
2008.59,2171.144,162.55408,8.092945
2008.63,2068.46,59.829956,2.9786448
3392.84,3252.4775,140.36255,4.1370225
1472.67,1572.2094,99.53931,6.7591043
1610.42,1552.4353,57.98474,3.6005974
2881.53,3014.844,133.31396,4.626499
3941.27,3360.685,580.58496,14.730911
1957.93,1877.0616,80.86841,4.1303015
1236.61,1405.984,169.37402,13.696641
2418.91,2358.3875,60.52246,2.5020552
1602.94,1945.742,342.802,21.38583
3370.35,3260.0024,110.34766,3.2740712
2422.12,2759.3667,337.24658,13.923611
1994.39,1891.58,102.81006,5.1549625
2544.06,2434.107,109.953125,4.3219547
1988.78,2056.46,67.67993,3.4030876
1949.22,1967.915,18.695068,0.95910513
2249.94,2404.9011,154.96118,6.887347
1500.2,1703.3256,203.12561,13.539903
2636.71,2712.8,76.09009,2.8857968
1633.32,1446.25,187.06995,11.453356
2082.87,2203.2688,120.39868,5.7804217
2528.13,2678.2944,150.16455,5.9397483
2601.92,2977.81,375.89014,14.446645
3000.46,2725.2766,275.18335,9.171371
3039.74,2598.1802,441.5598,14.526236
4000.72,4270.95,270.23022,6.75454
2776.96,2740.1772,36.782715,1.3245677
2069.99,1689.56,380.42993,18.378347
1147.49,1313.2201,165.7301,14.442836
3448.22,3876.2424,428.02246,12.412853
3541.04,3347.4,193.64014,5.468454
3520.09,3305.9,214.19019,6.0847926
2717.19,2457.7932,259.39673,9.546507
1591.13,1705.62,114.48999,7.1955147
3632.2,3448.19,184.01001,5.066076
2083.2,2049.8137,33.38623,1.6026417
1979.56,2094.6384,115.07837,5.8133307
2235.08,2489.1936,254.11353,11.369326
1732.39,1891.58,159.18994,9.189035
1246.16,1245.7861,0.37390137,0.030004283
2437.73,2429.02,8.709961,0.35729802
1599.59,1892.84,293.25,18.332823
3696.09,2931.5425,764.5476,20.685308
2054.16,1879.0209,175.13904,8.526067
3471.49,3380.7644,90.725586,2.613448
2007.32,1823.5914,183.72852,9.152926
2890.4,2813.54,76.85986,2.659143
2166.08,2094.671,71.40918,3.296701
3617.01,3933.13,316.11987,8.739812
2696.74,2468.105,228.63501,8.4782
1465.02,1552.4353,87.41528,5.966832
2330.42,2141.55,188.86987,8.104543
2834.9,2816.595,18.304932,0.6456994
3029.5,3003.562,25.937988,0.8561805
2276.64,1938.14,338.49988,14.868398
1972.16,2068.46,96.29993,4.882967
3146.28,3337.4575,191.17749,6.0763025
2588.75,2559.1025,29.64746,1.1452423
1299.57,1405.984,106.41406,8.188406
4344.97,4383.94,38.969727,0.8968928
3115.09,3264.4482,149.35815,4.794666
2436.68,2449.0542,12.374268,0.5078331
3251.12,3817.2651,566.145,17.413845
2178.44,1891.58,286.86,13.1681385
2182.32,2109.4138,72.90625,3.340768
1884.05,1879.0209,5.029175,0.26693425
3197.65,3337.4575,139.80762,4.372199
1465.23,1621.235,156.005,10.647135
2114.1,2361.139,247.03882,11.685295
2761.54,2417.1,344.43994,12.472749
1859.55,1770.6267,88.92334,4.7819815
2651.29,2434.107,217.1831,8.191601
1351.73,1703.3256,351.59558,26.010784
2937.41,2993.325,55.91504,1.9035491
3193.36,3164.6233,28.736816,0.89989275
1887.08,1823.5914,63.488525,3.3643794
3462.41,3545.18,82.77002,2.390532
2658.11,2559.1025,99.00757,3.7247353
2060.97,2438.2285,377.25854,18.304903
2896.55,2414.022,482.52808,16.658718
2422.7,2623.6094,200.90942,8.29279
3329.26,3448.7,119.43994,3.5875823
1297.78,1248.6683,49.111694,3.784285
1310.03,963.02,347.01,26.488707
3486.69,3448.19,38.5,1.1041992
3806.67,3876.2424,69.57251,1.8276476
1377.44,1499.9862,122.546265,8.896668
2072.89,1877.0616,195.82825,9.447113
1879.69,1640.45,239.23999,12.727631
2231.29,2409.843,178.55298,8.002231
3286.8,3442.34,155.54004,4.7322636
1257.38,1361.31,103.93005,8.265604
2386.39,2213.4824,172.90747,7.245567
2825.71,2655.3818,170.32812,6.0277996
1665.99,1813.0026,147.01257,8.824337
3662.89,3955.9612,293.0713,8.001095
3114.0,3071.0308,42.96924,1.3798728
2285.8,2383.0967,97.29663,4.256568
1832.34,2218.41,386.06995,21.069777
2240.28,2335.096,94.81592,4.232324
2320.95,2241.68,79.27002,3.415413
2481.48,2177.4475,304.03247,12.252063
2167.83,2287.3474,119.517334,5.5132246
4069.69,3632.74,436.94995,10.736689
2451.85,1917.21,534.64014,21.80558
3181.07,3133.7688,47.30127,1.486961
3217.09,2983.725,233.36499,7.253915
2744.37,2888.8386,144.4685,5.2641773
2229.7,2188.373,41.326904,1.8534739
1392.4,1245.7861,146.61389,10.529581
1424.4,1499.6572,75.2572,5.2834315
2248.64,2413.71,165.07007,7.340885
2865.89,2701.45,164.43994,5.7378316
2020.0,2218.41,198.40991,9.822272
2114.79,2250.0076,135.21753,6.3938985
1658.15,1891.58,233.42993,14.077733
1935.8,1864.7644,71.035645,3.6695757
2420.47,2271.3433,149.12671,6.161064
2917.45,2559.585,357.865,12.266362
1652.45,1675.3386,22.888672,1.3851355
2433.26,2443.33,10.070068,0.41385087
2526.7,2816.595,289.89502,11.473267
2900.33,2931.5425,31.212402,1.0761672
1412.54,1499.9862,87.44617,6.1907034
1998.82,1891.58,107.23999,5.3651648
2017.1,2086.064,68.96399,3.4189675
1929.63,2094.671,165.0409,8.552981
2835.06,2457.7932,377.26685,13.30719
1946.01,1891.58,54.430054,2.797008
1559.84,1879.0209,319.1809,20.462414
2582.14,2631.2617,49.121826,1.9023689
2483.26,2740.1772,256.91724,10.345966
1989.29,1710.6226,278.66748,14.008389
2112.39,1891.58,220.80994,10.453086
2115.07,2215.11,100.04004,4.729869
2259.75,2734.4624,474.7124,21.007298
1193.68,1041.395,152.28503,12.757608
2685.05,2414.022,271.02808,10.093967
3399.92,2690.68,709.24,20.86049
3230.65,3114.31,116.33984,3.6011283
1785.06,1945.742,160.68188,9.001483
1549.97,1501.1195,48.850464,3.151704
1800.38,2021.19,220.80994,12.264629
3758.92,4076.225,317.30518,8.441392
1479.13,1348.9773,130.15271,8.799274
3202.35,3535.3328,332.98267,10.398072
2507.84,2339.531,168.30908,6.711316
1423.35,1405.984,17.365967,1.220077
2164.82,2438.2285,273.40845,12.629615
2148.13,2215.11,66.980225,3.1180716
1803.0,1834.005,31.005005,1.7196343
2115.94,2203.2688,87.32886,4.12719
3859.74,4234.97,375.23022,9.721645
3916.68,3535.3328,381.34717,9.73649
1757.03,1821.73,64.69995,3.6823473
3363.29,3705.3633,342.07324,10.170792
4434.93,4446.53,11.599609,0.2615511
1444.45,1540.46,96.01001,6.6468215
2063.37,2489.96,426.58984,20.674423
3957.91,4383.94,426.03003,10.764015
3378.36,3193.85,184.51001,5.461526
2222.69,2383.0967,160.40674,7.2167845
2462.42,2702.1755,239.75562,9.736586
2712.22,2925.5798,213.35986,7.8666134
2176.91,2043.0836,133.8263,6.147535
2779.05,3006.7275,227.67749,8.192637
2440.21,2530.9275,90.71753,3.7176118
1294.43,1109.7699,184.66016,14.26575
1464.23,1839.64,375.41003,25.638735
1844.89,1891.58,46.68994,2.530771
2441.15,2432.5298,8.620117,0.35311708
2493.4,2177.4475,315.9524,12.67155
2694.46,2771.0466,76.58667,2.8423755
2112.6,2094.6384,17.96167,0.85021627
2052.74,1621.235,431.505,21.020927
892.18,1109.7699,217.5899,24.388565
2825.55,2807.735,17.814941,0.63049465
3081.21,2762.13,319.08008,10.355675
2615.97,2712.8,96.83008,3.701498
1663.64,1749.165,85.525024,5.140837
2052.98,1919.555,133.42493,6.4990854
2103.45,2030.2916,73.158325,3.478016
2011.35,1839.7633,171.58667,8.530921
3760.98,3535.3328,225.64722,5.999692
1997.92,1813.0026,184.91748,9.2555
1406.36,1248.6683,157.69165,11.212751
2821.83,2886.23,64.3999,2.2822034
2013.48,1915.92,97.55994,4.8453393
2470.92,2623.6094,152.68945,6.1794577
2688.93,2489.1936,199.73633,7.428097
2435.57,2278.35,157.21997,6.4551616
2991.89,2919.91,71.97998,2.4058366
2065.12,1908.4099,156.7102,7.5884304
2264.38,2381.905,117.52515,5.190169
2354.82,2188.373,166.44702,7.0683537
3014.73,2933.1543,81.57568,2.7059035
1266.49,1401.245,134.755,10.640038
3494.82,3246.7124,248.10767,7.0992975
3647.46,3442.34,205.11987,5.6236362
2235.22,2083.1274,152.09253,6.804365
3387.17,3535.3328,148.16284,4.374237
1586.9,1703.3256,116.42554,7.336665
3272.68,3327.584,54.904053,1.6776482
1332.94,1223.6565,109.28345,8.198678
2855.43,2862.46,7.0300293,0.24619864
1394.39,1649.1901,254.80005,18.273228
2465.87,2690.895,225.0249,9.125578
1281.85,1481.6934,199.84338,15.590233
1699.37,1705.62,6.25,0.36778337
2392.96,2655.3818,262.42188,10.9664135
2382.91,2520.48,137.57007,5.773196
2763.29,2962.646,199.35596,7.214442
2268.45,1971.2,297.25,13.103661
2407.79,2104.455,303.33496,12.598064
1865.96,1978.315,112.35498,6.0212965
2284.18,2623.6094,339.42944,14.860013
2746.23,2740.1772,6.0527344,0.22040159
2813.13,2805.2832,7.8466797,0.27893057
2574.43,2428.56,145.86987,5.666104
2051.49,2172.01,120.52002,5.8747554
2524.13,2104.455,419.6748,16.626514
2173.29,2254.5232,81.233154,3.737796
3191.61,2869.31,322.30005,10.098353
3843.76,3724.9512,118.80884,3.0909536
1591.14,1468.6371,122.50293,7.699066
1967.09,1945.742,21.348022,1.0852591
1530.72,1476.65,54.069946,3.5323215
1578.2,1269.0,309.19995,19.591938
2817.11,2838.635,21.524902,0.7640774
2479.36,2623.6094,144.24927,5.8180037
2410.6,2203.2688,207.3313,8.600817
2114.43,2049.8137,64.61621,3.0559638
2844.56,2977.48,132.91992,4.672776
2742.75,3114.31,371.56006,13.546989
3573.42,3587.9077,14.487793,0.40543213
1724.05,1572.2094,151.8407,8.807209
2218.64,2133.72,84.91992,3.8275666
1371.18,1572.2094,201.0293,14.661042
2879.42,2260.44,618.98,21.49669
2125.25,2434.107,308.85693,14.532735
1921.12,1877.0616,44.05835,2.2933679
914.04,1150.004,235.96405,25.815508
2316.18,2564.298,248.11816,10.712387
3645.96,3311.74,334.21997,9.166858
2056.98,1967.915,89.06494,4.3298883
4646.81,4076.225,570.58496,12.279068
2917.84,2555.21,362.63013,12.428033
2007.98,1891.58,116.400024,5.7968717
2247.99,2624.0725,376.08252,16.729725
2693.98,2898.0442,204.06421,7.574823
1925.24,2104.455,179.21509,9.308715
3272.14,3337.4575,65.31763,1.9961747
2979.26,3084.6301,105.37012,3.5367885
2947.88,2383.0967,564.7832,19.158962
965.42,1021.7021,56.282104,5.8298054
1686.85,1621.235,65.61499,3.8897939
2356.63,2030.2916,326.33826,13.847667
2071.06,1945.742,125.318115,6.050916
4145.6,3024.73,1120.8701,27.037584
2829.84,2598.1802,231.65991,8.186325
1779.66,1703.3256,76.33447,4.289273
2214.62,2450.3901,235.77002,10.6460705
3612.15,3724.9512,112.80127,3.1228292
3336.05,3876.2424,540.1924,16.192575
2923.71,2605.97,317.74,10.867699
1752.97,1924.7749,171.80493,9.800792
1382.12,1446.7693,64.64929,4.6775455
2252.72,2359.0933,106.37329,4.7219934
2790.44,2383.0967,407.34326,14.5978155
2466.2,2655.3818,189.18188,7.6709876
2874.84,3058.365,183.5249,6.38383
1776.24,1888.8225,112.58252,6.338249
1670.12,1759.5128,89.39282,5.352479
1319.16,1245.7861,73.3739,5.562168
2541.89,2188.373,353.51685,13.907639
3656.99,3764.28,107.29004,2.9338348
2784.41,2559.1025,225.30737,8.091745
2983.32,2489.1936,494.12646,16.562971
1756.79,1703.3256,53.464478,3.043305
2624.11,2633.4133,9.303223,0.35452867
3829.95,3724.9512,104.99878,2.7415183
2404.9,2414.022,9.12207,0.37931186
2256.33,2249.7925,6.5375977,0.28974473
2192.6,2426.4226,233.82251,10.6641655
3005.31,2712.8,292.51,9.733107
2222.29,2104.455,117.83496,5.302411
3077.44,3014.844,62.595947,2.0340266
2917.63,2725.2766,192.35327,6.5927925
884.83,1223.6565,338.82648,38.29283
2955.9,3037.72,81.82007,2.7680256
2361.83,2249.82,112.01001,4.742509
1539.15,1703.3256,164.17554,10.666636
2377.06,2177.4475,199.61255,8.397455
2232.14,1891.58,340.55994,15.257105
1743.21,1770.6267,27.416748,1.5727738
2239.24,2248.6934,9.453369,0.42216867
2436.98,2734.0376,297.05762,12.18958
2861.91,2916.5212,54.61133,1.9082127
1707.81,1572.2094,135.60071,7.9400344
1872.27,1705.62,166.65002,8.900961
1311.33,1552.4353,241.10535,18.386322
1477.5,1278.45,199.05005,13.472085
2638.91,2727.72,88.81006,3.3654072
2728.63,2188.373,540.25684,19.799564
3378.48,3133.7688,244.71118,7.243233
1822.45,1968.1863,145.73633,7.996726
3093.23,2615.65,477.58008,15.439527
2039.14,2091.4114,52.271362,2.5634022
1292.68,1278.45,14.230103,1.1008217
2532.19,2712.8,180.6101,7.132565
2184.9,1877.0616,307.83826,14.089354
1457.07,1501.1195,44.04956,3.0231602
3371.38,3264.4482,106.93164,3.1717472
3315.66,3133.7688,181.89111,5.4858193
4218.52,4270.95,52.430176,1.2428571
1328.75,1156.742,172.00806,12.945104
3512.28,3535.65,23.369873,0.6653761
2408.85,2712.8,303.94995,12.618052
3693.42,3422.55,270.86987,7.33385
2832.87,2781.54,51.33008,1.811946
1462.56,1700.0209,237.46082,16.23597
1933.72,1968.1863,34.46631,1.7823836
3780.15,4187.5386,407.38867,10.777051
2305.96,2569.5007,263.54077,11.428679
2336.62,2198.3513,138.2688,5.91747
3053.17,3084.17,31.0,1.0153382
1774.39,1931.83,157.43994,8.872906
2311.56,2289.2766,22.283447,0.96400034
2847.23,2712.8,134.42993,4.7214284
2568.36,2347.835,220.52515,8.586224
3217.76,3550.15,332.3899,10.329854
1629.27,1540.46,88.81006,5.450911
2908.65,2740.1772,168.47266,5.7921257
3481.99,3380.7644,101.225586,2.9071188
2499.28,2485.6746,13.605469,0.5443755
1921.84,2094.671,172.83093,8.992993
3761.23,3587.9077,173.32227,4.6081276
1876.27,1791.07,85.20007,4.540928
1996.63,1813.0026,183.62744,9.196869
1923.39,2071.175,147.78503,7.683571
3222.79,2888.8386,333.95142,10.362184
3407.55,3028.41,379.14014,11.126472
1696.56,1955.6176,259.0575,15.269574
2692.35,2952.1584,259.80835,9.649873
1092.67,1277.49,184.81995,16.914524
2713.38,3001.3699,287.99,10.613699
2476.58,2384.1948,92.385254,3.730356
2607.8,2426.4226,181.37744,6.95519
2888.65,2631.2617,257.38818,8.910328
2015.07,1864.7644,150.30554,7.4590735
1285.6,1279.24,6.3599854,0.49470952
3741.86,3724.9512,16.908936,0.45188582
3266.3,3316.8625,50.5625,1.5480053
1444.9,1245.7861,199.11389,13.780461
2006.96,1786.2766,220.68335,10.995902
3950.25,3572.23,378.02002,9.569521
2297.58,2084.4226,213.15747,9.277477
2573.69,2555.21,18.47998,0.71803445
2251.15,1621.235,629.9149,27.981918
2644.9,2725.2766,80.37671,3.038932
2823.8,2838.635,14.834961,0.5253545
2792.55,2719.9,72.65015,2.6015701
1782.9,1703.3256,79.57446,4.463204
3133.04,2898.0442,234.99585,7.5005693
3290.78,3380.7644,89.984375,2.7344391
1184.28,1248.6683,64.388306,5.4369154
2662.41,2260.44,401.96997,15.097974
2332.95,2215.11,117.83984,5.051109
2027.71,2434.107,406.39697,20.042164
2103.45,2086.064,17.385986,0.82654625
2656.96,2523.92,133.04004,5.007228
2428.72,2305.6802,123.039795,5.066035
2825.89,2654.3533,171.53662,6.0701804
2859.64,3189.184,329.5442,11.523975
2199.68,2030.2916,169.3883,7.7005887
2012.17,2086.064,73.89392,3.67235
3088.02,3114.5151,26.495117,0.85799694
2789.98,3264.4482,474.46826,17.006153
2723.44,2599.28,124.15991,4.558937
3665.0,3551.3267,113.67334,3.1015918
2343.67,2569.5007,225.83081,9.635777
1069.34,1223.6565,154.31653,14.431007
2567.82,2686.075,118.25488,4.6052637
2239.85,2232.8972,6.952881,0.31041723
1240.66,1021.7021,218.95795,17.648504
2152.16,1945.742,206.41797,9.5912
2042.24,2282.6802,240.44019,11.773356
2455.62,2091.4114,364.20874,14.83164
1914.71,1684.6654,230.04456,12.01459
3750.35,3767.86,17.51001,0.46689004
2166.0,1967.915,198.08496,9.145197
1202.96,988.2033,214.75665,17.852352
2434.42,2363.658,70.76196,2.906728
2561.84,2249.7925,312.0476,12.180605
1979.01,1916.192,62.817993,3.174213
3151.51,3205.28,53.77002,1.706167
1583.26,1446.7693,136.49072,8.620866
2339.28,2091.4114,247.86865,10.595938
2813.39,2725.2766,88.11328,3.1319256
1651.76,1552.4353,99.32471,6.0132647
2358.82,1967.915,390.90503,16.572058
2241.59,2434.107,192.51685,8.588406
2960.48,2791.69,168.79004,5.701442
2295.5,2404.9011,109.40112,4.765895
1388.04,1405.984,17.94397,1.292756
2557.68,2642.4976,84.81763,3.3161938
3338.5,3053.37,285.12988,8.540659
1506.07,1703.3256,197.25562,13.097374
2896.73,2962.23,65.5,2.2611704
2341.87,3103.4949,761.62476,32.522076
1576.91,1468.6371,108.27295,6.8661466
1673.77,1770.6267,96.85669,5.7867384
3165.34,3260.0024,94.66235,2.9905903
2709.52,2569.5007,140.01929,5.167679
2051.41,1786.2766,265.1333,12.924443
3187.76,3133.7688,53.99121,1.6937038
2372.16,2530.9275,158.76758,6.692954
2863.69,2702.1755,161.5144,5.64008
2528.56,2472.8,55.76001,2.205208
3098.52,3009.52,89.0,2.872339
2741.8,2523.92,217.88013,7.946609
3233.44,2888.8386,344.60132,10.657421
948.75,807.636,141.11401,14.873677
2731.07,2898.0442,166.97412,6.1138716
1930.25,2358.8132,428.56323,22.202473
1871.71,1572.2094,299.5006,16.001444
1051.79,1021.7021,30.087952,2.8606424
2998.51,2838.635,159.875,5.331815
3302.41,3535.65,233.23999,7.0627203
1304.93,1245.7861,59.14392,4.5323443
3591.33,3830.5798,239.24976,6.6618705
2457.5,2569.5007,112.00073,4.5575066
2682.79,2882.215,199.42505,7.433494
2155.94,2343.01,187.07007,8.676961
1605.75,1552.4353,53.314697,3.3202364
1749.0,1765.056,16.05603,0.918012
3280.85,3114.5151,166.33496,5.069874
3284.25,3193.85,90.3999,2.752528
2187.1,2154.3079,32.792236,1.4993478
2384.19,2226.75,157.43994,6.603498
2634.66,2977.48,342.82007,13.0119295
3511.22,3337.4575,173.76245,4.948777
1464.53,1759.5128,294.9828,20.141806
2328.45,2449.0542,120.60425,5.1795936
2494.42,2386.5334,107.886475,4.325113
2843.06,2734.4624,108.59766,3.8197453
2929.73,2898.0442,31.685791,1.081526
3368.31,2616.4565,751.8535,22.321386
2885.87,2933.1543,47.28418,1.6384723
1365.15,1552.22,187.06995,13.703253
2033.71,1857.86,175.84998,8.646758
1169.88,988.2033,181.6767,15.529515
1902.7,1552.4353,350.26465,18.408821
2413.85,1960.485,453.3651,18.781826
2627.28,2359.0933,268.18677,10.207772
1392.43,1313.2201,79.20996,5.6886134
1786.81,1684.6654,102.14465,5.716593
3191.0,3011.165,179.83496,5.635693
