real,previsto,erro_abs,erro_perc
281.84,283.6441165699678,1.8041202320771959,0.6401221457277778
290.17,311.3357151576451,21.165701729910722,7.294241565447614
363.97,373.6658350626628,9.695833841959654,2.663910160024513
276.52,267.99400024414064,8.525988769531239,3.083317339893895
326.44,322.1500015258789,4.290000915527344,1.3141774547981049
259.7,272.0024948120117,12.302482604980469,4.737189844709366
327.34,322.84846066205927,4.491535675831358,1.3721316447975558
298.34,318.9339965820312,20.594000244140602,6.902862672431113
267.98,284.8927815755208,16.91277058919269,6.311206021278784
318.66,321.5066670735677,2.846663411458337,0.8933230963233127
378.08,342.7350082397461,35.34497833251953,9.348545172401963
321.88,311.3357151576451,10.544289725167403,3.27584490033989
302.65,302.66166517469617,0.011671278211792924,0.0038563616213998205
310.97,283.32000732421875,27.649993896484375,8.891530947662211
291.45,294.1682362275965,2.7182240205652306,0.9326553119628428
296.8,289.92260874872625,6.8773790442425025,2.317176323147217
285.89,300.7900085449219,14.899993896484375,5.211792344271654
382.26,401.6963890923394,19.436379326714416,5.08459656521001
233.35,233.23846200796274,0.1115440955528868,0.04780119675823154
345.19,328.62001037597656,16.569992065429688,4.800252599506365
301.5,302.25,0.75,0.24875621890547264
407.13,435.44000244140625,28.30999755859375,6.953552236156714
445.42,422.34875106811523,23.07126235961914,5.179664510822942
373.6,363.05800170898436,10.542004394531261,2.8217356055423415
271.25,267.6683349609375,3.5816650390625,1.3204295074884793
305.77,337.64667256673175,31.876683553059877,10.425053045881025
289.53,262.4682498931885,27.061748886108376,9.346785825373841
267.37,287.2185712541853,19.848576136997792,7.423636346441274
272.31,284.8927815755208,12.582784016927064,4.6207572728649415
383.97,375.0013893975152,8.968611823187928,2.335758469327096
301.04,304.0509060946378,3.010897549715935,1.0001652485558716
365.67,365.31000366210935,0.36000976562502274,0.09845208860588447
371.3,360.8299865722656,10.470001220703125,2.8198226676325775
335.65,315.9619964599609,19.68799743652346,5.865633187705437
337.75,269.989990234375,67.760009765625,20.062179057179865
424.26,407.31500244140625,16.94500732421875,3.994014739588518
317.61,306.1130424167799,11.496942934782624,3.6198304414317004
290.31,309.56333414713544,19.253336588541686,6.631992267044043
338.96,335.38736765008224,3.572623804995885,1.053995720751415
315.68,332.29399850027903,16.61400582449778,5.2629264476577635
521.21,457.3050079345703,63.90501403808594,12.260895098720594
339.92,336.9200134277344,3.0,0.88256056763124
373.02,391.1446413312639,18.12465231759205,4.858895729828502
307.12,297.01799926757815,10.101995849609352,3.2892667394562647
322.18,307.25499725341797,14.924995422363281,4.632502253913303
359.39,339.54499944051105,19.84501520792645,5.521860485561693
319.4,311.3357151576451,8.064278738839278,2.5248211937827594
267.66,301.24857148670014,33.58856782459077,12.548967856621774
260.39,307.25499725341797,46.86498260498047,17.997995302644256
274.29,275.003000386556,0.712991841634107,0.2599408725882688
418.2,410.7233301798503,7.476682027180971,1.7878244402058066
344.81,358.84205896714155,14.032061408547804,4.069505382065765
284.54,249.11500549316406,35.42500305175781,12.449919866423661
305.67,310.38999938964844,4.7199859619140625,1.5441442583735638
260.35,299.1575012207031,38.8074951171875,14.90589368442633
327.88,314.51500193277997,13.365002950032533,4.07618724868853
459.36,480.95001220703125,21.59002685546875,4.700023411692081
385.29,412.49501037597656,27.205001831054688,7.060915473462841
348.37,360.8399963378906,12.470001220703125,3.5795279144256855
335.03,369.783748626709,34.75374984741211,10.373324769136975
375.78,353.8699951171875,21.910003662109375,5.830540138720251
416.23,411.7099914550781,4.52001953125,1.0859427268444775
337.05,333.5942862374442,3.45570155552457,1.0252786472869468
320.07,339.64091075550425,19.5709034312855,6.1145696202209034
292.53,324.4079895019531,31.87799072265625,10.897340736225491
322.65,305.1940002441406,17.45599365234375,5.410194942679635
271.65,293.6050109863281,21.95501708984375,8.082097398540707
392.19,377.0199890136719,15.170013427734375,3.8680265517479113
321.21,308.2922193739149,12.917772081163207,4.021597218270149
290.99,298.0399983723958,7.050008138020814,2.4227665468294823
347.33,345.0181773792614,2.311809193004251,0.6655944728006532
375.11,375.0013893975152,0.10859595404730271,0.028950430083998925
300.39,301.24857148670014,0.8585568382626434,0.28581404054574133
363.65,373.57461313100964,9.924619234525267,2.7291679915029454
439.52,431.71444363064234,7.805545383029539,1.7759250041268857
250.01,273.8820007324219,23.87200622558595,9.548420763208018
306.36,314.51500193277997,8.155016581217467,2.6619065710749403
296.47,285.6266784667969,10.84332275390625,3.6574772183557562
338.22,319.4350128173828,18.784988403320312,5.554073779055514
362.99,358.84205896714155,4.147931267233446,1.1427123002910393
366.36,376.2759263780382,9.915941026475707,2.7066113721345078
264.53,264.33145872751874,0.1985400517781386,0.07505388904635533
317.71,344.57624435424805,26.866252899169922,8.456219074548246
310.19,307.25499725341797,2.9350051879882812,0.9461959331015811
422.92,401.6963890923394,21.22362433539496,5.018354218656882
351.76,368.0299987792969,16.269989013671875,4.625309461559443
378.91,396.1649932861328,17.254989624023438,4.553849055780133
355.18,338.42999267578125,16.75,4.71591878636303
416.41,461.6570816040039,45.24707794189453,10.865992061662787
353.46,342.5864533455141,10.873538109564038,3.0763136910633846
440.72,453.7666727701823,13.046671549479186,2.960308475527003
403.13,377.3599853515625,25.77001953125,6.392483620449238
416.51,386.4300048828125,30.08000488281249,7.221916443193972
257.99,252.08000044389203,5.9099897904829675,2.290782593973489
355.73,336.75,18.980010986328125,5.335510190355457
281.25,262.4682498931885,18.7817501068115,6.677955593532977
337.18,396.5325012207031,59.352508544921875,17.602618730107412
431.77,391.17332967122394,40.596659342447936,9.402380984187035
348.27,341.6590853604403,6.61090365323156,1.8982122668548504
284.25,270.39000701904297,13.859992980957031,4.875986976589985
295.56,243.57111273871527,51.98888481987848,17.58995982180297
302.93,321.5066670735677,18.576674397786462,6.132332501545541
476.24,474.5529390222886,1.6870512120863737,0.3542439204351811
377.32,369.7049865722656,7.615020751953125,2.018186315100378
362.36,376.2759263780382,13.915941026475707,3.8403636132655286
291.41,311.3357151576451,19.925711495535722,6.837689593744913
428.51,379.65459462758656,48.85541513803844,11.401230782160741
297.2,289.92260874872625,7.2774034583050025,2.448655168033951
248.4,273.3766682942708,24.97667439778644,10.055022146335059
336.53,322.51499938964844,14.014999389648438,4.164561685580891
373.19,385.11038560133716,11.920383159930907,3.194186093396888
341.53,350.5799967447917,9.04999796549481,2.6498398377423618
315.77,327.6300048828125,11.860015869140625,3.7559034366078157
301.07,292.3239990234375,8.746008300781227,2.9049749520093355
261.83,225.3000005086263,36.52998606363931,13.951796179601056
335.77,342.5864533455141,6.816464331842212,2.0300993402851915
364.89,379.92999267578125,15.03997802734375,4.121783941343091
280.66,276.846248626709,3.8137550354003906,1.3588523429194512
312.07,302.66166517469617,9.408342149522582,3.0148178064891633
270.9,272.709999593099,1.8100056966146099,0.668145344184188
225.96,239.35025024414062,13.390243530273438,5.925935179861046
298.63,275.003000386556,23.627004496256518,7.911798583510775
425.73,425.1199951171875,0.610015869140625,0.14328702543833938
328.0,290.7533264160156,37.246673583984375,11.355693165848894
507.79,461.6570816040039,46.13292694091797,9.085040304970239
294.57,309.56333414713544,14.993326822916686,5.089902722653725
392.73,415.6300048828125,22.899993896484375,5.83097630837323
352.99,345.0181773792614,7.971812855113626,2.2583679638679204
312.64,324.50428553989957,11.86427089146207,3.794866407233059
242.9,228.59000049937856,14.309993397105814,5.891310727329306
317.91,314.078662109375,3.8313415527343864,1.2051654583372367
442.22,456.44666544596356,14.226664225260436,3.217101032515305
298.04,306.1130424167799,8.073033871858001,2.708708106429006
275.37,290.2514321463449,14.881437029157382,5.404160690355673
317.38,309.3330017089844,8.047003173828102,2.535447428958018
332.38,342.5864533455141,10.206448462701587,3.0707167437163023
337.27,339.54499944051105,2.2750104268391738,0.6745368698508636
421.88,461.6570816040039,39.777076721191406,9.428528553336028
349.68,376.67999267578125,27.0,7.7213453916518615
260.59,289.9644470214844,29.37445068359375,11.272286387197209
323.38,343.70999581473217,20.329990931919667,6.2867186050315365
316.54,299.1575012207031,17.38250732421875,5.491409254748884
355.84,358.84205896714155,3.002062629250929,0.843655199006999
278.72,264.33145872751874,14.388542493184389,5.16236453435966
388.13,373.57461313100964,14.555391751802858,3.7501330916679696
291.23,279.6786661783854,11.551344807942712,3.966399193826557
369.06,350.0920580695657,18.967939489028026,5.13952734365815
345.93,335.38736765008224,10.54262502569901,3.0476180871601843
375.21,401.6963890923394,26.48639763726129,7.05908644238019
279.49,271.88428170340404,7.605708530970958,2.721281189567095
285.0,272.3599853515625,12.6400146484375,4.435092859100878
247.24,256.6700012207031,9.429995727539051,3.814105936751316
254.84,262.4231559351871,7.583159597296458,2.9756551978763954
358.76,358.7750023735894,0.014992607964416038,0.004179007569492093
329.88,307.22571236746654,22.654292515345958,6.867434273075669
433.01,453.7666727701823,20.75666300455731,4.793575791883485
318.01,322.7494843311799,4.739474565554872,1.490353894535549
365.14,410.5550003051758,45.41498565673828,12.437690703513976
294.24,287.62142508370533,6.618565150669667,2.2493764852961324
269.14,318.82498931884766,49.684974670410156,18.46064203247921
325.34,339.54499944051105,14.205003102620424,4.366202515065941
348.32,360.16500091552734,11.844993591308594,3.400606724345636
387.22,391.29998779296875,4.079986572265625,1.053661112391806
389.78,400.39333089192706,10.61333211263019,2.7229032135740043
352.07,348.24000549316406,3.8300018310546875,1.0878523450955782
292.12,290.2514321463449,1.8685629708426177,0.6396559640133571
321.08,302.5800018310547,18.499984741210938,5.761799400426702
252.33,268.98629704228154,16.656295211226848,6.600996746466527
352.77,369.783748626709,17.01375961303711,4.82290448249489
364.08,391.17332967122394,27.093343098958314,7.441590886122658
332.28,336.75,4.470001220703125,1.3452513654522242
354.82,339.54499944051105,15.275007883707701,4.305001851192139
319.58,299.8715374286358,19.70844914362982,6.166984783689892
313.99,314.078662109375,0.08867187499998863,0.028240350889466352
413.28,398.39500427246094,14.884994506835938,3.6016730910766728
252.34,264.33145872751874,11.991462389628111,4.752105319670051
381.83,339.54499944051105,42.284987131754576,11.074297100484975
371.37,373.57461313100964,2.2046180138221416,0.5936446247162387
398.75,398.39500427246094,0.3549957275390625,0.0890271417025862
343.23,345.4909113103693,2.260900324041188,0.6587128898035802
429.99,421.5924987792969,8.397491455078125,1.9529504513583904
237.07,264.33145872751874,27.261451403299986,11.499325330520202
379.62,396.5325012207031,16.912506103515625,4.455114672844034
308.42,305.4080017089844,3.0120117187499886,0.9765941208791661
465.91,419.3210021972656,46.58900146484376,9.999570968351943
255.0,254.21437740325928,0.7856225967407227,0.3080872928394991
314.45,301.24857148670014,13.201440720331107,4.198263701016932
406.86,396.6179992675781,10.241986083984386,2.517324498041855
329.75,344.4499969482422,14.699996948242188,4.457921743212187
248.23,267.99400024414064,19.764004516601574,7.961972709492708
296.8,303.86000061035156,7.0600128173828125,2.378710615819663
288.33,303.8399963378906,15.510009765625,5.379256576817287
257.0,279.6786661783854,22.678666178385413,8.824383726998215
321.22,314.3949890136719,6.82501220703125,2.124715827499775
322.13,309.3330017089844,12.797003173828102,3.972620674837017
354.78,396.5325012207031,41.75250244140625,11.768561526880164
275.22,283.60167439778644,8.381673177083314,3.0454447859557714
287.4,271.88428170340404,15.515712193080333,5.3986473634612455
337.41,292.70001220703125,44.709991455078125,13.250938315347579
342.44,337.4800109863281,4.959991455078125,1.4484264162236165
361.95,333.5942862374442,28.35572596958707,7.834155273730982
318.2,275.003000386556,43.19701182047527,13.575427455474104
434.33,419.3210021972656,15.008984375000011,3.4556638590512687
241.47,264.33145872751874,22.86145750681561,9.467618085577547
263.23,248.69499969482422,14.535011291503906,5.521791089488971
370.27,396.1649932861328,25.895004272460938,6.993546612146519
339.14,331.10529641544116,8.03471823299634,2.3691448622850846
288.24,278.35874938964844,9.881240844726562,3.428129745873181
269.64,269.87286376953125,0.23284912109375,0.08635555126984537
299.61,302.66166517469617,3.051679823133668,1.018550773450633
309.69,316.79998779296875,7.1099853515625,2.295839483196658
348.25,333.8999938964844,14.350006103515625,4.120604767700107
384.93,368.31199951171874,16.61799316406251,4.317146878720752
316.53,341.45001220703125,24.920013427734375,7.872875722313466
427.27,419.3210021972656,7.948986816406261,1.8604130926106088
321.85,298.7900085449219,23.05999755859375,7.164827441754665
224.32,238.28333028157553,13.96332295735678,6.224733640087229
386.02,394.42038785494293,8.400398841271056,2.1761564375811466
253.31,264.33145872751874,11.021461168924986,4.350977567071977
274.69,268.98629704228154,5.703705399124715,2.0764153585609164
281.42,279.7949981689453,1.6250152587890625,0.5774341486933191
349.97,377.10962931315106,27.139628092447936,7.754844128863706
421.22,461.6570816040039,40.43708038330078,9.599990566951568
404.76,401.6963890923394,3.063620673285584,0.7568980628940009
345.76,373.57461313100964,27.81460336538464,8.044482467547041
196.2,214.53833389282227,18.338336944580078,9.346756997869758
406.56,409.0,2.44000244140625,0.6001580224465135
253.38,228.59000049937856,24.79000438343394,9.783725592277593
270.86,314.51500193277997,43.65501658121747,16.117189301533585
323.78,315.10250091552734,8.677497863769531,2.6800598852569975
330.89,287.62142508370533,43.26858956473217,13.07642650102451
342.46,330.95001220703125,11.509979248046875,3.3609704885940483
314.56,309.3330017089844,5.226995849609352,1.661684858271182
287.71,302.6028529575893,14.892861502511153,5.176344911482319
316.17,321.5066670735677,5.336653645833337,1.687906322290464
303.99,294.69666544596356,9.29332478841144,3.057115394242529
311.29,322.1500015258789,10.859992980957031,3.488705927864639
409.03,394.42038785494293,14.609610924353944,3.5717700334827893
295.38,299.4224967956543,4.042491912841797,1.3685733109949652
297.46,322.51499938964844,25.055007934570312,8.422984150577467
265.35,242.35166549682617,22.998340606689453,8.667171689348887
376.17,379.65459462758656,3.4845811998521867,0.9263314659507292
316.16,322.84846066205927,6.688456999949892,2.115529137929182
283.37,275.003000386556,8.366994730631518,2.952674903767194
300.52,262.4231559351871,38.09683307848479,12.676971406634655
323.7,295.30999755859375,28.3900146484375,8.770470675879952
299.55,275.6300048828125,23.91998291015625,7.985305920522463
341.41,328.64333089192706,12.76667277018231,3.7393962195722246
275.69,287.2185712541853,11.528568812779042,4.181714502044471
337.45,360.8299865722656,23.379974365234375,6.928425994807898
326.38,357.94666544596356,31.56666056315106,9.671750747869847
305.51,322.7760009765625,17.2659912109375,5.651530443857887
367.2,415.6300048828125,48.42999267578125,13.188995388288797
375.52,410.2112503051758,34.691261291503906,9.238192987441975
271.37,275.19071524483815,3.8207201276506453,1.4079375746757554
345.73,327.1700134277344,18.55999755859375,5.368350148615737
382.32,386.4300048828125,4.109997558593761,1.075015034488729
280.58,270.39000701904297,10.189979553222656,3.6317556635844177
394.55,342.2919982910156,52.25798950195315,13.244960364660905
349.29,360.7533365885417,11.46332804361981,3.281894060289309
286.73,295.7756506878397,9.045639701511561,3.15475860737259
332.46,336.1600036621094,3.70001220703125,1.1129195398331695
389.29,356.01444611725987,33.27556242766201,8.547756607481025
327.72,345.0181773792614,17.29817615855825,5.2783400751023395
354.56,368.4139125658118,13.853915007218063,3.9073542144101006
330.5,305.4080017089844,25.091998291015614,7.5921326145281745
324.22,344.8559997558594,20.63599853515626,6.364813539405584
295.01,248.69499969482422,46.31501007080078,15.69947070867067
391.84,391.1446413312639,0.6953550066266985,0.17745891515042825
274.29,256.6700012207031,17.62000732421876,6.423860430677351
414.36,434.88999633789064,20.530010986328136,4.9546316517289934
370.29,361.4100036621094,8.8800048828125,2.3981216554308458
389.37,390.4685712541853,1.0985761369977922,0.2821419602882233
377.36,371.74749755859375,5.61248779296875,1.487303373657901
332.81,332.29399850027903,0.5159990583147192,0.15504313635406147
234.53,211.7330780029297,22.796920776367188,9.720257917973257
307.23,321.5066670735677,14.276656087239587,4.646895022203708
400.5,401.6963890923394,1.196389092339416,0.2987238682495421
390.94,421.5924987792969,30.652496337890625,7.8407162599035365
246.35,239.35025024414062,6.999755859375,2.8413865175362414
289.51,294.1682362275965,4.658226461971481,1.6090035939491636
272.73,289.06199951171874,16.331988525390614,5.988335668057202
214.66,241.653076171875,26.993072509765625,12.574802967139936
305.21,318.9339965820312,13.724005126953102,4.496577933613635
301.54,314.078662109375,12.538653564453114,4.158205614226203
346.14,341.32000732421875,4.82000732421875,1.3925022014904187
263.62,262.4682498931885,1.1517452239990007,0.4368960038433402
329.99,314.98333740234375,15.00665283203125,4.547608496055529
309.8,314.078662109375,4.278674316406239,1.3811086136212392
240.33,239.35025024414062,0.9797515869140625,0.40766927951126164
326.99,320.260009765625,6.72998046875,2.0581610048448837
315.92,331.1199951171875,15.199981689453125,4.81133864377037
298.46,314.078662109375,15.618670654296864,5.233086879803006
328.54,332.29399850027903,3.753989955357156,1.1426279471968377
407.31,341.6590853604403,65.65091219815343,16.118168616450223
346.39,337.6575012207031,8.732513427734375,2.521006108272863
349.97,342.0799865722656,7.8900146484375,2.2544831331019672
439.46,379.65459462758656,59.80539682749156,13.608837662211831
293.66,323.239990234375,29.579986572265625,10.072868692837348
377.67,375.0013893975152,2.6686240302191777,0.706602042878315
294.74,322.7494843311799,28.009494096804872,9.503119707146606
360.35,360.7533365885417,0.4033304850260606,0.11192742561247472
448.04,456.44666544596356,8.406656901041686,1.876318351198944
344.11,397.8599853515625,53.75,15.620005895814362
268.45,239.35025024414062,29.099761962890625,10.83991828633206
299.22,287.62142508370533,11.598576136997792,3.8762703327585184
276.11,290.5309520903088,14.420966738746301,5.222906632798709
313.22,322.84846066205927,9.628459441356142,3.074024456877412
350.03,343.9100036621094,6.1199951171875,1.7484201749937205
399.34,388.4200134277344,10.91998291015625,2.7345076902631624
275.45,300.66199951171876,25.21198730468751,9.153017312534335
437.81,405.8199971516927,31.99000040690106,7.3068227279619675
365.99,336.0199890136719,29.970001220703125,8.188748878490022
368.38,345.0181773792614,23.361827503551126,6.341774036021008
407.47,409.53000895182294,2.0600077311198106,0.5055605872698399
379.28,350.0920580695657,29.18794070973115,7.695618224971473
343.86,321.3350067138672,22.524978637695312,6.550625137340645
259.95,259.08857291085377,0.8614392961774797,0.33138651884017073
316.54,324.79998779296875,8.259979248046875,2.6094582122545997
295.64,322.84846066205927,27.208446013621767,9.203235240661483
323.25,332.29399850027903,9.04399850027903,2.797834029475338
322.84,345.0181773792614,22.17818104137075,6.869712951600531
285.32,294.1682362275965,8.84822890337773,3.1011596369837426
358.83,376.2759263780382,17.445939805772582,4.861895732969659
420.39,415.489990234375,4.9000244140625,1.1655901052170037
297.86,312.3477783203125,14.48779296875,4.863960814222876
325.01,290.5309520903088,34.4790576753162,10.608614085510824
407.02,394.42038785494293,12.599601158728944,3.095573067372306
307.54,302.66166517469617,4.878343370225707,1.5862467434096905
267.2,307.25499725341797,40.05498504638672,14.990637431315465
239.66,241.653076171875,1.993072509765625,0.8316250017986347
246.85,239.35025024414062,7.499755859375,3.038183380165689
426.96,429.739990234375,2.779998779296875,0.6511145856600402
309.11,300.5666673448351,8.543318006727418,2.7638440722032254
326.52,294.1682362275965,32.351752786075394,9.908046635613717
354.27,365.4700012207031,11.20001220703125,3.1614340910482888
419.98,419.7850036621094,0.19500732421875,0.046432525148226204
422.87,383.56250381469727,39.307491302490234,9.295407987411634
418.98,419.3210021972656,0.34099121093748863,0.08138603322262446
242.37,214.53833389282227,27.831661224365234,11.483129836640234
274.7,290.1800079345703,15.479995727539062,5.635236636200934
413.52,422.010009765625,8.490020751953125,2.0531101222466965
217.6,239.35025024414062,21.750244140625,9.995516328376425
271.61,289.06199951171874,17.45201416015624,6.42539490496528
337.23,332.29399850027903,4.936012486049094,1.4636931249423137
456.57,442.48153921274036,14.088468111478392,3.0857191417468455
385.52,394.42038785494293,8.900398841271056,2.3086737639835886
332.19,328.3399963378906,3.850006103515625,1.1589771140673366
433.83,395.30999755859375,38.519989013671875,8.879051749746989
362.77,429.9700012207031,67.20001220703125,18.524137674602034
312.03,283.6441165699678,28.385882209329054,9.097164477895852
352.01,338.79998779296875,13.21002197265625,3.752740435265388
196.32,241.653076171875,45.33306884765625,23.09141562570826
309.67,316.84999084472656,7.1799774169921875,2.318589823249945
220.35,254.74000549316406,34.38999938964844,15.606988172032437
340.94,310.44000244140625,30.5,8.945855511701566
345.41,336.85570853097096,8.554295131138417,2.4765626474172677
361.75,358.84205896714155,2.907941032858446,0.8038537754964605
286.41,283.8144361707899,2.595567491319457,0.9062419112921641
353.19,345.6199951171875,7.57000732421875,2.1433243500358152
247.6,235.99250030517578,11.607505798339844,4.688007072781341
308.95,321.5066670735677,12.556654866536462,4.064299844766503
355.18,321.3399963378906,33.839996337890625,9.527562654347136
298.4,275.003000386556,23.396993509928393,7.840815679790149
326.3,343.70999581473217,17.410008021763417,5.335583411915339
282.6,307.25499725341797,24.654991149902344,8.724342044377483
247.01,275.003000386556,27.993005879720045,11.332742197581542
364.94,365.14333089192706,0.20332845052081439,0.055715583153551455
260.11,314.078662109375,53.96867675781249,20.748406365433787
366.48,393.37200317382815,26.891992187500023,7.337915133522317
290.34,322.84846066205927,32.50846432416864,11.196688273818149
378.27,379.65459462758656,1.3846056139146867,0.36603633757068754
336.26,314.51500193277997,21.745007832845033,6.466724320861532
391.48,391.1446413312639,0.33536965506419847,0.08566712109239999
449.17,410.5550003051758,38.615013122558594,8.596970405009294
408.68,396.1700134277344,12.509979248046875,3.0610696565151985
398.21,357.0899963378906,41.1199951171875,10.326208784197778
330.3,343.9100036621094,13.610015869140625,4.120501475062528
318.33,316.84999084472656,1.4799957275390625,0.46492501177016243
312.09,335.8299865722656,23.739990234375,7.606777055638917
218.55,227.48406267166138,8.934059619903564,4.087878972844383
350.49,343.77761986142116,6.712370372953842,1.9151389654424182
304.05,297.10999708909253,6.939990703876219,2.2825163566859743
325.95,328.62001037597656,2.6699981689453125,0.8191434480601981
239.46,239.35025024414062,0.1097564697265625,0.04583498983097893
371.53,369.2361094156901,2.293889363606752,0.6174169975893146
404.94,391.1446413312639,13.795361110142323,3.4067666881437515
303.2,312.3477783203125,9.14776611328125,3.017073134889904
251.52,238.8524990081787,12.667505264282227,5.036380824230608
287.65,291.5400085449219,3.8900146484375,1.3523430318018315
424.02,426.0833333333333,2.0633443196614394,0.4866148703180383
360.34,362.7396761986517,2.3996798607610685,0.6659487942356779
330.6,344.0400085449219,13.44000244140625,4.065336416599457
404.32,368.4139125658118,35.90609475840694,8.880612907590873
312.93,303.733437538147,9.196555137634277,2.9388538500247217
307.45,322.84846066205927,15.398448455028017,5.008439695445184
447.66,431.71444363064234,15.94556003146704,3.561980052053664
346.75,328.9260009765625,17.823999023437523,5.140302530191066
269.68,239.35025024414062,30.329742431640625,11.246567507921919
354.04,345.9738440880409,8.066164456880983,2.2783200379054107
313.67,318.1266632080078,4.4566497802734375,1.4208083621293284
344.4,336.75,7.649993896484375,2.2212526225490348
281.83,269.989990234375,11.839996337890625,4.201113047583624
341.54,358.7699890136719,17.22998046875,5.044791250710467
360.51,380.92999267578125,20.41998291015625,5.664193047907797
526.53,506.43666585286456,20.093363444010436,3.816185654376255
304.55,323.3699951171875,18.82000732421875,6.179611912187131
322.15,363.76499938964844,41.61500549316406,12.917897340248313
405.9,402.65999930245533,3.239994594029042,0.7982248442347427
406.91,426.0833333333333,19.17332967122394,4.71193371965982
403.98,410.2128601074219,6.23284912109375,1.5428607732041197
389.25,391.1446413312639,1.8946413312639265,0.4867415109220107
362.79,336.1600036621094,26.6300048828125,7.34033580186514
244.47,259.08857291085377,14.618571690150645,5.979699602060075
306.65,322.84846066205927,16.198466765574892,5.282395919773928
334.85,322.7494843311799,12.100521772335753,3.6137140665289382
292.54,309.56333414713544,17.02332560221356,5.819144426393729
346.85,349.7272782759233,2.877272172407686,0.829543641855661
319.65,322.7494843311799,3.099490434695497,0.9696513354851612
349.5,322.7433369954427,26.75666300455731,7.655697569258171
304.82,322.84846066205927,18.028453337840517,5.914458665656003
270.28,302.6160034179687,32.33600463867185,11.963891070266184
257.98,262.6666679382324,4.686656951904297,1.8166744524065743
305.91,283.60167439778644,22.308329264322936,7.2924484316516285
314.22,332.29399850027903,18.073997279575906,5.752019988976137
403.98,435.7799987792969,31.79998779296875,7.871673579920012
341.37,340.6460021972656,0.7239929199218977,0.21208452127532804
345.29,375.0013893975152,29.711380852593322,8.604761249188565
487.32,542.1599731445312,54.8399658203125,11.253378682609052
351.97,330.95001220703125,21.019989013671875,5.972096752782994
305.25,298.0399983723958,7.210001627604186,2.361998895202026
222.46,228.59000049937856,6.129993785511374,2.7555486831374156
373.14,360.16500091552734,12.975013732910156,3.477250689700183
333.26,332.1999938964844,1.0600158691406136,0.31807472786371854
223.08,242.35166549682617,19.271663665771484,8.638902415092549
289.99,283.72000885009766,6.269981384277344,2.1621371755658996
305.5,342.32000732421875,36.82000732421875,12.052375556209082
388.59,377.10962931315106,11.480367024739564,2.9543650461750546
436.41,421.5924987792969,14.8175048828125,3.395317421340543
285.05,341.5899963378906,56.540008544921875,19.835120493317394
338.1,342.5864533455141,4.486447241998462,1.326958639753722
266.02,233.23846200796274,32.78152700570914,12.322956303867961
299.19,267.99400024414064,31.196002197265614,10.42681972749911
431.7,442.48153921274036,10.781527005709108,2.497458119259582
336.29,314.51500193277997,21.775006612141908,6.475067964807876
453.75,410.5550003051758,43.19499969482422,9.519559161393767
429.25,394.88999938964844,34.36000061035156,8.004659431648587
324.13,373.6658350626628,49.53583017985028,15.282704295691385
328.01,339.54499944051105,11.534989674886049,3.5166578249024214
290.52,322.84846066205927,32.32847164838739,11.127795976498545
295.99,354.8599853515625,58.8699951171875,19.889184452005363
326.58,314.078662109375,12.501324462890636,3.8279517964657463
270.7,279.6786661783854,8.978653971354163,3.3168280629730047
370.35,356.01444611725987,14.33555998625576,3.8708140272715053
338.07,340.5299987792969,2.459991455078125,0.7276574087564424
349.54,392.42999267578125,42.889984130859375,12.270407702226532
315.24,310.2733459472656,4.966644287109375,1.5755121307473612
333.02,336.9114292689732,3.8914402553013474,1.1685305338057612
334.95,349.3399963378906,14.389984130859375,4.296158712173739
323.05,323.46166737874347,0.41167958577472064,0.1274352581119896
285.76,294.69666544596356,8.93665568033856,3.1273290085859937
382.03,370.5299987792969,11.5,3.0102348079328927
331.51,383.11000366210936,51.599993896484364,15.565139023393337
431.08,409.2816619873047,21.798324584960938,5.056677476096817
396.26,377.0199890136719,19.240020751953125,4.855403088323996
260.6,239.35025024414062,21.249755859375,8.154165526356191
295.8,290.5309520903088,5.269035702659949,1.7812832725158059
327.08,339.54499944051105,12.465012868245424,3.8109983429057595
271.38,290.5309520903088,19.1509472074963,7.056874811306042
276.7,302.66166517469617,25.961652967664918,9.382599140704052
330.07,349.0500030517578,18.979995727539062,5.750293969877587
360.87,345.0181773792614,15.851817737926126,4.3926671522741785
459.33,474.5529390222886,15.222952450023001,3.3141647388675333
282.73,275.003000386556,7.727010599772143,2.7329997876121457
390.44,376.2759263780382,14.164076063368043,3.6277215384695785
331.68,350.0920580695657,18.412065393784474,5.551153461276862
310.26,310.44000244140625,0.17999267578125,0.05801349517046014
342.25,321.0500030517578,21.199996948242188,6.194301518843591
376.96,358.84205896714155,18.11793248793657,4.806327700189282
302.73,270.39000701904297,32.340003967285156,10.682787564377188
298.51,283.6441165699678,14.86589319565718,4.980031727354513
287.12,307.25499725341797,20.13500213623047,7.0127481466459365
317.04,288.8399963378906,28.20001220703125,8.894780294908914
428.88,467.6599914550781,38.779986572265614,9.042153080291511
420.05,391.17332967122394,28.87665812174481,6.874576588721943
317.14,317.0759979248047,0.06401672363278976,0.020185634317938368
324.61,314.51500193277997,10.094983418782533,3.109880741299242
281.59,309.56333414713544,27.97333780924481,9.934066612110229
394.8,364.5,30.29998779296875,7.674769181821231
318.34,316.0307137625558,2.309282575334805,0.7254138976880868
326.41,330.32000732421875,3.910003662109375,1.1978810754087375
303.88,277.0899963378906,26.790008544921875,8.815982662384485
267.59,256.6700012207031,10.919995117187511,4.080868218779988
350.85,310.2733459472656,40.57666015625,11.565244249782959
357.22,354.57374572753906,2.6462554931640625,0.7407915245846249
307.35,321.0500030517578,13.699996948242188,4.457457841607468
429.4,434.88999633789064,5.490002441406261,1.2785287655895352
245.99,214.53833389282227,31.451671600341797,12.785751818366386
352.33,350.0920580695657,2.2379285026999014,0.6351796860869476
361.84,369.2361094156901,7.396113077799498,2.0440286183545386
319.37,314.51500193277997,4.854993184407533,1.5201782442417842
345.39,343.9100036621094,1.480010986328125,0.42850427735572655
336.37,335.38736765008224,0.9826274671052602,0.29212696773471836
288.67,287.6239990234375,1.0460144042968977,0.36235644702970055
409.8,405.6199951171875,4.17999267578125,1.0200080039760726
364.27,373.57461313100964,9.304624117337767,2.5543208054365807
290.12,268.98629704228154,21.133698074905965,7.284467954843815
311.21,312.32667032877606,1.1166788736979356,0.35881845196449086
522.83,492.9433288574219,29.886688232421875,5.716329831017738
222.71,254.21437740325928,31.50437068939209,14.14591609701139
387.08,388.4200134277344,1.34002685546875,0.3461886178448998
332.14,322.84846066205927,9.291553986378233,2.7974810551547447
295.81,281.6642804827009,14.145717075892833,4.782028056063543
378.41,376.2759263780382,2.134077284071168,0.5639590030438869
343.48,350.0920580695657,6.612047083237599,1.925016557513964
367.8,369.49571446010043,1.6957266671316802,0.46104587368452804
324.13,316.0307137625558,8.09929112025668,2.4987785759559458
423.21,412.21400756835936,10.995983886718761,2.5982335267918497
362.08,339.54499944051105,22.534987131754576,6.223759381204279
399.47,409.0,9.529998779296875,2.385660687955301
227.45,233.23846200796274,5.788465059720551,2.544939607555922
227.02,258.7899983723958,31.769994099934877,13.994358867954965
347.89,345.3010009765625,2.5890136718750227,0.7442046517176893
363.01,376.2759263780382,13.265916612413207,3.6544217116707767
318.03,290.5309520903088,27.499046688988074,8.646683267156686
356.97,342.5864533455141,14.383547875189038,4.029343593580053
239.78,275.003000386556,35.22300160725911,14.689716317698279
351.64,358.84205896714155,7.202044318704054,2.0481299108989375
303.72,272.0024948120117,31.717506408691406,10.44300878480616
401.39,394.88999938964844,6.5000152587890625,1.6193764223263458
228.63,264.33145872751874,35.701453844706236,15.61538428125631
386.77,409.2816619873047,22.511672973632812,5.820429095608307
320.56,295.7756506878397,24.784346870754064,7.7315781942579545
336.31,318.82498931884766,17.485008239746094,5.199074772286471
231.26,242.35166549682617,11.091670989990234,4.796190977018452
298.96,322.7494843311799,23.789492876101747,7.957416897262778
316.92,331.10529641544116,14.185282987706785,4.475982073294144
254.32,266.9599914550781,12.639984130859375,4.9701100058342425
424.91,415.7900085449219,9.1199951171875,2.146335703698745
286.82,269.3399963378906,17.480010986328125,6.094418290202775
357.68,412.49501037597656,54.81501770019531,15.325156235362133
368.95,386.4300048828125,17.47999267578126,4.7377672035345
242.16,242.35166549682617,0.19166183471679688,0.07914677561048702
262.67,239.02000427246094,23.650009155273438,9.003695871733001
279.73,287.2288243910846,7.498813404756447,2.680732531456181
349.76,332.1999938964844,17.560015869140614,5.020589941345102
341.06,368.0299987792969,26.970001220703125,7.907699939530348
254.92,239.35025024414062,15.569747924804688,6.107699684857998
347.56,332.29399850027903,15.26599905831472,4.392334896291132
382.1,373.57461313100964,8.525392972505983,2.2311941471668937
432.87,432.6600036621094,0.209991455078125,0.048511437024244576
356.04,332.29399850027903,23.746010044642844,6.669478000994595
417.48,433.4099884033203,15.929977416992188,3.815746142996502
374.98,379.65459462758656,4.674583641258437,1.2466220876581269
282.54,281.6642804827009,0.8757280622209578,0.3099483385489185
293.01,306.8700002034505,13.859990437825502,4.730210564789897
287.21,297.10999708909253,9.900005634014406,3.446957253770485
329.24,339.64091075550425,10.400920521129251,3.1590696238707765
369.54,348.79998779296875,20.740020751953125,5.612388448443719
446.54,445.4800109863281,1.05999755859375,0.23738019848385306
416.54,412.49501037597656,4.0449981689453125,0.9710947534368906
443.1,467.6599914550781,24.55998535156249,5.542763487533074
440.76,405.8199971516927,34.94001261393231,7.927219312049597
466.63,399.27500915527344,67.35499572753906,14.434347346449425
237.96,239.35025024414062,1.3902435302734375,0.5842341112156393
348.16,330.36000061035156,17.800003051757812,5.112592734526963
421.63,422.0649948120117,0.43498992919921875,0.10316863699492153
414.75,398.39500427246094,16.354995727539062,3.943338330931661
284.68,283.6441165699678,1.0358761058134291,0.36387386977109293
272.38,277.8874969482422,5.5074920654296875,2.021988386335188
293.58,302.66166517469617,9.081678602430543,3.0934256481393563
294.38,339.64091075550425,45.26090587269175,15.374993247489524
410.89,408.7736344770952,2.116380171342314,0.5150721837699354
340.59,328.05333455403644,12.536661783854186,3.6808661201595845
407.26,372.20399780273436,35.056011962890636,8.607771723785278
321.69,321.5066670735677,0.18333536783853788,0.05699131662381433
333.88,375.0013893975152,41.1213845147027,12.316216578808236
282.87,300.7900085449219,17.920013427734375,6.335070434144302
462.8,453.44000244140625,9.3599853515625,2.022468798281309
476.7,488.9200134277344,12.220001220703125,2.563457291332304
290.98,290.5309520903088,0.4490588960193236,0.15432637262510202
384.09,391.1446413312639,7.0546449933733015,1.836716670737555
319.37,316.0307137625558,3.33928135463168,1.0455839326441378
375.62,378.739990234375,3.1199951171875,0.8306254080574467
389.23,358.3864299229213,30.843581063406816,7.92425563107214
445.59,383.56250381469727,62.02749252319336,13.920306342819677
301.42,314.51500193277997,13.094988505045592,4.3444323275452055
328.03,348.79998779296875,20.769989013671875,6.331734625175612
298.21,290.5309520903088,7.679039364769324,2.575044292547147
341.33,354.3399963378906,13.010009765625,3.8115636707677742
256.93,264.33145872751874,7.401466051737486,2.880732597489061
279.26,274.7896466936384,4.470363071986583,1.6007888403851418
352.35,358.7750023735894,6.424996270073791,1.8234698903868374
364.67,428.5799865722656,63.90997314453125,17.525425944350676
423.22,428.5799865722656,5.3599853515625,1.266477325292418
290.57,290.5309520903088,0.03905523390994858,0.013440903371135154
268.13,267.99400024414064,0.13600463867186363,0.0507233939488813
407.9,402.65999930245533,5.239994594029042,1.2846272793421105
353.46,369.49571446010043,16.035723005022305,4.536785886008916
241.52,240.07666524251303,1.4433390299479072,0.5976064112352628
354.8,366.67999267578125,11.8800048828125,3.348366767629278
315.87,314.078662109375,1.7913330078125114,0.5671108479765317
393.16,376.2759263780382,16.884077284071168,4.294454452844529
229.22,211.7330780029297,17.486923217773438,7.628881914600575
256.2,241.653076171875,14.54693603515625,5.677960711181035
343.19,321.3399963378906,21.850006103515625,6.366737360668346
412.0,377.10962931315106,34.89037068684894,8.468536574477897
344.59,346.45001220703125,1.860015869140625,0.5397765138012801
420.88,419.41124725341797,1.4687576293945312,0.3489730118691393
247.67,254.21437740325928,6.544379234313965,2.642378682398903
334.02,342.5864533455141,8.566464331842212,2.5646561923249376
297.39,269.989990234375,27.4000244140625,9.213498458061446
264.49,262.4231559351871,2.066834299187917,0.7814414062915628
338.49,324.7566731770833,13.733317057291686,4.057229889658644
322.61,336.75,14.1400146484375,4.383005886512934
339.54,327.1700134277344,12.3699951171875,3.6431627513347733
250.15,233.23846200796274,16.911531888521637,6.7605565865094
330.2,345.9738440880409,15.773831881009642,4.777053694086373
427.04,435.9266764322917,8.88666788736981,2.0809918765339734
305.43,294.1682362275965,11.26175644818477,3.687180931225474
329.25,342.5864533455141,13.336453345514087,4.050555306154621
289.82,295.7756506878397,5.955643363620936,2.054945556936108
321.37,342.7033386230469,21.333343505859375,6.638249939319997
344.97,345.9738440880409,1.0038428673377666,0.2909942498726239
340.68,337.64667256673175,3.033320109049498,0.8903722479342225
338.27,360.16500091552734,21.89501190185547,6.472643927324731
378.72,388.06499735514325,9.344996134440123,2.4675211513305384
340.16,342.5864533455141,2.4264496834047122,0.7133259810918199
350.61,329.9433288574219,20.666656494140625,5.8944859980008335
344.54,342.9700012207031,1.57000732421875,0.4556821516459819
385.18,385.11038560133716,0.06960707444409309,0.018071311015025557
244.01,264.33145872751874,20.3214642206828,8.328127813679982
349.94,343.77761986142116,6.162382579985092,1.7609826075876873
355.2,334.7072726162997,20.49273959073156,5.769352163982246
267.57,254.21437740325928,13.355629920959473,4.991452537793688
313.05,299.4224967956543,13.627490997314453,4.353135770229388
346.43,343.77761986142116,2.652372814360092,0.7656302486610647
317.42,325.4749946594238,8.054981231689453,2.5376412610868013
322.26,304.0509060946378,18.20910367098719,5.650438502819634
302.79,287.2288243910846,15.561184153837303,5.139266063836663
310.83,257.4449996948242,53.384986877441406,17.1749796299109
306.37,305.4080017089844,0.9619934082031136,0.31399726589908
274.31,268.98629704228154,5.323700516312215,1.9407606589967799
348.35,384.9085693359375,36.558563232421875,10.494778984317898
315.3,358.3864299229213,43.08644212995256,13.66522162958149
378.77,356.46111382378473,22.308875189887146,5.889821220519638
336.25,341.45001220703125,5.20001220703125,1.5464720318308551
252.24,272.709999593099,20.469994099934922,8.115284512428254
368.8,412.49501037597656,43.69502258300781,11.8478915480704
384.42,453.44000244140625,69.01998901367188,17.954317309925038
308.56,297.10999708909253,11.45000046950122,3.710785766170785
306.69,302.66166517469617,4.028337266710082,1.3134882893614064
318.15,324.50428553989957,6.354291643415195,1.9972628525281928
356.68,358.7750023735894,2.095009697808166,0.5873639511124781
331.9,322.84846066205927,9.051533234425108,2.727186924037176
274.35,259.1233317057292,15.22667439778644,5.550090781496548
356.36,373.57461313100964,17.21462777944714,4.830684837542651
420.43,402.65999930245533,17.769993373325917,4.226623619364241
357.24,371.4700012207031,14.230010986328125,3.983319722126355
409.81,391.1446413312639,18.665356227329823,4.554636621489716
435.16,442.6800048828125,7.520001220703136,1.728100275167344
324.37,342.5864533455141,18.216458228326587,5.615950458594481
267.79,275.19071524483815,7.40070669991627,2.763623161345394
283.07,284.8927815755208,1.8227742513020644,0.6439305486767168
240.59,259.1233317057292,18.53333536783856,7.703285942866003
345.94,343.9100036621094,2.029998779296875,0.586806603737799
268.09,264.33145872751874,3.7585376103718886,1.4019686156565008
313.45,306.30499776204425,7.145014444986998,2.2794749295679635
380.48,353.25,27.230010986328125,7.156752050058837
275.05,272.709999593099,2.339988199869765,0.8507501558702427
288.2,306.1130424167799,17.913030209748626,6.215485583283261
383.0,379.65459462758656,3.3454053724134383,0.8734739875753103
395.4,401.6963890923394,6.296395195855041,1.5924115561578474
384.83,377.10962931315106,7.720357259114564,2.006173512589511
377.84,443.95399780273436,66.11400146484374,17.497883258954943
303.82,303.2480041503906,0.5720031738281364,0.1882704101240207
333.58,342.2919982910156,8.712011718749977,2.611670984303082
359.11,385.11038560133716,26.000400249774657,7.240233162639773
272.35,272.709999593099,0.35999348958335986,0.1321804595247677
355.68,332.29399850027903,23.38599417550222,6.575009743890664
457.0,474.5529390222886,17.552939022288626,3.8409056941550603
317.18,346.45001220703125,29.27001953125,9.228204870150675
255.45,275.003000386556,19.553003438313795,7.654336923822909
348.23,372.64333089192706,24.41331990559894,7.010688089877879
309.26,301.24857148670014,8.011438278924857,2.590518665829567
288.82,277.4049987792969,11.415008544921875,3.9522914810080327
350.2,343.77761986142116,6.422392345610092,1.833921222656412
353.99,362.7396761986517,8.749685964276694,2.4717325929141585
413.86,448.1219970703125,34.26201171874999,8.278648076992843
374.85,365.14333089192706,9.70667521158856,2.5894824739333315
451.48,426.0833333333333,25.39667765299481,5.6252053324601965
420.22,391.17332967122394,29.046671549479186,6.912253454167125
418.43,445.4800109863281,27.050018310546875,6.464646125763377
425.74,411.7099914550781,14.029998779296875,3.295438319424302
322.64,303.733437538147,18.906577110290527,5.859960405373757
351.25,353.02333577473956,1.7733357747395644,0.5048642775059258
411.84,402.65999930245533,9.179997035435292,2.2290202790074916
382.91,366.7200012207031,16.19000244140625,4.228148203642328
316.6,299.8715374286358,16.72846867487982,5.2837865926667975
250.11,275.003000386556,24.89299977620442,9.952820645099045
442.63,457.9700012207031,15.339996337890625,3.465647644459153
285.93,278.35874938964844,7.5712432861328125,2.647936026325828
306.82,304.0509060946378,2.76910122958094,0.9025165124433403
332.52,316.0307137625558,16.489275251116055,4.958882411859482
361.79,371.5471452985491,9.757136753627208,2.696906084518281
385.42,385.11038560133716,0.3096278263972181,0.08033517088112312
304.02,333.5942862374442,29.574297223772305,9.72774761281974
317.24,305.1940002441406,12.045989990234375,3.7971221665133927
313.81,322.84846066205927,9.038463103465517,2.880234273536132
422.8,410.2112503051758,12.588737487792969,2.9774687443835166
291.57,317.8299865722656,26.259979248046875,9.006406210651981
267.27,294.69666544596356,27.426676432291686,10.261786792264473
310.84,321.5066670735677,10.666670735677087,3.431563139024798
383.72,372.64333089192706,11.07667032877606,2.8866544077813456
277.88,256.6700012207031,21.210003662109386,7.632792316616686
315.24,318.82498931884766,3.5849990844726562,1.1372285228810206
298.06,283.6441165699678,14.41588098862593,4.836570189460597
332.48,331.10529641544116,1.3747145708869652,0.41347284812965635
327.73,342.2919982910156,14.561987304687477,4.443287711388432
363.96,362.7396761986517,1.2203152564264315,0.3352882968118899
328.62,362.60333251953125,33.98333740234375,10.34122631224102
358.36,345.4909113103693,12.869074041193187,3.591102401839932
270.18,303.733437538147,33.55344486236572,12.418922855857131
278.61,303.733437538147,25.123452186584473,9.017427051253236
440.88,461.6570816040039,20.777076721191406,4.7126375637547975
287.03,322.84846066205927,35.81846188276239,12.478995935997592
305.7,314.078662109375,8.378649902343739,2.740807840291943
462.05,412.49501037597656,49.55497741699219,10.725025154463665
323.89,358.3864299229213,34.49641527448381,10.65065723373026
381.22,368.4139125658118,12.806088654891312,3.3592383961714973
348.87,341.45001220703125,7.41998291015625,2.1268618723326536
419.75,390.0199890136719,29.730010986328125,7.082789990786926
322.26,304.0509060946378,18.20910367098719,5.650438502819634
304.78,349.55832926432294,44.77833048502606,14.692017410713293
375.95,336.5199890136719,39.430023193359375,10.488102650105974
286.32,302.6028529575893,16.282845633370528,5.686939514126375
359.57,335.38736765008224,24.18263967413651,6.725432928651191
400.7,402.65999930245533,1.9599870954240828,0.48914076259408956
227.31,211.7330780029297,15.576919555664062,6.85272083188897
321.9,316.84999084472656,5.0500030517578125,1.568811167291223
336.45,322.7494843311799,13.700527875851378,4.072084226117041
281.23,283.60167439778644,2.3716634114583144,0.8433180381924501
355.05,345.4909113103693,9.559076482599437,2.692318493522489
378.78,372.64333089192706,6.136667887369811,1.6201140258584386
354.47,342.7033386230469,11.76666259765625,3.3195087192526596
413.31,389.3525085449219,23.957489013671875,5.796493952526636
457.79,467.6599914550781,9.869982910156239,2.1560066244188727
280.18,271.0816650390625,9.09832763671875,3.247315252537377
455.55,453.7666727701823,1.7833150227864394,0.3914641796888584
317.15,339.54499944051105,22.395005544026674,7.061329331551636
379.77,391.1446413312639,11.374652317592052,2.9951424932586126
309.62,305.4080017089844,4.211993408203114,1.3603751290703703
314.01,314.51500193277997,0.5049921671549669,0.16082040427051664
339.82,339.54499944051105,0.27500788370770124,0.08092751391336386
436.31,462.0299987792969,25.720001220703125,5.894891559813292
389.45,404.11285400390625,14.662841796875,3.76501254006387
314.59,317.0759979248047,2.4860015869140852,0.7902354225669509
394.49,364.5,29.989990234375,7.602218301295123
315.69,332.9499969482422,17.259994506835938,5.467387111835917
297.57,303.2480041503906,5.677996826171864,1.908121345033734
291.01,268.98629704228154,22.023712723343465,7.568025835633979
334.44,384.9085693359375,50.46856689453125,15.090469598765575
374.85,386.4300048828125,11.579998779296886,3.089235318325977
229.43,227.48406267166138,1.945930004119873,0.8481585085825121
357.64,339.54499944051105,18.09501520792645,5.059561141589251
366.85,332.29399850027903,34.556007603236594,9.419655725311827
239.04,252.08000044389203,13.04000715775922,5.455157096724909
308.35,290.5309520903088,17.819054013206824,5.778840168799873
281.65,297.10999708909253,15.460003192608156,5.489083446701659
423.85,408.7736344770952,15.076371626420439,3.557006348783296
264.98,290.2514321463449,25.271421160016757,9.537104729503788
322.48,322.84846066205927,0.3684496757311422,0.11425504315886512
305.84,287.62142508370533,18.218571254185292,5.956896243896596
226.97,240.07666524251303,13.106664021809905,5.7746239376652815
405.06,430.3,25.24000244140626,6.231176268586034
281.68,295.7756506878397,14.095658012058436,5.004138873392685
326.2,379.7200012207031,53.519989013671875,16.407108219145016
481.58,432.9942844935826,48.58570207868303,10.088812540674857
280.25,305.4080017089844,25.158001708984386,8.976985444775874
286.65,297.01799926757815,10.368005371093773,3.616956424857936
211.54,214.53833389282227,2.998340606689453,1.4173871144232493
269.52,264.33145872751874,5.188530286153139,1.9251003627378231
250.07,252.08000044389203,2.0099931196732825,0.8037721681142282
344.9,354.29998779296875,9.399993896484375,2.7254259387738977
294.95,322.84846066205927,27.898448455028017,9.458703949957984
247.53,227.48406267166138,20.045936107635498,8.098386541628392
411.65,410.2112503051758,1.4387435913085938,0.3495065256020355
494.57,461.6570816040039,32.912925720214844,6.654856791313378
330.75,336.75,6.0,1.8140589569160999
444.78,453.7666727701823,8.986673990885436,2.020476193972178
409.71,404.11285400390625,5.597137451171875,1.366121785630303
325.04,342.5864533455141,17.546444800592212,5.398241551598784
329.9,298.7199935913086,31.18000030517578,9.451349160970098
353.12,290.5309520903088,62.5890430268787,17.724581981291575
356.23,376.47499084472656,20.244979858398438,5.683120240864667
297.35,300.7900085449219,3.44000244140625,1.1568866220936587
364.78,408.7736344770952,43.99363569779831,12.060320150506886
426.89,461.6570816040039,34.767066955566406,8.144268022806436
315.73,332.29399850027903,16.563987513950906,5.246250574091978
283.82,268.42332967122394,15.39667765299481,5.424803486600781
309.95,340.6460021972656,30.695989990234352,9.903529208358588
322.3,349.7272782759233,27.42729048295456,8.509863953383901
384.66,398.8599853515625,14.199981689453125,3.691566982338664
293.16,289.92260874872625,3.2373949133831275,1.1043098898015047
319.72,328.75,9.029998779296875,2.824345910427873
398.94,411.02332560221356,12.08332316080731,3.028857243410187
317.61,323.46166737874347,5.851682027180971,1.842411226682229
468.15,461.6570816040039,6.492912292480469,1.3869299107405646
367.41,406.13999938964844,38.72999572753906,10.541355799108103
263.06,262.4682498931885,0.5917476654052507,0.22494779552084707
237.86,242.35166549682617,4.491664886474609,1.888364952051183
299.06,322.84846066205927,23.788463103465517,7.954411588866789
367.85,362.7396761986517,5.1103299048639315,1.3892428490067357
402.21,387.114990234375,15.095001220703125,3.753014977597604
503.3,501.5299987792969,1.769989013671875,0.35167674480452316
223.29,227.48406267166138,4.1940693855285645,1.8783060198108004
329.5,321.5066670735677,7.993332926432288,2.4258977014969005
368.1,336.1600036621094,31.94000244140625,8.676990467754626
276.19,295.1599884033203,18.969985961914062,6.868454974556347
416.56,433.05999755859375,16.5,3.9610140428040244
347.46,307.22571236746654,40.23427908761158,11.579542991157107
275.82,284.8927815755208,9.072774251302064,3.2893822095498932
342.33,345.0181773792614,2.688190806995749,0.7852630246951134
368.71,391.1446413312639,22.4346498761858,6.084633016764649
329.25,318.8666687011719,10.383331298828125,3.153631373979689
274.54,252.3645449551669,22.17546358975497,8.077315837238523
355.83,364.8233337402344,8.99334716796875,2.5274281278546176
293.2,303.733437538147,10.533425331115723,3.5925732921450133
269.63,267.99400024414064,1.6360046386718636,0.6067591176964557
322.6,294.1682362275965,28.431769875919144,8.813319695597272
315.46,312.1949920654297,3.2649993896484375,1.034996347583867
337.39,350.0920580695657,12.702043421128224,3.764795302067203
299.06,262.4682498931885,36.59174766540525,12.23558749552787
313.49,339.64091075550425,26.15092052112925,8.341867790285105
340.94,350.0920580695657,9.152055628159474,2.6843595831006484
354.64,343.77761986142116,10.862394787016342,3.0629354664854938
299.63,321.5066670735677,21.876662190755212,7.301225456145934
360.73,376.2759263780382,15.545915391710082,4.309570847516561
219.24,254.74000549316406,35.5,16.192300269353392
381.2,362.7396761986517,18.460336008379556,4.842690298329181
286.56,311.3357151576451,24.775717599051347,8.645909341894583
323.41,322.7494843311799,0.6605193309295032,0.20423589977123813
391.93,387.5899963378906,4.339996337890625,1.1073396828501532
367.37,370.2033386230469,2.833343505859375,0.7712506583330425
322.7,311.3357151576451,11.364297049386153,3.521628949333686
307.62,304.0509060946378,3.56908902254969,1.1602266039923865
334.67,339.54499944051105,4.874986012776674,1.456654560367218
509.01,527.5849914550781,18.574981689453125,3.649237015595435
330.74,338.36133626302086,7.62134602864586,2.3043315757629075
393.46,404.11285400390625,10.652862548828125,2.707483042794804
340.06,349.55832926432294,9.498331705729186,2.793134086314455
400.85,404.11285400390625,3.262847900390625,0.813982250395183
275.22,289.92260874872625,14.702607528023123,5.3421290105412345
385.48,383.56250381469727,1.9175071716308594,0.4974336196381575
475.37,456.44666544596356,18.92332967122394,3.980758118012684
471.98,461.6570816040039,10.322929382324219,2.1871539349201896
316.37,328.9499969482422,12.580001831054688,3.976357437561325
370.49,369.2361094156901,1.2538808186848769,0.33843851432846045
284.34,297.10999708909253,12.770000751201906,4.491102523623476
450.49,456.44666544596356,5.956675211588561,1.3222658306990351
354.53,396.6179992675781,42.08800048828124,11.871492012861228
302.32,316.79998779296875,14.47998046875,4.789620308926875
261.96,245.3280008951823,16.631990559895826,6.349057528789827
384.95,379.65459462758656,5.295417579444688,1.3756117447781095
389.65,412.7333272298177,23.083333333333314,5.9241200294913146
333.94,365.4700012207031,31.529998779296875,9.441815460497036
337.44,295.7949981689453,41.64500427246094,12.341454472248666
310.97,318.82498931884766,7.854988098144531,2.525963297845457
320.62,336.9114292689732,16.291434151785722,5.081228369999556
295.91,283.60167439778644,12.308329264322936,4.159484002567701
424.63,383.56250381469727,41.067501068115234,9.671361089861952
250.91,273.8820007324219,22.97199707031251,9.155472773117486
340.63,382.8599853515625,42.22998046875,12.397610270204602
354.26,360.7533365885417,6.493326822916686,1.8329268457968506
439.49,393.72444322374133,45.76554701063367,10.413330912548753
353.64,344.1300048828125,9.510009765625,2.6891780827119187
235.7,242.35166549682617,6.651668548583984,2.82209106266753
374.88,372.20399780273436,2.6760070800781364,0.7138303044235865
239.42,256.25749588012695,16.83749771118164,7.032619597340553
228.38,227.48406267166138,0.895942211151123,0.392303262980861
372.29,372.64333089192706,0.3533223470051894,0.09490513817067864
334.31,324.79998779296875,9.510009765625,2.8446680730683807
475.94,474.5529390222886,1.3870634191176237,0.291436612178525
231.29,259.1233317057292,27.833338419596373,12.033957035557208
318.24,321.9000015258789,3.6600112915039062,1.1500789981826007
284.42,302.6160034179687,18.195989990234352,6.39757722072452
442.72,394.42038785494293,48.299613365760194,10.909742779315284
466.37,442.6800048828125,23.68999023437499,5.0796557416654275
344.09,391.35352998621323,47.26353364832261,13.735805792479535
287.04,268.98629704228154,18.05371150264034,6.28961502410732
270.52,262.4231559351871,8.096833078484792,2.9930627707054893
307.53,304.1499938964844,3.3800048828125,1.0990813566900857
301.78,314.078662109375,12.298663330078114,4.075373908087458
294.79,300.11500549316406,5.3249969482421875,1.806369549133051
472.09,449.4599914550781,22.6300048828125,4.79357856729831
247.67,245.3280008951823,2.3419972737630133,0.9456120204617783
428.57,403.7320068359375,24.83800048828124,5.795552666729422
441.53,419.3210021972656,22.20899658203126,5.0300085256795075
316.19,302.66166517469617,13.528337266710082,4.278546811174728
316.34,315.10250091552734,1.2374954223632812,0.39119157763455287
362.93,362.7396761986517,0.19031647712955646,0.05243889482001924
358.19,373.57461313100964,15.384610689603392,4.295097737162569
337.44,389.3525085449219,51.912506103515625,15.384218150759946
439.88,411.7099914550781,28.170013427734375,6.4040222594884915
292.82,306.1130424167799,13.293035092561126,4.539660801880486
414.12,412.7333272298177,1.3866678873698106,0.3348468810295943
273.72,262.4682498931885,11.251751327514626,4.110679262507466
283.0,245.3280008951823,37.6719991048177,13.311660461066325
361.12,358.7699890136719,2.350006103515625,0.6507549111903985
288.73,268.98629704228154,19.74371394404659,6.838123226816727
344.1,356.01444611725987,11.91444001374424,3.4624934037809982
335.99,334.00181718306106,1.988173051313936,0.5917357984168086
402.87,411.02332560221356,8.15333048502606,2.0238117963226343
364.06,338.36133626302086,25.69866129557289,7.058908275534121
382.54,374.0850067138672,8.455001831054688,2.2102268108413585
347.79,365.31000366210935,17.519995117187477,5.037521115252087
252.24,245.88999938964844,6.350006103515625,2.517446069310253
326.91,309.56333414713544,17.34666951497394,5.306252277585016
378.81,370.2033386230469,8.606658935546875,2.2720252873515068
276.28,272.709999593099,3.56999918619789,1.2921670775920855
408.03,372.64333089192706,35.38666788736981,8.672565250897259
257.64,260.35846182016223,2.7184471717247334,1.0551339144403438
359.42,344.57624435424805,14.843769073486328,4.129922797543617
369.58,339.54499944051105,30.034987131754576,8.126789388765157
221.21,239.35025024414062,18.140243530273438,8.200462447314894
292.15,274.7896466936384,17.360347202845958,5.942271971772533
362.34,383.11000366210936,20.77000732421874,5.732187319682538
342.76,342.5864533455141,0.17355642011091277,0.050634967664281626
295.38,323.25,27.8699951171875,9.435301867587311
352.22,375.0013893975152,22.781388176812072,6.46794279082894
336.15,339.54499944051105,3.3950055440266738,1.0099674566920112
299.44,319.69500732421875,20.2550048828125,6.764294923079276
392.36,391.1446413312639,1.2153440202985735,0.30975228506281055
264.32,275.003000386556,10.682993062337232,4.041689151904918
284.47,247.47000122070312,37.0,13.00664387852058
301.92,331.2205846449908,29.300571217256447,9.704746261966381
344.09,408.7736344770952,64.68363813920456,18.79846517702488
291.17,322.84846066205927,31.678447234324892,10.87970799650603
348.86,354.51999918619794,5.660013834635436,1.622431368542189
312.41,322.7494843311799,10.339480669070497,3.3095869363560078
335.37,354.51999918619794,19.150004069010436,5.710112516869286
240.31,228.59000049937856,11.719997059215189,4.877032657102646
258.36,271.0816650390625,12.7216796875,4.924013163334491
377.42,388.06499735514325,10.644983927408873,2.820460905273932
310.01,314.078662109375,4.068652343749989,1.3124261203133367
384.8,401.6963890923394,16.896401299370666,4.390956817925192
322.19,321.5066670735677,0.6833353678385379,0.21209080438888225
379.7,383.56250381469727,3.8624916076660156,1.017248217932633
424.11,391.1446413312639,32.96534402029857,7.772829020512738
264.32,252.3645449551669,11.955462369051844,4.523101557873029
379.91,405.1749954223633,25.264991760253906,6.650257038960337
363.9,354.51999918619794,9.37999471028644,2.5776298069833685
294.33,295.7756506878397,1.4456641155740613,0.4911711961156609
237.8,211.7330780029297,26.066925048828125,10.961700889109991
302.84,311.5299987792969,8.69000244140625,2.8695028881556546
440.01,448.8500061035156,8.839996337890625,2.009044372104017
259.43,262.4682498931885,3.0382572174072493,1.1711279740905924
374.25,412.49501037597656,38.24501037597656,10.219107648891534
450.97,453.7666727701823,2.7966715494791856,0.6201458061310168
295.35,268.98629704228154,26.36370906123409,8.92625986674062
