arquivo,real_kWh,previsto_kWh
amostra_0002_1918.16.csv,1918.16,1863.9646
amostra_0015_1255.51.csv,1255.51,1290.0083
amostra_0019_3106.45.csv,3106.45,3011.222
amostra_0020_2590.32.csv,2590.32,2579.4016
amostra_0021_2135.00.csv,2135.0,2086.0479
amostra_0023_2886.84.csv,2886.84,2832.4128
amostra_0043_2055.23.csv,2055.23,2021.4832
amostra_0045_1647.38.csv,1647.38,1609.3651
amostra_0049_2345.11.csv,2345.11,2338.8523
amostra_0050_3708.96.csv,3708.96,3602.492
amostra_0051_1808.85.csv,1808.85,1765.3539
amostra_0054_2681.49.csv,2681.49,2644.0298
amostra_0056_2906.70.csv,2906.7,2828.1868
amostra_0081_1985.55.csv,1985.55,1847.9169
amostra_0082_2221.14.csv,2221.14,2186.0488
amostra_0083_3083.32.csv,3083.32,2988.8213
amostra_0084_1239.89.csv,1239.89,1309.9774
amostra_0093_2582.21.csv,2582.21,2579.8643
amostra_0094_2867.39.csv,2867.39,2827.7053
amostra_0096_2455.82.csv,2455.82,2394.8508
amostra_0097_2383.73.csv,2383.73,2350.045
amostra_0108_2613.05.csv,2613.05,2646.1309
amostra_0115_2573.64.csv,2573.64,2489.5889
amostra_0117_1409.12.csv,1409.12,1439.1106
amostra_0124_1871.79.csv,1871.79,1871.476
amostra_0127_1474.94.csv,1474.94,1446.125
amostra_0136_1725.53.csv,1725.53,1714.0466
amostra_0137_1834.42.csv,1834.42,1772.7546
amostra_0144_961.38.csv,961.38,950.1685
amostra_0155_2509.34.csv,2509.34,2502.3145
amostra_0156_1900.94.csv,1900.94,1863.4889
amostra_0158_2326.18.csv,2326.18,2298.6533
amostra_0167_2536.37.csv,2536.37,2540.0159
amostra_0177_2179.11.csv,2179.11,2171.2175
amostra_0178_2404.29.csv,2404.29,2360.7708
amostra_0179_3106.65.csv,3106.65,3041.138
amostra_0187_2260.89.csv,2260.89,2295.5603
amostra_0189_1455.94.csv,1455.94,1493.842
amostra_0193_2328.29.csv,2328.29,2310.5815
amostra_0198_2252.55.csv,2252.55,2192.8374
amostra_0204_1784.38.csv,1784.38,1753.8309
amostra_0207_1824.45.csv,1824.45,1824.7107
amostra_0208_2991.08.csv,2991.08,2999.5417
amostra_0215_3433.81.csv,3433.81,3395.3823
amostra_0217_3408.22.csv,3408.22,3348.127
amostra_0219_2098.05.csv,2098.05,2120.8328
amostra_0221_1373.59.csv,1373.59,1339.2717
amostra_0224_2690.85.csv,2690.85,2610.56
amostra_0229_2115.41.csv,2115.41,2163.684
amostra_0234_1852.40.csv,1852.4,1871.1547
amostra_0241_1820.40.csv,1820.4,1776.5446
amostra_0242_3674.97.csv,3674.97,3626.6262
amostra_0253_2876.45.csv,2876.45,2832.6997
amostra_0257_1827.70.csv,1827.7,1804.4125
amostra_0259_1900.77.csv,1900.77,1866.5707
amostra_0261_2141.38.csv,2141.38,2099.5679
amostra_0267_2140.55.csv,2140.55,2164.0862
amostra_0291_1730.96.csv,1730.96,1675.8883
amostra_0295_2954.12.csv,2954.12,2969.6604
amostra_0299_1311.30.csv,1311.3,1374.1095
amostra_0302_1923.59.csv,1923.59,1825.2421
amostra_0306_2636.09.csv,2636.09,2542.6719
amostra_0312_2523.04.csv,2523.04,2542.7866
amostra_0318_3036.02.csv,3036.02,2971.6855
amostra_0319_2627.89.csv,2627.89,2598.6833
amostra_0327_2443.80.csv,2443.8,2453.4338
amostra_0332_1937.16.csv,1937.16,1900.5525
amostra_0336_2694.71.csv,2694.71,2649.035
amostra_0343_2310.68.csv,2310.68,2303.7114
amostra_0345_1895.30.csv,1895.3,1869.3306
amostra_0346_3976.83.csv,3976.83,3885.3008
amostra_0350_2875.35.csv,2875.35,2806.676
amostra_0353_3169.02.csv,3169.02,3126.3838
amostra_0356_4116.59.csv,4116.59,4003.3115
amostra_0360_1616.30.csv,1616.3,1596.2994
amostra_0365_2871.06.csv,2871.06,2807.2864
amostra_0368_1746.61.csv,1746.61,1738.561
amostra_0381_2301.19.csv,2301.19,2273.7864
amostra_0386_3380.46.csv,3380.46,3372.7952
amostra_0387_2393.57.csv,2393.57,2304.502
amostra_0391_2737.07.csv,2737.07,2675.2173
amostra_0394_2887.08.csv,2887.08,2787.582
amostra_0395_1372.27.csv,1372.27,1413.7122
amostra_0401_2823.10.csv,2823.1,2810.1191
amostra_0402_1876.94.csv,1876.94,1854.004
amostra_0404_964.29.csv,964.29,1066.5942
amostra_0408_2330.48.csv,2330.48,2223.6248
amostra_0413_1953.02.csv,1953.02,1948.3248
amostra_0419_1331.43.csv,1331.43,1401.6234
amostra_0424_1989.78.csv,1989.78,2040.2843
amostra_0427_2353.69.csv,2353.69,2241.2246
amostra_0430_1749.57.csv,1749.57,1769.34
amostra_0432_2301.81.csv,2301.81,2271.1843
amostra_0442_1188.48.csv,1188.48,1213.4976
amostra_0448_1711.82.csv,1711.82,1681.407
amostra_0459_2278.38.csv,2278.38,2206.7195
amostra_0461_2164.81.csv,2164.81,2163.148
amostra_0465_3784.44.csv,3784.44,3744.1082
amostra_0466_2053.46.csv,2053.46,2065.9873
amostra_0472_2345.65.csv,2345.65,2324.7717
amostra_0473_1799.60.csv,1799.6,1840.8926
amostra_0474_3479.63.csv,3479.63,3400.7263
amostra_0476_2401.85.csv,2401.85,2368.0857
amostra_0482_3033.24.csv,3033.24,2996.203
amostra_0486_3716.25.csv,3716.25,3605.8018
amostra_0490_2742.70.csv,2742.7,2691.6936
amostra_0493_1317.20.csv,1317.2,1337.8334
amostra_0495_2113.67.csv,2113.67,2100.706
amostra_0497_2280.00.csv,2280.0,2282.9016
amostra_0514_1817.76.csv,1817.76,1774.8176
amostra_0515_3859.47.csv,3859.47,3822.78
amostra_0521_2678.67.csv,2678.67,2666.0962
amostra_0526_2307.83.csv,2307.83,2261.8818
amostra_0549_1147.80.csv,1147.8,1221.5486
amostra_0552_2377.71.csv,2377.71,2300.0784
amostra_0556_3967.58.csv,3967.58,3956.0273
amostra_0559_2561.06.csv,2561.06,2464.009
amostra_0564_1524.70.csv,1524.7,1506.8066
amostra_0566_2947.55.csv,2947.55,2830.9497
amostra_0571_1873.78.csv,1873.78,1920.5579
amostra_0574_2877.73.csv,2877.73,2843.8184
amostra_0588_2769.21.csv,2769.21,2692.3032
amostra_0591_1734.98.csv,1734.98,1754.4899
amostra_0594_2304.55.csv,2304.55,2297.827
amostra_0596_3012.89.csv,3012.89,3015.9802
amostra_0598_2806.34.csv,2806.34,2739.7346
amostra_0601_3466.01.csv,3466.01,3411.4893
amostra_0602_3805.52.csv,3805.52,3783.0552
amostra_0604_3117.84.csv,3117.84,3068.597
amostra_0613_1363.21.csv,1363.21,1321.6746
amostra_0621_2901.06.csv,2901.06,2896.1973
amostra_0625_2995.38.csv,2995.38,2991.2874
amostra_0634_2937.63.csv,2937.63,2894.5728
amostra_0636_1580.53.csv,1580.53,1526.5488
amostra_0637_1206.96.csv,1206.96,1171.1152
amostra_0643_2790.42.csv,2790.42,2800.033
amostra_0647_1675.18.csv,1675.18,1641.6326
amostra_0652_2231.13.csv,2231.13,2232.1455
amostra_0653_2029.21.csv,2029.21,2044.8092
amostra_0654_1620.66.csv,1620.66,1602.5835
amostra_0655_1258.64.csv,1258.64,1336.6813
amostra_0657_2206.37.csv,2206.37,2171.1582
amostra_0671_3645.38.csv,3645.38,3639.7412
amostra_0674_918.87.csv,918.87,963.2856
amostra_0678_2912.56.csv,2912.56,2866.7314
amostra_0683_2546.07.csv,2546.07,2507.639
amostra_0687_1072.09.csv,1072.09,1083.6924
amostra_0699_3131.02.csv,3131.02,3068.8552
amostra_0703_1737.04.csv,1737.04,1713.9082
amostra_0707_2677.72.csv,2677.72,2592.874
amostra_0715_1765.46.csv,1765.46,1679.6708
amostra_0718_1544.17.csv,1544.17,1510.1685
amostra_0720_2368.81.csv,2368.81,2360.3542
amostra_0724_2490.22.csv,2490.22,2402.1758
amostra_0731_1551.83.csv,1551.83,1580.0247
amostra_0736_1824.46.csv,1824.46,1807.5089
amostra_0745_1379.46.csv,1379.46,1366.45
amostra_0747_2185.45.csv,2185.45,2142.7307
amostra_0749_1835.44.csv,1835.44,1749.2089
amostra_0752_2330.02.csv,2330.02,2323.4172
amostra_0754_1452.09.csv,1452.09,1447.9894
amostra_0759_3391.58.csv,3391.58,3312.683
amostra_0760_3239.20.csv,3239.2,3200.6704
amostra_0763_1724.07.csv,1724.07,1676.831
amostra_0775_3564.99.csv,3564.99,3468.9214
amostra_0778_2683.67.csv,2683.67,2632.9043
amostra_0791_2420.66.csv,2420.66,2286.3066
amostra_0793_3033.97.csv,3033.97,3055.3015
amostra_0794_4321.70.csv,4321.7,4294.1714
amostra_0803_1928.05.csv,1928.05,1857.6521
amostra_0810_3034.11.csv,3034.11,2946.3594
amostra_0814_2301.86.csv,2301.86,2250.651
amostra_0821_1912.96.csv,1912.96,1848.4185
amostra_0835_875.51.csv,875.51,925.70605
amostra_0843_2983.46.csv,2983.46,2939.9998
amostra_0847_1707.36.csv,1707.36,1670.2606
amostra_0852_2324.81.csv,2324.81,2223.9854
amostra_0870_2084.82.csv,2084.82,2091.571
amostra_0873_3940.57.csv,3940.57,3854.1814
amostra_0875_3266.23.csv,3266.23,3181.128
amostra_0883_2089.85.csv,2089.85,2034.7858
amostra_0891_2154.78.csv,2154.78,2227.865
amostra_0898_2391.35.csv,2391.35,2290.1897
amostra_0908_3645.54.csv,3645.54,3550.6287
amostra_0909_2316.55.csv,2316.55,2330.8362
amostra_0917_3288.29.csv,3288.29,3249.0645
amostra_0920_2650.49.csv,2650.49,2626.9329
amostra_0924_1817.94.csv,1817.94,1758.6034
amostra_0929_2021.19.csv,2021.19,2002.3618
amostra_0932_2632.20.csv,2632.2,2591.5435
amostra_0940_2037.78.csv,2037.78,1977.4246
amostra_0943_3410.22.csv,3410.22,3393.354
amostra_0947_2654.24.csv,2654.24,2653.2292
amostra_0949_2738.06.csv,2738.06,2612.0295
amostra_0951_3461.53.csv,3461.53,3388.4688
amostra_0955_1719.94.csv,1719.94,1710.0056
amostra_0962_2968.23.csv,2968.23,2962.6208
amostra_0967_2485.66.csv,2485.66,2522.5854
amostra_0985_2342.97.csv,2342.97,2352.6792
amostra_0987_2161.01.csv,2161.01,2147.3848
amostra_0988_2073.85.csv,2073.85,2039.603
amostra_0991_2419.13.csv,2419.13,2481.3
amostra_0999_2759.47.csv,2759.47,2747.7563
amostra_1005_2484.32.csv,2484.32,2370.4211
amostra_1023_3035.07.csv,3035.07,2991.0178
amostra_1024_3108.16.csv,3108.16,3135.7305
amostra_1027_4353.11.csv,4353.11,4300.9863
amostra_1039_3430.12.csv,3430.12,3381.653
amostra_1041_1831.86.csv,1831.86,1816.6965
amostra_1042_3170.58.csv,3170.58,3196.9834
amostra_1045_1681.42.csv,1681.42,1628.4753
amostra_1055_2647.63.csv,2647.63,2458.344
amostra_1057_2788.80.csv,2788.8,2679.671
amostra_1061_2621.51.csv,2621.51,2556.9905
amostra_1070_2676.56.csv,2676.56,2584.451
amostra_1072_2609.66.csv,2609.66,2599.161
amostra_1073_2765.53.csv,2765.53,2695.2605
amostra_1077_2755.79.csv,2755.79,2632.7761
amostra_1078_3101.47.csv,3101.47,3082.5022
amostra_1081_1548.57.csv,1548.57,1558.218
amostra_1091_2387.11.csv,2387.11,2417.7568
amostra_1095_2339.62.csv,2339.62,2264.767
amostra_1096_2709.91.csv,2709.91,2678.8481
amostra_1102_1871.91.csv,1871.91,1801.175
amostra_1106_2888.83.csv,2888.83,2725.3003
amostra_1108_2574.07.csv,2574.07,2557.4963
amostra_1114_1546.13.csv,1546.13,1550.0352
amostra_1119_1507.38.csv,1507.38,1550.7538
amostra_1123_3016.02.csv,3016.02,2982.0405
amostra_1128_1960.64.csv,1960.64,1871.0258
amostra_1133_3201.83.csv,3201.83,3171.1506
amostra_1136_2574.47.csv,2574.47,2600.048
amostra_1139_2152.87.csv,2152.87,2124.9805
amostra_1144_1938.78.csv,1938.78,1891.1443
amostra_1150_2715.36.csv,2715.36,2579.4944
amostra_1152_3194.03.csv,3194.03,3182.3796
amostra_1153_2510.56.csv,2510.56,2416.5625
amostra_1157_2411.96.csv,2411.96,2401.324
amostra_1162_2238.67.csv,2238.67,2165.9915
amostra_1163_2938.17.csv,2938.17,2875.6401
amostra_1165_2812.93.csv,2812.93,2696.4858
amostra_1166_2601.59.csv,2601.59,2558.0994
amostra_1169_2513.01.csv,2513.01,2501.5815
amostra_1173_2503.59.csv,2503.59,2437.0913
amostra_1175_2968.48.csv,2968.48,2897.6091
amostra_1180_2059.34.csv,2059.34,2012.4222
amostra_1184_3350.80.csv,3350.8,3303.701
amostra_1185_1622.44.csv,1622.44,1626.2821
amostra_1193_2315.53.csv,2315.53,2239.5327
amostra_1194_2418.87.csv,2418.87,2381.4604
amostra_1207_3196.34.csv,3196.34,3177.6838
amostra_1209_2836.63.csv,2836.63,2771.3557
amostra_1213_3179.63.csv,3179.63,3117.6208
amostra_1230_3366.56.csv,3366.56,3390.593
amostra_1233_1733.67.csv,1733.67,1736.3811
amostra_1238_1999.16.csv,1999.16,1964.2012
amostra_1239_2214.42.csv,2214.42,2137.0583
amostra_1246_2680.50.csv,2680.5,2660.9973
amostra_1250_2407.37.csv,2407.37,2367.4841
amostra_1258_3674.16.csv,3674.16,3639.9778
amostra_1264_1693.16.csv,1693.16,1669.7864
amostra_1265_1831.47.csv,1831.47,1855.5477
amostra_1274_2031.96.csv,2031.96,2037.0112
amostra_1277_1963.03.csv,1963.03,1895.163
amostra_1279_2406.61.csv,2406.61,2366.5503
amostra_1281_3648.42.csv,3648.42,3531.3267
amostra_1283_2220.39.csv,2220.39,2311.5493
amostra_1284_3179.57.csv,3179.57,3133.4084
amostra_1287_1988.81.csv,1988.81,1996.047
amostra_1295_3157.79.csv,3157.79,3105.41
amostra_1296_1590.97.csv,1590.97,1586.4001
amostra_1306_2513.27.csv,2513.27,2394.585
amostra_1313_2401.55.csv,2401.55,2362.4875
amostra_1326_1712.13.csv,1712.13,1718.0281
amostra_1329_2004.88.csv,2004.88,1949.3552
amostra_1336_2197.44.csv,2197.44,2131.1113
amostra_1340_2781.28.csv,2781.28,2764.2266
amostra_1344_2492.12.csv,2492.12,2440.7234
amostra_1349_2881.20.csv,2881.2,2840.6514
amostra_1353_1393.69.csv,1393.69,1430.2437
amostra_1354_2208.87.csv,2208.87,2177.3042
amostra_1362_2700.01.csv,2700.01,2598.4797
amostra_1368_1661.81.csv,1661.81,1648.2189
amostra_1370_2767.58.csv,2767.58,2726.1023
amostra_1376_1477.30.csv,1477.3,1542.1154
amostra_1378_2655.21.csv,2655.21,2642.812
amostra_1380_2886.82.csv,2886.82,2894.5742
amostra_1384_1592.14.csv,1592.14,1579.8124
amostra_1385_2678.45.csv,2678.45,2631.5806
amostra_1394_3355.54.csv,3355.54,3294.6084
amostra_1408_3174.44.csv,3174.44,3025.4424
amostra_1409_1713.57.csv,1713.57,1619.0757
amostra_1410_1298.56.csv,1298.56,1260.6127
amostra_1411_2869.17.csv,2869.17,2751.5076
amostra_1433_1900.98.csv,1900.98,1922.5292
amostra_1441_3541.12.csv,3541.12,3430.983
amostra_1444_3067.79.csv,3067.79,2969.7046
amostra_1448_1259.51.csv,1259.51,1179.494
amostra_1473_2396.15.csv,2396.15,2338.3767
amostra_1474_2150.10.csv,2150.1,2084.2676
amostra_1482_2062.88.csv,2062.88,1991.0348
amostra_1489_2814.15.csv,2814.15,2846.0286
amostra_1500_3109.14.csv,3109.14,3025.0254
amostra_1508_2777.11.csv,2777.11,2648.2188
amostra_1520_2622.67.csv,2622.67,2597.5217
amostra_1525_3159.97.csv,3159.97,3061.0808
amostra_1532_2223.95.csv,2223.95,2161.5137
amostra_1545_2129.60.csv,2129.6,2140.5671
amostra_1551_3083.68.csv,3083.68,3021.782
amostra_1561_1323.35.csv,1323.35,1301.168
amostra_1566_2769.13.csv,2769.13,2635.1836
amostra_1571_1354.33.csv,1354.33,1282.4323
amostra_1572_3161.48.csv,3161.48,3030.9368
amostra_1573_1684.04.csv,1684.04,1582.3159
amostra_1574_2089.21.csv,2089.21,2040.8671
amostra_1580_1819.29.csv,1819.29,1816.2144
amostra_1581_3021.42.csv,3021.42,2993.189
amostra_1587_2349.70.csv,2349.7,2372.9702
amostra_1592_2971.58.csv,2971.58,2923.7944
amostra_1598_2434.44.csv,2434.44,2367.8928
amostra_1601_1190.31.csv,1190.31,1208.3148
amostra_1604_2623.33.csv,2623.33,2514.5015
amostra_1607_3157.41.csv,3157.41,3182.0056
amostra_1612_2408.77.csv,2408.77,2334.4817
amostra_1617_2174.71.csv,2174.71,2111.922
amostra_1620_1636.98.csv,1636.98,1570.2339
amostra_1622_2135.48.csv,2135.48,2068.0835
amostra_1627_2574.51.csv,2574.51,2439.8054
amostra_1633_2233.30.csv,2233.3,2200.8752
amostra_1639_2375.25.csv,2375.25,2340.9456
amostra_1642_2904.72.csv,2904.72,2807.2598
amostra_1646_2192.80.csv,2192.8,2090.84
amostra_1656_2141.66.csv,2141.66,2096.8179
amostra_1658_3235.27.csv,3235.27,3235.9827
amostra_1673_2736.62.csv,2736.62,2710.9214
amostra_1688_2127.31.csv,2127.31,2100.6406
amostra_1690_2805.25.csv,2805.25,2831.1328
amostra_1691_3474.59.csv,3474.59,3404.6235
amostra_1697_3482.73.csv,3482.73,3427.0146
amostra_1700_3049.48.csv,3049.48,3003.3938
amostra_1705_3582.42.csv,3582.42,3613.0518
amostra_1706_2549.24.csv,2549.24,2485.2686
amostra_1715_1372.31.csv,1372.31,1380.8301
amostra_1716_2724.14.csv,2724.14,2742.6116
amostra_1721_2815.36.csv,2815.36,2830.2937
amostra_1729_2529.83.csv,2529.83,2486.1245
amostra_1731_1631.07.csv,1631.07,1556.3497
amostra_1733_3015.77.csv,3015.77,2851.6538
amostra_1744_3278.53.csv,3278.53,3200.2607
amostra_1747_2542.28.csv,2542.28,2553.786
amostra_1753_1687.09.csv,1687.09,1628.2002
amostra_1759_3139.57.csv,3139.57,3142.5447
amostra_1760_1533.19.csv,1533.19,1479.717
amostra_1767_1843.96.csv,1843.96,1788.6791
amostra_1768_2199.19.csv,2199.19,2068.7263
amostra_1780_1517.79.csv,1517.79,1560.3804
amostra_1783_1094.42.csv,1094.42,1043.0183
amostra_1796_2859.09.csv,2859.09,2818.93
amostra_1801_1560.36.csv,1560.36,1613.8092
amostra_1802_1070.64.csv,1070.64,1067.4036
amostra_1805_1888.07.csv,1888.07,1852.3151
amostra_1825_2008.59.csv,2008.59,2018.1108
amostra_1826_2008.63.csv,2008.63,1981.8383
amostra_1827_3392.84.csv,3392.84,3264.9033
amostra_1828_1472.67.csv,1472.67,1469.6387
amostra_1832_1610.42.csv,1610.42,1692.018
amostra_1837_2881.53.csv,2881.53,2767.7498
amostra_1850_3941.27.csv,3941.27,3884.2698
amostra_1862_1957.93.csv,1957.93,1938.101
amostra_1866_1236.61.csv,1236.61,1299.0078
amostra_1878_2418.91.csv,2418.91,2348.6782
amostra_1884_1602.94.csv,1602.94,1550.627
amostra_1897_3370.35.csv,3370.35,3237.4917
amostra_1899_2422.12.csv,2422.12,2327.675
amostra_1903_1994.39.csv,1994.39,1937.9371
amostra_1907_2544.06.csv,2544.06,2477.679
amostra_1919_1988.78.csv,1988.78,2059.8
amostra_1920_1949.22.csv,1949.22,1898.8837
amostra_1923_2249.94.csv,2249.94,2154.5637
amostra_1924_1500.20.csv,1500.2,1422.9237
amostra_1925_2636.71.csv,2636.71,2586.9634
amostra_1927_1633.32.csv,1633.32,1572.4852
amostra_1933_2082.87.csv,2082.87,2012.2261
amostra_1939_2528.13.csv,2528.13,2437.6475
amostra_1941_2601.92.csv,2601.92,2561.0198
amostra_1948_3000.46.csv,3000.46,2906.492
amostra_1957_3039.74.csv,3039.74,2920.647
amostra_1962_4000.72.csv,4000.72,3937.555
amostra_1963_2776.96.csv,2776.96,2673.4695
amostra_1966_2069.99.csv,2069.99,2060.43
amostra_1970_1147.49.csv,1147.49,1154.5487
amostra_1972_3448.22.csv,3448.22,3393.912
amostra_1977_3541.04.csv,3541.04,3490.1013
amostra_1980_3520.09.csv,3520.09,3489.9011
amostra_1982_2717.19.csv,2717.19,2574.3293
amostra_1983_1591.13.csv,1591.13,1606.2986
amostra_1986_3632.20.csv,3632.2,3554.5015
amostra_1993_2083.20.csv,2083.2,2015.3976
amostra_1997_1979.56.csv,1979.56,1952.0883
amostra_2001_2235.08.csv,2235.08,2181.359
amostra_2017_1732.39.csv,1732.39,1674.3868
amostra_2024_1246.16.csv,1246.16,1210.4926
amostra_2028_2437.73.csv,2437.73,2292.4878
amostra_2030_1599.59.csv,1599.59,1589.9396
amostra_2031_3696.09.csv,3696.09,3657.2913
amostra_2036_2054.16.csv,2054.16,2059.8306
amostra_2047_3471.49.csv,3471.49,3378.3264
amostra_2051_2007.32.csv,2007.32,1894.3918
amostra_2053_2890.40.csv,2890.4,2826.9905
amostra_2060_2166.08.csv,2166.08,2166.446
amostra_2073_3617.01.csv,3617.01,3524.517
amostra_2083_2696.74.csv,2696.74,2664.271
amostra_2084_1465.02.csv,1465.02,1403.1643
amostra_2088_2330.42.csv,2330.42,2256.8157
amostra_2094_2834.90.csv,2834.9,2758.7869
amostra_2095_3029.50.csv,3029.5,2947.634
amostra_2097_2276.64.csv,2276.64,2284.1035
amostra_2099_1972.16.csv,1972.16,1942.8168
amostra_2107_3146.28.csv,3146.28,3001.111
amostra_2110_2588.75.csv,2588.75,2495.815
amostra_2115_1299.57.csv,1299.57,1325.7156
amostra_2120_4344.97.csv,4344.97,4278.585
amostra_2121_3115.09.csv,3115.09,3028.6018
amostra_2128_2436.68.csv,2436.68,2358.458
amostra_2129_3251.12.csv,3251.12,3175.2307
amostra_2140_2178.44.csv,2178.44,2109.2334
amostra_2147_2182.32.csv,2182.32,2188.1213
amostra_2151_1884.05.csv,1884.05,1833.3909
amostra_2156_3197.65.csv,3197.65,3105.3318
amostra_2159_1465.23.csv,1465.23,1490.2216
amostra_2160_2114.10.csv,2114.1,2145.716
amostra_2164_2761.54.csv,2761.54,2789.1597
amostra_2172_1859.55.csv,1859.55,1856.7634
amostra_2178_2651.29.csv,2651.29,2572.4802
amostra_2193_1351.73.csv,1351.73,1359.2631
amostra_2194_2937.41.csv,2937.41,2874.576
amostra_2195_3193.36.csv,3193.36,3106.0566
amostra_2204_1887.08.csv,1887.08,1902.5673
amostra_2207_3462.41.csv,3462.41,3338.6885
amostra_2208_2658.11.csv,2658.11,2608.7239
amostra_2210_2060.97.csv,2060.97,2020.3552
amostra_2213_2896.55.csv,2896.55,2845.2234
amostra_2218_2422.70.csv,2422.7,2495.802
amostra_2221_3329.26.csv,3329.26,3302.165
amostra_2225_1297.78.csv,1297.78,1319.87
amostra_2228_1310.03.csv,1310.03,1292.931
amostra_2230_3486.69.csv,3486.69,3408.302
amostra_2232_3806.67.csv,3806.67,3759.3718
amostra_2242_1377.44.csv,1377.44,1385.4637
amostra_2246_2072.89.csv,2072.89,2071.6143
amostra_2254_1879.69.csv,1879.69,1827.3385
amostra_2255_2231.29.csv,2231.29,2264.8367
amostra_2261_3286.80.csv,3286.8,3237.2175
amostra_2264_1257.38.csv,1257.38,1271.283
amostra_2278_2386.39.csv,2386.39,2479.6094
amostra_2279_2825.71.csv,2825.71,2783.2288
amostra_2281_1665.99.csv,1665.99,1670.867
amostra_2291_3662.89.csv,3662.89,3664.3218
amostra_2293_3114.00.csv,3114.0,3044.065
amostra_2300_2285.80.csv,2285.8,2223.6196
amostra_2304_1832.34.csv,1832.34,1842.6497
amostra_2307_2240.28.csv,2240.28,2147.03
amostra_2312_2320.95.csv,2320.95,2239.2227
amostra_2320_2481.48.csv,2481.48,2451.0803
amostra_2321_2167.83.csv,2167.83,2104.0435
amostra_2324_4069.69.csv,4069.69,4017.956
amostra_2336_2451.85.csv,2451.85,2399.6362
amostra_2338_3181.07.csv,3181.07,3089.868
amostra_2340_3217.09.csv,3217.09,3247.493
amostra_2343_2744.37.csv,2744.37,2646.2214
amostra_2354_2229.70.csv,2229.7,2226.3064
amostra_2361_1392.40.csv,1392.4,1405.9213
amostra_2367_1424.40.csv,1424.4,1415.8864
amostra_2369_2248.64.csv,2248.64,2257.3218
amostra_2373_2865.89.csv,2865.89,2783.5784
amostra_2376_2020.00.csv,2020.0,2065.2886
amostra_2378_2114.79.csv,2114.79,2061.546
amostra_2381_1658.15.csv,1658.15,1644.0125
amostra_2385_1935.80.csv,1935.8,1837.7622
amostra_2399_2420.47.csv,2420.47,2398.0674
amostra_2402_2917.45.csv,2917.45,2814.7195
amostra_2419_1652.45.csv,1652.45,1614.4052
amostra_2421_2433.26.csv,2433.26,2374.8704
amostra_2423_2526.70.csv,2526.7,2463.9043
amostra_2439_2900.33.csv,2900.33,2915.354
amostra_2441_1412.54.csv,1412.54,1371.7538
amostra_2444_1998.82.csv,1998.82,1960.93
amostra_2446_2017.10.csv,2017.1,2099.327
amostra_2449_1929.63.csv,1929.63,1976.3894
amostra_2453_2835.06.csv,2835.06,2669.594
amostra_2455_1946.01.csv,1946.01,1886.8774
amostra_2464_1559.84.csv,1559.84,1505.7249
amostra_2468_2582.14.csv,2582.14,2503.2034
amostra_2470_2483.26.csv,2483.26,2406.4517
amostra_2472_1989.29.csv,1989.29,1902.7119
amostra_2479_2112.39.csv,2112.39,2038.678
amostra_2482_2115.07.csv,2115.07,2067.2969
amostra_2494_2259.75.csv,2259.75,2205.3313
amostra_2503_1193.68.csv,1193.68,1179.1655
amostra_2517_2685.05.csv,2685.05,2557.1943
amostra_2521_3399.92.csv,3399.92,3387.169
amostra_2522_3230.65.csv,3230.65,3195.8037
amostra_2525_1785.06.csv,1785.06,1740.4757
amostra_2534_1549.97.csv,1549.97,1524.7976
amostra_2536_1800.38.csv,1800.38,1753.1094
amostra_2547_3758.92.csv,3758.92,3669.232
amostra_2548_1479.13.csv,1479.13,1537.1521
amostra_2555_3202.35.csv,3202.35,3154.219
amostra_2558_2507.84.csv,2507.84,2512.8303
amostra_2563_1423.35.csv,1423.35,1502.902
amostra_2569_2164.82.csv,2164.82,2128.9978
amostra_2572_2148.13.csv,2148.13,2073.341
amostra_2574_1803.00.csv,1803.0,1872.5178
amostra_2587_2115.94.csv,2115.94,2017.5203
amostra_2589_3859.74.csv,3859.74,3715.7537
amostra_2591_3916.68.csv,3916.68,3886.332
amostra_2596_1757.03.csv,1757.03,1787.6191
amostra_2606_3363.29.csv,3363.29,3229.909
amostra_2608_4434.93.csv,4434.93,4397.7153
amostra_2613_1444.45.csv,1444.45,1460.3914
amostra_2620_2063.37.csv,2063.37,2043.8177
amostra_2622_3957.91.csv,3957.91,3804.713
amostra_2628_3378.36.csv,3378.36,3287.4028
amostra_2633_2222.69.csv,2222.69,2244.7246
amostra_2634_2462.42.csv,2462.42,2471.3987
amostra_2643_2712.22.csv,2712.22,2691.7283
amostra_2650_2176.91.csv,2176.91,2180.412
amostra_2656_2779.05.csv,2779.05,2813.734
amostra_2659_2440.21.csv,2440.21,2520.7925
amostra_2661_1294.43.csv,1294.43,1293.9923
amostra_2662_1464.23.csv,1464.23,1482.2023
amostra_2672_1844.89.csv,1844.89,1847.9082
amostra_2680_2441.15.csv,2441.15,2394.7922
amostra_2682_2493.40.csv,2493.4,2502.3909
amostra_2697_2694.46.csv,2694.46,2620.1736
amostra_2700_2112.60.csv,2112.6,2044.6028
amostra_2703_2052.74.csv,2052.74,2067.0781
amostra_2704_892.18.csv,892.18,923.4044
amostra_2714_2825.55.csv,2825.55,2755.4617
amostra_2725_3081.21.csv,3081.21,3092.1326
amostra_2736_2615.97.csv,2615.97,2547.3726
amostra_2737_1663.64.csv,1663.64,1643.1149
amostra_2738_2052.98.csv,2052.98,2005.3494
amostra_2739_2103.45.csv,2103.45,2084.5176
amostra_2754_2011.35.csv,2011.35,1925.8767
amostra_2761_3760.98.csv,3760.98,3720.1985
amostra_2765_1997.92.csv,1997.92,2017.8992
amostra_2766_1406.36.csv,1406.36,1392.5233
amostra_2769_2821.83.csv,2821.83,2806.8145
amostra_2773_2013.48.csv,2013.48,1991.6884
amostra_2775_2470.92.csv,2470.92,2429.1963
amostra_2776_2688.93.csv,2688.93,2636.053
amostra_2785_2435.57.csv,2435.57,2419.9429
amostra_2787_2991.89.csv,2991.89,2940.842
amostra_2788_2065.12.csv,2065.12,1981.5896
amostra_2793_2264.38.csv,2264.38,2303.2827
amostra_2796_2354.82.csv,2354.82,2294.7563
amostra_2799_3014.73.csv,3014.73,2940.3606
amostra_2808_1266.49.csv,1266.49,1320.4613
amostra_2837_3494.82.csv,3494.82,3430.7036
amostra_2840_3647.46.csv,3647.46,3574.7202
amostra_2843_2235.22.csv,2235.22,2179.9624
amostra_2860_3387.17.csv,3387.17,3327.1936
amostra_2862_1586.90.csv,1586.9,1617.4934
amostra_2866_3272.68.csv,3272.68,3183.9988
amostra_2867_1332.94.csv,1332.94,1327.031
amostra_2871_2855.43.csv,2855.43,2825.6038
amostra_2873_1394.39.csv,1394.39,1382.3506
amostra_2891_2465.87.csv,2465.87,2409.0605
amostra_2902_1281.85.csv,1281.85,1254.2612
amostra_2904_1699.37.csv,1699.37,1701.6509
amostra_2917_2392.96.csv,2392.96,2364.328
amostra_2920_2382.91.csv,2382.91,2302.7468
amostra_2923_2763.29.csv,2763.29,2726.8313
amostra_2929_2268.45.csv,2268.45,2272.0278
amostra_2932_2407.79.csv,2407.79,2320.7515
amostra_2934_1865.96.csv,1865.96,1899.3938
amostra_2938_2284.18.csv,2284.18,2225.2996
amostra_2944_2746.23.csv,2746.23,2684.3135
amostra_2958_2813.13.csv,2813.13,2748.3894
amostra_2963_2574.43.csv,2574.43,2498.924
amostra_2969_2051.49.csv,2051.49,1933.2433
amostra_2982_2524.13.csv,2524.13,2491.5542
amostra_2983_2173.29.csv,2173.29,2165.7808
amostra_2987_3191.61.csv,3191.61,3168.3408
amostra_2993_3843.76.csv,3843.76,3757.3418
amostra_2995_1591.14.csv,1591.14,1575.6914
amostra_2999_1967.09.csv,1967.09,1926.24
amostra_3001_1530.72.csv,1530.72,1480.4148
amostra_3005_1578.20.csv,1578.2,1536.2667
amostra_3010_2817.11.csv,2817.11,2768.0178
amostra_3022_2479.36.csv,2479.36,2416.6338
amostra_3024_2410.60.csv,2410.6,2329.2888
amostra_3027_2114.43.csv,2114.43,2039.4344
amostra_3028_2844.56.csv,2844.56,2729.3315
amostra_3036_2742.75.csv,2742.75,2648.1182
amostra_3045_3573.42.csv,3573.42,3550.6655
amostra_3048_1724.05.csv,1724.05,1769.0024
amostra_3049_2218.64.csv,2218.64,2170.1882
amostra_3050_1371.18.csv,1371.18,1464.8854
amostra_3054_2879.42.csv,2879.42,2885.08
amostra_3059_2125.25.csv,2125.25,2100.3462
amostra_3061_1921.12.csv,1921.12,1967.317
amostra_3073_914.04.csv,914.04,903.6851
amostra_3080_2316.18.csv,2316.18,2212.8208
amostra_3083_3645.96.csv,3645.96,3583.1892
amostra_3084_2056.98.csv,2056.98,1959.2557
amostra_3100_4646.81.csv,4646.81,4568.156
amostra_3103_2917.84.csv,2917.84,2940.4646
amostra_3105_2007.98.csv,2007.98,1917.859
amostra_3118_2247.99.csv,2247.99,2230.0383
amostra_3133_2693.98.csv,2693.98,2576.7063
amostra_3135_1925.24.csv,1925.24,1849.2858
amostra_3136_3272.14.csv,3272.14,3115.7546
amostra_3137_2979.26.csv,2979.26,2879.0127
amostra_3142_2947.88.csv,2947.88,2949.7876
amostra_3143_965.42.csv,965.42,982.55066
amostra_3146_1686.85.csv,1686.85,1590.7325
amostra_3151_2356.63.csv,2356.63,2260.687
amostra_3162_2071.06.csv,2071.06,2076.7168
amostra_3170_4145.60.csv,4145.6,4046.771
amostra_3179_2829.84.csv,2829.84,2754.7131
amostra_3181_1779.66.csv,1779.66,1715.0039
amostra_3183_2214.62.csv,2214.62,2158.7095
amostra_3184_3612.15.csv,3612.15,3505.5654
amostra_3188_3336.05.csv,3336.05,3339.2488
amostra_3190_2923.71.csv,2923.71,2836.3271
amostra_3196_1752.97.csv,1752.97,1747.0361
amostra_3204_1382.12.csv,1382.12,1373.5519
amostra_3205_2252.72.csv,2252.72,2218.761
amostra_3207_2790.44.csv,2790.44,2752.1077
amostra_3214_2466.20.csv,2466.2,2423.4702
amostra_3215_2874.84.csv,2874.84,2759.455
amostra_3218_1776.24.csv,1776.24,1731.4941
amostra_3227_1670.12.csv,1670.12,1637.4731
amostra_3229_1319.16.csv,1319.16,1346.8501
amostra_3237_2541.89.csv,2541.89,2483.8572
amostra_3239_3656.99.csv,3656.99,3497.107
amostra_3241_2784.41.csv,2784.41,2605.8247
amostra_3245_2983.32.csv,2983.32,2933.5479
amostra_3246_1756.79.csv,1756.79,1770.9067
amostra_3254_2624.11.csv,2624.11,2569.7017
amostra_3257_3829.95.csv,3829.95,3743.7756
amostra_3261_2404.90.csv,2404.9,2417.5366
amostra_3268_2256.33.csv,2256.33,2221.812
amostra_3269_2192.60.csv,2192.6,2254.1377
amostra_3280_3005.31.csv,3005.31,3063.3127
amostra_3284_2222.29.csv,2222.29,2202.1362
amostra_3293_3077.44.csv,3077.44,2979.7932
amostra_3303_2917.63.csv,2917.63,2884.499
amostra_3309_884.83.csv,884.83,943.6913
amostra_3310_2955.90.csv,2955.9,2893.8816
amostra_3314_2361.83.csv,2361.83,2263.6272
amostra_3315_1539.15.csv,1539.15,1455.4105
amostra_3316_2377.06.csv,2377.06,2331.586
amostra_3332_2232.14.csv,2232.14,2161.7168
amostra_3335_1743.21.csv,1743.21,1685.9662
amostra_3340_2239.24.csv,2239.24,2253.1467
amostra_3347_2436.98.csv,2436.98,2323.5642
amostra_3349_2861.91.csv,2861.91,2860.506
amostra_3365_1707.81.csv,1707.81,1689.1011
amostra_3375_1872.27.csv,1872.27,1823.3171
amostra_3378_1311.33.csv,1311.33,1310.6655
amostra_3380_1477.50.csv,1477.5,1529.2562
amostra_3382_2638.91.csv,2638.91,2648.9368
amostra_3386_2728.63.csv,2728.63,2687.7476
amostra_3388_3378.48.csv,3378.48,3259.892
amostra_3395_1822.45.csv,1822.45,1877.3547
amostra_3398_3093.23.csv,3093.23,2985.791
amostra_3399_2039.14.csv,2039.14,1980.0112
amostra_3408_1292.68.csv,1292.68,1356.2808
amostra_3409_2532.19.csv,2532.19,2468.713
amostra_3422_2184.90.csv,2184.9,2110.3384
amostra_3424_1457.07.csv,1457.07,1410.066
amostra_3425_3371.38.csv,3371.38,3196.7732
amostra_3428_3315.66.csv,3315.66,3247.9685
amostra_3435_4218.52.csv,4218.52,4175.837
amostra_3438_1328.75.csv,1328.75,1349.0856
amostra_3441_3512.28.csv,3512.28,3461.8425
amostra_3445_2408.85.csv,2408.85,2275.2131
amostra_3446_3693.42.csv,3693.42,3602.1084
amostra_3458_2832.87.csv,2832.87,2854.863
amostra_3460_1462.56.csv,1462.56,1436.3867
amostra_3461_1933.72.csv,1933.72,1924.1837
amostra_3462_3780.15.csv,3780.15,3744.702
amostra_3474_2305.96.csv,2305.96,2282.3945
amostra_3479_2336.62.csv,2336.62,2235.0947
amostra_3487_3053.17.csv,3053.17,3014.8777
amostra_3495_1774.39.csv,1774.39,1746.6403
amostra_3500_2311.56.csv,2311.56,2345.8647
amostra_3511_2847.23.csv,2847.23,2851.4075
amostra_3517_2568.36.csv,2568.36,2421.462
amostra_3522_3217.76.csv,3217.76,3211.179
amostra_3528_1629.27.csv,1629.27,1633.3698
amostra_3529_2908.65.csv,2908.65,2848.794
amostra_3532_3481.99.csv,3481.99,3430.4297
amostra_3536_2499.28.csv,2499.28,2428.842
amostra_3548_1921.84.csv,1921.84,1887.6403
amostra_3550_3761.23.csv,3761.23,3664.235
amostra_3553_1876.27.csv,1876.27,1777.1334
amostra_3554_1996.63.csv,1996.63,2015.9631
amostra_3562_1923.39.csv,1923.39,1956.8942
amostra_3564_3222.79.csv,3222.79,3182.0244
amostra_3584_3407.55.csv,3407.55,3271.267
amostra_3587_1696.56.csv,1696.56,1699.567
amostra_3594_2692.35.csv,2692.35,2618.8245
amostra_3603_1092.67.csv,1092.67,1105.3193
amostra_3610_2713.38.csv,2713.38,2655.8032
amostra_3614_2476.58.csv,2476.58,2441.152
amostra_3621_2607.80.csv,2607.8,2571.808
amostra_3624_2888.65.csv,2888.65,2889.3774
amostra_3625_2015.07.csv,2015.07,1874.5043
amostra_3628_1285.60.csv,1285.6,1280.5308
amostra_3629_3741.86.csv,3741.86,3620.4907
amostra_3640_3266.30.csv,3266.3,3275.4849
amostra_3642_1444.90.csv,1444.9,1380.255
amostra_3645_2006.96.csv,2006.96,1983.3303
amostra_3646_3950.25.csv,3950.25,3820.8494
amostra_3652_2297.58.csv,2297.58,2402.077
amostra_3656_2573.69.csv,2573.69,2560.5925
amostra_3663_2251.15.csv,2251.15,2219.99
amostra_3668_2644.90.csv,2644.9,2653.6887
amostra_3676_2823.80.csv,2823.8,2817.7615
amostra_3679_2792.55.csv,2792.55,2752.6648
amostra_3680_1782.90.csv,1782.9,1736.7705
amostra_3686_3133.04.csv,3133.04,3098.585
amostra_3687_3290.78.csv,3290.78,3196.2605
amostra_3688_1184.28.csv,1184.28,1175.1294
amostra_3693_2662.41.csv,2662.41,2678.437
amostra_3699_2332.95.csv,2332.95,2246.3135
amostra_3701_2027.71.csv,2027.71,2055.464
amostra_3702_2103.45.csv,2103.45,2097.7036
amostra_3704_2656.96.csv,2656.96,2580.4287
amostra_3705_2428.72.csv,2428.72,2319.8857
amostra_3708_2825.89.csv,2825.89,2735.8953
amostra_3709_2859.64.csv,2859.64,2741.4976
amostra_3710_2199.68.csv,2199.68,2206.539
amostra_3711_2012.17.csv,2012.17,1973.184
amostra_3713_3088.02.csv,3088.02,3077.0708
amostra_3715_2789.98.csv,2789.98,2754.7102
amostra_3717_2723.44.csv,2723.44,2729.1165
amostra_3726_3665.00.csv,3665.0,3547.0166
amostra_3727_2343.67.csv,2343.67,2360.2961
amostra_3729_1069.34.csv,1069.34,1049.672
amostra_3732_2567.82.csv,2567.82,2599.8735
amostra_3744_2239.85.csv,2239.85,2207.6685
amostra_3750_1240.66.csv,1240.66,1238.2805
amostra_3755_2152.16.csv,2152.16,2108.4407
amostra_3756_2042.24.csv,2042.24,2008.8994
amostra_3762_2455.62.csv,2455.62,2403.9832
amostra_3769_1914.71.csv,1914.71,1786.0881
amostra_3770_3750.35.csv,3750.35,3703.8665
amostra_3772_2166.00.csv,2166.0,2194.071
amostra_3778_1202.96.csv,1202.96,1217.2802
amostra_3783_2434.42.csv,2434.42,2444.4792
amostra_3791_2561.84.csv,2561.84,2469.5198
amostra_3801_1979.01.csv,1979.01,1977.3445
amostra_3803_3151.51.csv,3151.51,3101.6333
amostra_3805_1583.26.csv,1583.26,1540.5651
amostra_3824_2339.28.csv,2339.28,2233.1797
amostra_3827_2813.39.csv,2813.39,2717.3918
amostra_3835_1651.76.csv,1651.76,1607.0593
amostra_3838_2358.82.csv,2358.82,2248.7725
amostra_3840_2241.59.csv,2241.59,2271.1458
amostra_3841_2960.48.csv,2960.48,2934.0588
amostra_3846_2295.50.csv,2295.5,2243.672
amostra_3847_1388.04.csv,1388.04,1399.6528
amostra_3860_2557.68.csv,2557.68,2472.7156
amostra_3863_3338.50.csv,3338.5,3287.4534
amostra_3864_1506.07.csv,1506.07,1450.0878
amostra_3866_2896.73.csv,2896.73,2797.7239
amostra_3872_2341.87.csv,2341.87,2280.8987
amostra_3873_1576.91.csv,1576.91,1511.9053
amostra_3883_1673.77.csv,1673.77,1669.474
amostra_3884_3165.34.csv,3165.34,3069.6284
amostra_3888_2709.52.csv,2709.52,2671.1272
amostra_3892_2051.41.csv,2051.41,2072.1077
amostra_3893_3187.76.csv,3187.76,3140.0217
amostra_3898_2372.16.csv,2372.16,2415.8477
amostra_3903_2863.69.csv,2863.69,2816.1045
amostra_3906_2528.56.csv,2528.56,2482.8323
amostra_3907_3098.52.csv,3098.52,3018.8088
amostra_3910_2741.80.csv,2741.8,2666.9417
amostra_3920_3233.44.csv,3233.44,3241.181
amostra_3923_948.75.csv,948.75,984.78204
amostra_3928_2731.07.csv,2731.07,2632.7961
amostra_3930_1930.25.csv,1930.25,1894.3254
amostra_3941_1871.71.csv,1871.71,1814.3121
amostra_3942_1051.79.csv,1051.79,1126.024
amostra_3943_2998.51.csv,2998.51,2957.4624
amostra_3946_3302.41.csv,3302.41,3111.2622
amostra_3948_1304.93.csv,1304.93,1283.0662
amostra_3950_3591.33.csv,3591.33,3617.9805
amostra_3951_2457.50.csv,2457.5,2437.1292
amostra_3954_2682.79.csv,2682.79,2597.9736
amostra_3956_2155.94.csv,2155.94,2130.6873
amostra_3957_1605.75.csv,1605.75,1559.0837
amostra_3959_1749.00.csv,1749.0,1762.3246
amostra_3963_3280.85.csv,3280.85,3263.4126
amostra_3969_3284.25.csv,3284.25,3241.1526
amostra_3972_2187.10.csv,2187.1,2166.8064
amostra_3974_2384.19.csv,2384.19,2312.5063
amostra_3985_2634.66.csv,2634.66,2563.4004
amostra_3989_3511.22.csv,3511.22,3413.2126
amostra_3991_1464.53.csv,1464.53,1492.0619
amostra_3992_2328.45.csv,2328.45,2221.6084
amostra_3995_2494.42.csv,2494.42,2453.4475
amostra_4002_2843.06.csv,2843.06,2780.031
amostra_4016_2929.73.csv,2929.73,2888.1958
amostra_4021_3368.31.csv,3368.31,3328.2712
amostra_4025_2885.87.csv,2885.87,2866.221
amostra_4032_1365.15.csv,1365.15,1351.8221
amostra_4036_2033.71.csv,2033.71,1974.8005
amostra_4037_1169.88.csv,1169.88,1211.9934
amostra_4039_1902.70.csv,1902.7,1878.5181
amostra_4043_2413.85.csv,2413.85,2381.6152
amostra_4046_2627.28.csv,2627.28,2709.9038
amostra_4047_1392.43.csv,1392.43,1342.2264
amostra_4053_1786.81.csv,1786.81,1678.1451
amostra_4059_3191.00.csv,3191.0,3057.555
