epoch,eval_loss,eval_mae,eval_rmse,loss,lr,mae,rmse,val_loss,val_mae,val_rmse
0,32.584373474121094,32.584373474121094,33.130035400390625,33.14630889892578,0.0010000000474974513,33.14630889892578,33.67997360229492,32.71086502075195,32.71086502075195,33.256011962890625
1,31.451229095458984,31.451229095458984,32.033382415771484,32.245155334472656,0.0010000000474974513,32.245155334472656,32.82367706298828,31.58941078186035,31.58941078186035,32.167442321777344
2,29.287370681762695,29.287370681762695,29.89642333984375,30.55079460144043,0.0010000000474974513,30.55079460144043,31.1844425201416,29.478912353515625,29.478912353515625,30.082597732543945
3,25.871118545532227,25.871118545532227,26.621183395385742,27.769487380981445,0.0010000000474974513,27.769487380981445,28.552980422973633,26.119516372680664,26.119516372680664,26.86544418334961
4,21.14271354675293,21.14271354675293,22.13119125366211,23.72640037536621,0.0010000000474974513,23.72640037536621,24.812952041625977,21.34023094177246,21.34023094177246,22.342031478881836
5,15.101395606994629,15.101395606994629,16.145668029785156,18.412967681884766,0.0010000000474974513,18.412967681884766,19.874019622802734,15.346396446228027,15.346396446228027,16.384387969970703
6,8.018363952636719,8.018363952636719,8.746102333068848,12.097039222717285,0.0010000000474974513,12.097039222717285,13.744308471679688,8.17898941040039,8.17898941040039,8.897870063781738
7,2.747814655303955,2.747814655303955,3.401287317276001,6.397395133972168,0.0010000000474974513,6.397395133972168,7.954881191253662,2.8453564643859863,2.8453564643859863,3.4930455684661865
8,1.9046292304992676,1.9046292304992676,2.4115378856658936,4.538538932800293,0.0010000000474974513,4.538538932800293,5.747001647949219,2.122342348098755,2.122342348098755,2.6389312744140625
9,1.6479157209396362,1.6479157209396362,2.082139015197754,4.188792705535889,0.0010000000474974513,4.188792705535889,5.322625160217285,1.8477070331573486,1.8477070331573486,2.34476900100708
10,1.53562331199646,1.53562331199646,1.9414951801300049,3.9208076000213623,0.0010000000474974513,3.9208076000213623,5.0389018058776855,1.7079567909240723,1.7079567909240723,2.147834539413452
11,1.4909372329711914,1.4909372329711914,1.8519574403762817,3.7960939407348633,0.0010000000474974513,3.7960939407348633,4.8396430015563965,1.6026586294174194,1.6026586294174194,2.0262649059295654
12,1.2237107753753662,1.2237107753753662,1.5593047142028809,3.738565444946289,0.0010000000474974513,3.738565444946289,4.725150108337402,1.3717595338821411,1.3717595338821411,1.7327725887298584
13,1.1650824546813965,1.1650824546813965,1.4664005041122437,3.5975730419158936,0.0010000000474974513,3.5975730419158936,4.61208438873291,1.2891513109207153,1.2891513109207153,1.6050523519515991
14,1.0990121364593506,1.0990121364593506,1.4019076824188232,3.5479907989501953,0.0010000000474974513,3.5479907989501953,4.512657642364502,1.2273101806640625,1.2273101806640625,1.5548888444900513
15,0.9774430990219116,0.9774430990219116,1.2504613399505615,3.4327311515808105,0.0010000000474974513,3.4327311515808105,4.379005432128906,1.0536878108978271,1.0536878108978271,1.344459056854248
16,1.0073466300964355,1.0073466300964355,1.2857698202133179,3.2830605506896973,0.0010000000474974513,3.2830605506896973,4.177920818328857,1.0837467908859253,1.0837467908859253,1.3663361072540283
17,0.975618302822113,0.975618302822113,1.2385854721069336,3.3375277519226074,0.0010000000474974513,3.3375277519226074,4.241662979125977,1.071295142173767,1.071295142173767,1.3623530864715576
18,0.9537097811698914,0.9537097811698914,1.2172720432281494,3.2049219608306885,0.0010000000474974513,3.2049219608306885,4.086607933044434,1.0760866403579712,1.0760866403579712,1.3541851043701172
19,0.8451328873634338,0.8451328873634338,1.0778257846832275,3.177899122238159,0.0010000000474974513,3.177899122238159,4.0435566902160645,0.9457705020904541,0.9457705020904541,1.2152868509292603
20,0.8678885102272034,0.8678885102272034,1.1233875751495361,3.1644644737243652,0.0010000000474974513,3.1644644737243652,3.996548652648926,0.9805198907852173,0.9805198907852173,1.2743778228759766
21,0.8546333312988281,0.8546333312988281,1.0835462808609009,3.053351640701294,0.0010000000474974513,3.053351640701294,3.93127179145813,0.9268113374710083,0.9268113374710083,1.1760298013687134
22,0.7943444848060608,0.7943444848060608,1.0196762084960938,3.095968008041382,0.0010000000474974513,3.095968008041382,3.975496530532837,0.868908703327179,0.868908703327179,1.1096065044403076
23,0.7733151316642761,0.7733151316642761,0.9826040267944336,2.9651694297790527,0.0010000000474974513,2.9651694297790527,3.7753705978393555,0.8623948693275452,0.8623948693275452,1.088954210281372
24,0.7704143524169922,0.7704143524169922,0.9829114675521851,2.924412250518799,0.0010000000474974513,2.924412250518799,3.684591293334961,0.8527981638908386,0.8527981638908386,1.0913256406784058
25,0.7765587568283081,0.7765587568283081,0.9821481704711914,2.882730722427368,0.0010000000474974513,2.882730722427368,3.6677043437957764,0.8510585427284241,0.8510585427284241,1.0747162103652954
26,0.7483115792274475,0.7483115792274475,0.9603468179702759,2.8464529514312744,0.0010000000474974513,2.8464529514312744,3.611955165863037,0.7878658771514893,0.7878658771514893,1.0214534997940063
27,0.7501533031463623,0.7501533031463623,0.9556213617324829,2.8594655990600586,0.0010000000474974513,2.8594655990600586,3.652843952178955,0.817340612411499,0.817340612411499,1.0330679416656494
28,0.6946272253990173,0.6946272253990173,0.8866820335388184,2.8008878231048584,0.0010000000474974513,2.8008878231048584,3.5410046577453613,0.7591966390609741,0.7591966390609741,0.9809198379516602
29,0.8104922771453857,0.8104922771453857,1.0194166898727417,2.784172534942627,0.0010000000474974513,2.784172534942627,3.5525248050689697,0.8912625908851624,0.8912625908851624,1.1232696771621704
30,0.6890190839767456,0.6890190839767456,0.8912335634231567,2.6959922313690186,0.0010000000474974513,2.6959922313690186,3.5002424716949463,0.7421357035636902,0.7421357035636902,0.9536589980125427
31,0.6361323595046997,0.6361323595046997,0.8208194971084595,2.7662758827209473,0.0010000000474974513,2.7662758827209473,3.5359199047088623,0.7042675018310547,0.7042675018310547,0.910308301448822
32,0.6414076685905457,0.6414076685905457,0.8279635906219482,2.6936867237091064,0.0010000000474974513,2.6936867237091064,3.4154341220855713,0.7085973024368286,0.7085973024368286,0.9086800813674927
33,0.6304158568382263,0.6304158568382263,0.8057588934898376,2.691032648086548,0.0010000000474974513,2.691032648086548,3.431307077407837,0.6947698593139648,0.6947698593139648,0.8780305981636047
34,0.7397179007530212,0.7397179007530212,0.9337130784988403,2.678257465362549,0.0010000000474974513,2.678257465362549,3.4123528003692627,0.805492639541626,0.805492639541626,1.0091605186462402
35,0.635042667388916,0.635042667388916,0.8140659332275391,2.6750640869140625,0.0010000000474974513,2.6750640869140625,3.3958053588867188,0.6923819780349731,0.6923819780349731,0.881528913974762
36,0.600746214389801,0.600746214389801,0.7674521803855896,2.687000036239624,0.0010000000474974513,2.687000036239624,3.4269213676452637,0.6690976023674011,0.6690976023674011,0.8497589826583862
37,0.6641895771026611,0.6641895771026611,0.8440587520599365,2.5702924728393555,0.0010000000474974513,2.5702924728393555,3.3012497425079346,0.7298807501792908,0.7298807501792908,0.9160205721855164
38,0.6053169965744019,0.6053169965744019,0.7817760705947876,2.5631442070007324,0.0010000000474974513,2.5631442070007324,3.2488536834716797,0.6819646954536438,0.6819646954536438,0.8555004596710205
39,0.6814928650856018,0.6814928650856018,0.8846989274024963,2.582597017288208,0.0010000000474974513,2.582597017288208,3.2744171619415283,0.725254237651825,0.725254237651825,0.9204261302947998
40,0.6420652866363525,0.6420652866363525,0.8336508870124817,2.5471365451812744,0.0010000000474974513,2.5471365451812744,3.2489891052246094,0.7000267505645752,0.7000267505645752,0.8849638104438782
41,0.5836548209190369,0.5836548209190369,0.758904755115509,2.58142352104187,0.0010000000474974513,2.58142352104187,3.2709860801696777,0.649892270565033,0.649892270565033,0.8227038383483887
42,0.5815728306770325,0.5815728306770325,0.7618110775947571,2.595170259475708,0.0010000000474974513,2.595170259475708,3.2975029945373535,0.6364445090293884,0.6364445090293884,0.8143343925476074
43,0.5846855640411377,0.5846855640411377,0.757006049156189,2.5365147590637207,0.0010000000474974513,2.5365147590637207,3.2273004055023193,0.629609227180481,0.629609227180481,0.8110881447792053
44,0.6068606972694397,0.6068606972694397,0.7878735065460205,2.5758299827575684,0.0010000000474974513,2.5758299827575684,3.2729544639587402,0.6689205169677734,0.6689205169677734,0.8553690910339355
45,0.6521685123443604,0.6521685123443604,0.8507656455039978,2.5135889053344727,0.0010000000474974513,2.5135889053344727,3.191957473754883,0.7006683945655823,0.7006683945655823,0.8952344655990601
46,0.6117454767227173,0.6117454767227173,0.8031373620033264,2.5313994884490967,0.0010000000474974513,2.5313994884490967,3.2458174228668213,0.6584512591362,0.6584512591362,0.8495152592658997
47,0.5838155150413513,0.5838155150413513,0.7505253553390503,2.5048820972442627,0.0010000000474974513,2.5048820972442627,3.1615099906921387,0.627100944519043,0.627100944519043,0.802797794342041
48,0.5802052617073059,0.5802052617073059,0.7584326863288879,2.4259586334228516,0.0010000000474974513,2.4259586334228516,3.0959339141845703,0.6174770593643188,0.6174770593643188,0.7941075563430786
49,0.5797053575515747,0.5797053575515747,0.7506628632545471,2.47597074508667,0.0010000000474974513,2.47597074508667,3.1577301025390625,0.6142575740814209,0.6142575740814209,0.7872812747955322
50,0.6127328276634216,0.6127328276634216,0.7950344085693359,2.4767560958862305,0.0010000000474974513,2.4767560958862305,3.1583352088928223,0.6565061211585999,0.6565061211585999,0.835284411907196
51,0.6576623320579529,0.6576623320579529,0.837813675403595,2.4565138816833496,0.0010000000474974513,2.4565138816833496,3.1169848442077637,0.6888998746871948,0.6888998746871948,0.865969717502594
52,0.6088709831237793,0.6088709831237793,0.7950273156166077,2.5113251209259033,0.0010000000474974513,2.5113251209259033,3.183790683746338,0.6372860074043274,0.6372860074043274,0.8126259446144104
53,0.6245450377464294,0.6245450377464294,0.8003721833229065,2.4818572998046875,0.0010000000474974513,2.4818572998046875,3.148038148880005,0.6557281613349915,0.6557281613349915,0.8401838541030884
54,0.5508928298950195,0.5508928298950195,0.7167708277702332,2.4544951915740967,0.0010000000474974513,2.4544951915740967,3.1179728507995605,0.5836138725280762,0.5836138725280762,0.7440834045410156
55,0.6102449893951416,0.6102449893951416,0.7831247448921204,2.4427151679992676,0.0010000000474974513,2.4427151679992676,3.1237149238586426,0.6469453573226929,0.6469453573226929,0.8215094804763794
56,0.5451788902282715,0.5451788902282715,0.714053213596344,2.3843882083892822,0.0010000000474974513,2.3843882083892822,3.031193494796753,0.5841221213340759,0.5841221213340759,0.7465009689331055
57,0.688298761844635,0.688298761844635,0.890860915184021,2.3809654712677,0.0010000000474974513,2.3809654712677,3.003004550933838,0.7237412929534912,0.7237412929534912,0.9167846441268921
58,0.7491918206214905,0.7491918206214905,0.9680485129356384,2.441005229949951,0.0010000000474974513,2.441005229949951,3.080984354019165,0.7970341444015503,0.7970341444015503,1.0101381540298462
59,0.5638707876205444,0.5638707876205444,0.7379579544067383,2.4269356727600098,0.0010000000474974513,2.4269356727600098,3.091702699661255,0.607401430606842,0.607401430606842,0.7834078073501587
60,0.6041312217712402,0.6041312217712402,0.7845897078514099,2.3478896617889404,0.0010000000474974513,2.3478896617889404,2.9804041385650635,0.641916036605835,0.641916036605835,0.824913501739502
61,0.573250949382782,0.573250949382782,0.7463179230690002,2.452234983444214,0.0010000000474974513,2.452234983444214,3.1219642162323,0.6125629544258118,0.6125629544258118,0.7912545800209045
62,0.5440242886543274,0.5440242886543274,0.7153259515762329,2.3934590816497803,0.0010000000474974513,2.3934590816497803,3.04127836227417,0.5876392722129822,0.5876392722129822,0.7595491409301758
63,0.5449042916297913,0.5449042916297913,0.710604727268219,2.3892879486083984,0.0010000000474974513,2.3892879486083984,3.0532639026641846,0.5872593522071838,0.5872593522071838,0.7532728910446167
64,0.49575275182724,0.49575275182724,0.6513338088989258,2.432673692703247,0.0010000000474974513,2.432673692703247,3.1189451217651367,0.5397228002548218,0.5397228002548218,0.6947904229164124
65,0.5846135020256042,0.5846135020256042,0.7588239908218384,2.4035346508026123,0.0010000000474974513,2.4035346508026123,3.064566135406494,0.6222174763679504,0.6222174763679504,0.7941527366638184
66,0.5170298218727112,0.5170298218727112,0.6710360050201416,2.4195899963378906,0.0010000000474974513,2.4195899963378906,3.0800750255584717,0.5588409304618835,0.5588409304618835,0.7189627289772034
67,0.6420868039131165,0.6420868039131165,0.8268120884895325,2.41916561126709,0.0010000000474974513,2.41916561126709,3.0759594440460205,0.6771184206008911,0.6771184206008911,0.8664649128913879
68,0.5644872784614563,0.5644872784614563,0.7321494221687317,2.4020631313323975,0.0010000000474974513,2.4020631313323975,3.0549087524414062,0.6054373383522034,0.6054373383522034,0.771197497844696
69,0.5623096823692322,0.5623096823692322,0.7373882532119751,2.4948723316192627,0.0010000000474974513,2.4948723316192627,3.1561169624328613,0.6013355851173401,0.6013355851173401,0.7762705683708191
70,0.5029572248458862,0.5029572248458862,0.6570211052894592,2.377356767654419,0.0010000000474974513,2.377356767654419,3.049589157104492,0.561913251876831,0.561913251876831,0.7172489762306213
71,0.5336644649505615,0.5336644649505615,0.7176995873451233,2.3844218254089355,0.0010000000474974513,2.3844218254089355,3.0464704036712646,0.5629561543464661,0.5629561543464661,0.7428454756736755
72,0.5268548727035522,0.5268548727035522,0.7032690048217773,2.3389503955841064,0.0010000000474974513,2.3389503955841064,3.0156586170196533,0.5523859858512878,0.5523859858512878,0.7258477807044983
73,0.5181716680526733,0.5181716680526733,0.6851662993431091,2.368352174758911,0.0010000000474974513,2.368352174758911,3.0271494388580322,0.5436919331550598,0.5436919331550598,0.7116060853004456
74,0.5700747966766357,0.5700747966766357,0.7284209728240967,2.371145248413086,0.0005000000237487257,2.371145248413086,3.0301339626312256,0.6110936403274536,0.6110936403274536,0.7749128937721252
75,0.5870807766914368,0.5870807766914368,0.7567729353904724,2.3365516662597656,0.0005000000237487257,2.3365516662597656,2.945662498474121,0.6118853688240051,0.6118853688240051,0.7914174199104309
76,0.4802873730659485,0.4802873730659485,0.627842366695404,2.3592145442962646,0.0005000000237487257,2.3592145442962646,2.9887752532958984,0.5269252061843872,0.5269252061843872,0.6852703094482422
77,0.5409379601478577,0.5409379601478577,0.7126444578170776,2.3296329975128174,0.0005000000237487257,2.3296329975128174,2.973163366317749,0.5715318322181702,0.5715318322181702,0.7497527003288269
78,0.5813302397727966,0.5813302397727966,0.7666263580322266,2.358567237854004,0.0005000000237487257,2.358567237854004,3.0019278526306152,0.6071215271949768,0.6071215271949768,0.7976618409156799
79,0.5205622315406799,0.5205622315406799,0.6889818906784058,2.393481969833374,0.0005000000237487257,2.393481969833374,3.037745475769043,0.551410973072052,0.551410973072052,0.7230769395828247
80,0.5239046812057495,0.5239046812057495,0.6915451288223267,2.3983852863311768,0.0005000000237487257,2.3983852863311768,3.0313382148742676,0.5592094659805298,0.5592094659805298,0.7302524447441101
81,0.536456286907196,0.536456286907196,0.6957178115844727,2.3406765460968018,0.0005000000237487257,2.3406765460968018,2.995011568069458,0.5807389616966248,0.5807389616966248,0.7434442639350891
82,0.49322301149368286,0.49322301149368286,0.6436935067176819,2.312889814376831,0.0005000000237487257,2.312889814376831,2.96125864982605,0.5380639433860779,0.5380639433860779,0.6931313276290894
83,0.47872239351272583,0.47872239351272583,0.6363145709037781,2.3300914764404297,0.0005000000237487257,2.3300914764404297,2.968486785888672,0.5254836082458496,0.5254836082458496,0.6877012848854065
84,0.5805423259735107,0.5805423259735107,0.7575550675392151,2.3181560039520264,0.0005000000237487257,2.3181560039520264,2.934767007827759,0.6240450143814087,0.6240450143814087,0.8063019514083862
85,0.5928420424461365,0.5928420424461365,0.7703893780708313,2.345768690109253,0.0005000000237487257,2.345768690109253,3.00199031829834,0.6335799098014832,0.6335799098014832,0.8133174777030945
86,0.506635844707489,0.506635844707489,0.6666412949562073,2.320302724838257,0.0005000000237487257,2.320302724838257,2.9599814414978027,0.5598453283309937,0.5598453283309937,0.7239509224891663
87,0.5040985345840454,0.5040985345840454,0.6578134894371033,2.338632822036743,0.0005000000237487257,2.338632822036743,2.9631083011627197,0.5515667796134949,0.5515667796134949,0.7050829529762268
88,0.5713998675346375,0.5713998675346375,0.7483162879943848,2.332921266555786,0.0005000000237487257,2.332921266555786,3.0057849884033203,0.6100596189498901,0.6100596189498901,0.7846741676330566
89,0.5162671804428101,0.5162671804428101,0.6833631992340088,2.2430412769317627,0.0005000000237487257,2.2430412769317627,2.8730854988098145,0.5670220255851746,0.5670220255851746,0.731689989566803
90,0.46222126483917236,0.46222126483917236,0.6101868748664856,2.3250012397766113,0.0005000000237487257,2.3250012397766113,2.9482882022857666,0.5177611708641052,0.5177611708641052,0.6675652861595154
91,0.5466530323028564,0.5466530323028564,0.7112062573432922,2.307034969329834,0.0005000000237487257,2.307034969329834,2.948897361755371,0.5914243459701538,0.5914243459701538,0.7616148591041565
92,0.5265039205551147,0.5265039205551147,0.6913428902626038,2.3662703037261963,0.0005000000237487257,2.3662703037261963,3.0365335941314697,0.5709508061408997,0.5709508061408997,0.7395971417427063
93,0.4618951082229614,0.4618951082229614,0.615563154220581,2.326838254928589,0.0005000000237487257,2.326838254928589,2.9691483974456787,0.5119014382362366,0.5119014382362366,0.6721727848052979
94,0.4942040741443634,0.4942040741443634,0.6525207757949829,2.2618393898010254,0.0005000000237487257,2.2618393898010254,2.8798985481262207,0.5349470973014832,0.5349470973014832,0.7012828588485718
95,0.4695090353488922,0.4695090353488922,0.6272000074386597,2.3080930709838867,0.0005000000237487257,2.3080930709838867,2.9382095336914062,0.5058921575546265,0.5058921575546265,0.6597315669059753
96,0.49405333399772644,0.49405333399772644,0.6442553400993347,2.323195219039917,0.0005000000237487257,2.323195219039917,2.949800968170166,0.541142463684082,0.541142463684082,0.6968873143196106
97,0.6409923434257507,0.6409923434257507,0.8132714629173279,2.3907856941223145,0.0005000000237487257,2.3907856941223145,3.037637948989868,0.6723111271858215,0.6723111271858215,0.8500198125839233
98,0.48562896251678467,0.48562896251678467,0.64817875623703,2.3378829956054688,0.0005000000237487257,2.3378829956054688,2.9613401889801025,0.5305150747299194,0.5305150747299194,0.6980312466621399
99,0.46335649490356445,0.46335649490356445,0.6134655475616455,2.3248653411865234,0.0005000000237487257,2.3248653411865234,2.9608654975891113,0.516215443611145,0.516215443611145,0.6745504140853882
100,0.5136927962303162,0.5136927962303162,0.6733313798904419,2.294877767562866,0.0005000000237487257,2.294877767562866,2.9263339042663574,0.5495887398719788,0.5495887398719788,0.7176554203033447
101,0.46328550577163696,0.46328550577163696,0.6179759502410889,2.280811071395874,0.0005000000237487257,2.280811071395874,2.9197869300842285,0.5059337019920349,0.5059337019920349,0.6649383902549744
102,0.4570712149143219,0.4570712149143219,0.6107527017593384,2.2949628829956055,0.0005000000237487257,2.2949628829956055,2.9451611042022705,0.5026728510856628,0.5026728510856628,0.6644892692565918
103,0.6296976208686829,0.6296976208686829,0.7999773025512695,2.3404994010925293,0.0005000000237487257,2.3404994010925293,2.9622819423675537,0.6673882603645325,0.6673882603645325,0.8464927077293396
104,0.4503158628940582,0.4503158628940582,0.5997948050498962,2.3652143478393555,0.0005000000237487257,2.3652143478393555,2.989189863204956,0.49073493480682373,0.49073493480682373,0.6520124673843384
105,0.5249572396278381,0.5249572396278381,0.6900068521499634,2.3198447227478027,0.0005000000237487257,2.3198447227478027,2.9531712532043457,0.5623090267181396,0.5623090267181396,0.7359497547149658
106,0.4481712877750397,0.4481712877750397,0.5986705422401428,2.3562121391296387,0.0005000000237487257,2.3562121391296387,2.9886350631713867,0.4860231876373291,0.4860231876373291,0.646435022354126
107,0.48107340931892395,0.48107340931892395,0.6421281099319458,2.3685336112976074,0.0005000000237487257,2.3685336112976074,3.003873348236084,0.5102174282073975,0.5102174282073975,0.6781177520751953
108,0.5238611698150635,0.5238611698150635,0.689605712890625,2.3590645790100098,0.0005000000237487257,2.3590645790100098,3.002290725708008,0.5467532873153687,0.5467532873153687,0.7157126665115356
109,0.4939713180065155,0.4939713180065155,0.6436811089515686,2.295154094696045,0.0005000000237487257,2.295154094696045,2.9245381355285645,0.5269789695739746,0.5269789695739746,0.683082640171051
110,0.44821420311927795,0.44821420311927795,0.5940330028533936,2.3543872833251953,0.0005000000237487257,2.3543872833251953,2.972959041595459,0.4941161572933197,0.4941161572933197,0.642602801322937
111,0.5019848942756653,0.5019848942756653,0.6630432605743408,2.286787271499634,0.0005000000237487257,2.286787271499634,2.909837484359741,0.5375142097473145,0.5375142097473145,0.6991348266601562
112,0.5626961588859558,0.5626961588859558,0.724439799785614,2.315682888031006,0.0005000000237487257,2.315682888031006,2.9563143253326416,0.5965760350227356,0.5965760350227356,0.7652091383934021
113,0.5366325378417969,0.5366325378417969,0.6993071436882019,2.3499999046325684,0.0005000000237487257,2.3499999046325684,2.9884862899780273,0.5680334568023682,0.5680334568023682,0.7386369705200195
114,0.530305027961731,0.530305027961731,0.6899556517601013,2.2669260501861572,0.0005000000237487257,2.2669260501861572,2.8805670738220215,0.575034499168396,0.575034499168396,0.7341161966323853
115,0.47869497537612915,0.47869497537612915,0.6244897246360779,2.2977700233459473,0.0005000000237487257,2.2977700233459473,2.9322805404663086,0.5178038477897644,0.5178038477897644,0.6751552820205688
116,0.5061063170433044,0.5061063170433044,0.6655362248420715,2.25704288482666,0.0002500000118743628,2.25704288482666,2.8804919719696045,0.5424226522445679,0.5424226522445679,0.7060295939445496
117,0.5088436603546143,0.5088436603546143,0.6632862687110901,2.3068506717681885,0.0002500000118743628,2.3068506717681885,2.9482619762420654,0.5443073511123657,0.5443073511123657,0.7069328427314758
118,0.48564496636390686,0.48564496636390686,0.6368582844734192,2.318906784057617,0.0002500000118743628,2.318906784057617,2.959702968597412,0.5270310640335083,0.5270310640335083,0.6838953495025635
119,0.4999907612800598,0.4999907612800598,0.657086193561554,2.2893738746643066,0.0002500000118743628,2.2893738746643066,2.900364637374878,0.5396085381507874,0.5396085381507874,0.702000617980957
120,0.4601917266845703,0.4601917266845703,0.6127307415008545,2.285860538482666,0.0002500000118743628,2.285860538482666,2.915353775024414,0.5023146271705627,0.5023146271705627,0.6597411036491394
121,0.4333627223968506,0.4333627223968506,0.5797646045684814,2.28891658782959,0.0002500000118743628,2.28891658782959,2.9057655334472656,0.47486215829849243,0.47486215829849243,0.6292992234230042
122,0.4498722553253174,0.4498722553253174,0.6000699400901794,2.3048813343048096,0.0002500000118743628,2.3048813343048096,2.9208016395568848,0.49343734979629517,0.49343734979629517,0.654533863067627
123,0.455942839384079,0.455942839384079,0.6072722673416138,2.250145673751831,0.0002500000118743628,2.250145673751831,2.8788461685180664,0.4971633851528168,0.4971633851528168,0.6613916754722595
124,0.44338735938072205,0.44338735938072205,0.5926540493965149,2.3517704010009766,0.0002500000118743628,2.3517704010009766,2.9902586936950684,0.4887584447860718,0.4887584447860718,0.6458931565284729
125,0.4616386592388153,0.4616386592388153,0.6132283806800842,2.3401150703430176,0.0002500000118743628,2.3401150703430176,2.9759037494659424,0.508714497089386,0.508714497089386,0.668684184551239
126,0.4755311608314514,0.4755311608314514,0.6233488321304321,2.3439700603485107,0.0002500000118743628,2.3439700603485107,3.010436534881592,0.5267825722694397,0.5267825722694397,0.6850465536117554
127,0.4575635492801666,0.4575635492801666,0.6101773977279663,2.301920175552368,0.0002500000118743628,2.301920175552368,2.9199209213256836,0.5025451183319092,0.5025451183319092,0.6639720797538757
128,0.4785498380661011,0.4785498380661011,0.6348675489425659,2.3007164001464844,0.0002500000118743628,2.3007164001464844,2.948016881942749,0.5192838311195374,0.5192838311195374,0.6836008429527283
129,0.49456706643104553,0.49456706643104553,0.6566003561019897,2.2871897220611572,0.0002500000118743628,2.2871897220611572,2.903348445892334,0.5284417867660522,0.5284417867660522,0.6980988383293152
130,0.46235546469688416,0.46235546469688416,0.6214195489883423,2.290604829788208,0.0002500000118743628,2.290604829788208,2.9088964462280273,0.5035658478736877,0.5035658478736877,0.6703510880470276
131,0.43940848112106323,0.43940848112106323,0.5928638577461243,2.2684051990509033,0.0001250000059371814,2.2684051990509033,2.9070632457733154,0.4859282970428467,0.4859282970428467,0.64528888463974
132,0.44229766726493835,0.44229766726493835,0.5981165766716003,2.282351016998291,0.0001250000059371814,2.282351016998291,2.924673318862915,0.48813989758491516,0.48813989758491516,0.6485092639923096
133,0.4290785491466522,0.4290785491466522,0.5801832675933838,2.334820508956909,0.0001250000059371814,2.334820508956909,2.9576170444488525,0.47981011867523193,0.47981011867523193,0.6365929841995239
134,0.4266940653324127,0.4266940653324127,0.5792770981788635,2.330702543258667,0.0001250000059371814,2.330702543258667,2.955458402633667,0.4746061861515045,0.4746061861515045,0.6323613524436951
135,0.4492093026638031,0.4492093026638031,0.6038526892662048,2.248025894165039,0.0001250000059371814,2.248025894165039,2.8786587715148926,0.49659156799316406,0.49659156799316406,0.6588135957717896
136,0.4614093601703644,0.4614093601703644,0.6143251657485962,2.2561957836151123,0.0001250000059371814,2.2561957836151123,2.877084255218506,0.5069091320037842,0.5069091320037842,0.6696604490280151
137,0.4490015506744385,0.4490015506744385,0.6015055775642395,2.277578115463257,0.0001250000059371814,2.277578115463257,2.8915786743164062,0.49474647641181946,0.49474647641181946,0.6557862758636475
138,0.4366867244243622,0.4366867244243622,0.5854724049568176,2.3439924716949463,0.0001250000059371814,2.3439924716949463,2.9936411380767822,0.48196375370025635,0.48196375370025635,0.6423184275627136
139,0.46193063259124756,0.46193063259124756,0.6133393049240112,2.292114019393921,0.0001250000059371814,2.292114019393921,2.8854973316192627,0.5047634243965149,0.5047634243965149,0.6685419678688049
140,0.4289954602718353,0.4289954602718353,0.5745784044265747,2.3683600425720215,0.0001250000059371814,2.3683600425720215,2.994920492172241,0.4772813618183136,0.4772813618183136,0.6356111764907837
141,0.4444734454154968,0.4444734454154968,0.5920681953430176,2.302922248840332,0.0001250000059371814,2.302922248840332,2.930722713470459,0.490773469209671,0.490773469209671,0.6509648561477661
142,0.4641754925251007,0.4641754925251007,0.6143873333930969,2.270533323287964,0.0001250000059371814,2.270533323287964,2.9191927909851074,0.5078657269477844,0.5078657269477844,0.6715224981307983
143,0.4812351167201996,0.4812351167201996,0.6343663930892944,2.2833638191223145,0.0001250000059371814,2.2833638191223145,2.9015753269195557,0.5220593810081482,0.5220593810081482,0.6865614652633667
144,0.4759822487831116,0.4759822487831116,0.6285942792892456,2.306771993637085,6.25000029685907e-05,2.306771993637085,2.9226720333099365,0.51683109998703,0.51683109998703,0.6806248426437378
145,0.48494458198547363,0.48494458198547363,0.638064980506897,2.295790433883667,6.25000029685907e-05,2.295790433883667,2.9461495876312256,0.5235855579376221,0.5235855579376221,0.6878917813301086
146,0.4612296521663666,0.4612296521663666,0.613226592540741,2.2609164714813232,6.25000029685907e-05,2.2609164714813232,2.8747496604919434,0.5029978156089783,0.5029978156089783,0.6647455096244812
147,0.4486393928527832,0.4486393928527832,0.6023381352424622,2.308049201965332,6.25000029685907e-05,2.308049201965332,2.931997060775757,0.488962858915329,0.488962858915329,0.6512507796287537
148,0.46957191824913025,0.46957191824913025,0.6261358261108398,2.2853288650512695,6.25000029685907e-05,2.2853288650512695,2.9098033905029297,0.5056236982345581,0.5056236982345581,0.6729173064231873
149,0.43447133898735046,0.43447133898735046,0.5847806334495544,2.284689426422119,6.25000029685907e-05,2.284689426422119,2.8948721885681152,0.47584453225135803,0.47584453225135803,0.6367256045341492
150,0.43586432933807373,0.43586432933807373,0.5851482152938843,2.34216046333313,6.25000029685907e-05,2.34216046333313,2.983957290649414,0.47829023003578186,0.47829023003578186,0.6389592289924622
151,0.4468109905719757,0.4468109905719757,0.5977804660797119,2.2367448806762695,6.25000029685907e-05,2.2367448806762695,2.867105007171631,0.48725053668022156,0.48725053668022156,0.6504372358322144
152,0.45879262685775757,0.45879262685775757,0.61167311668396,2.302715301513672,6.25000029685907e-05,2.302715301513672,2.937451124191284,0.4982573091983795,0.4982573091983795,0.663430392742157
153,0.43633463978767395,0.43633463978767395,0.586281955242157,2.266702175140381,6.25000029685907e-05,2.266702175140381,2.8666114807128906,0.47804784774780273,0.47804784774780273,0.638805627822876
154,0.42510437965393066,0.42510437965393066,0.574386477470398,2.296006917953491,6.25000029685907e-05,2.296006917953491,2.940847396850586,0.4692448079586029,0.4692448079586029,0.6277729868888855
155,0.4261355400085449,0.4261355400085449,0.5759301781654358,2.2612016201019287,6.25000029685907e-05,2.2612016201019287,2.867832899093628,0.46987780928611755,0.46987780928611755,0.6278610229492188
156,0.434238463640213,0.434238463640213,0.5829851031303406,2.234762668609619,6.25000029685907e-05,2.234762668609619,2.8352229595184326,0.4778781533241272,0.4778781533241272,0.637139081954956
157,0.43999621272087097,0.43999621272087097,0.5884475708007812,2.2785909175872803,6.25000029685907e-05,2.2785909175872803,2.898308515548706,0.4831475019454956,0.4831475019454956,0.642276406288147
158,0.44424915313720703,0.44424915313720703,0.5939754843711853,2.289216995239258,6.25000029685907e-05,2.289216995239258,2.9346373081207275,0.4856932759284973,0.4856932759284973,0.6459807753562927
159,0.43180978298187256,0.43180978298187256,0.5780349373817444,2.282818078994751,6.25000029685907e-05,2.282818078994751,2.8897242546081543,0.4761087894439697,0.4761087894439697,0.6334388256072998
160,0.43641355633735657,0.43641355633735657,0.5835298895835876,2.2039127349853516,6.25000029685907e-05,2.2039127349853516,2.8145735263824463,0.4805245101451874,0.4805245101451874,0.6385968327522278
161,0.43839502334594727,0.43839502334594727,0.5873187780380249,2.3042237758636475,6.25000029685907e-05,2.3042237758636475,2.945390224456787,0.4810466170310974,0.4810466170310974,0.6409807205200195
162,0.4425162076950073,0.4425162076950073,0.5908094644546509,2.289485454559326,6.25000029685907e-05,2.289485454559326,2.918707847595215,0.48493197560310364,0.48493197560310364,0.6443037390708923
163,0.4400741457939148,0.4400741457939148,0.5872430205345154,2.237922430038452,6.25000029685907e-05,2.237922430038452,2.8353466987609863,0.482976496219635,0.482976496219635,0.6416296362876892
164,0.45464470982551575,0.45464470982551575,0.6050646305084229,2.2336785793304443,3.125000148429535e-05,2.2336785793304443,2.827064275741577,0.4954875111579895,0.4954875111579895,0.6575215458869934
165,0.45209792256355286,0.45209792256355286,0.6043004393577576,2.2471811771392822,3.125000148429535e-05,2.2471811771392822,2.844489097595215,0.492725133895874,0.492725133895874,0.6548048853874207
166,0.4575372040271759,0.4575372040271759,0.6099519729614258,2.263606309890747,3.125000148429535e-05,2.263606309890747,2.8867275714874268,0.49705010652542114,0.49705010652542114,0.6599711775779724
167,0.45322227478027344,0.45322227478027344,0.6034127473831177,2.332686424255371,3.125000148429535e-05,2.332686424255371,2.993154525756836,0.49392443895339966,0.49392443895339966,0.6549773216247559
168,0.45538416504859924,0.45538416504859924,0.6059994697570801,2.287412166595459,3.125000148429535e-05,2.287412166595459,2.9200668334960938,0.494962602853775,0.494962602853775,0.6563130617141724
169,0.45581626892089844,0.45581626892089844,0.6063153743743896,2.320039987564087,3.125000148429535e-05,2.320039987564087,2.969019889831543,0.4955105781555176,0.4955105781555176,0.6562921404838562
170,0.45572561025619507,0.45572561025619507,0.6063040494918823,2.274639129638672,3.125000148429535e-05,2.274639129638672,2.884756326675415,0.4948859214782715,0.4948859214782715,0.6556529998779297
171,0.44711196422576904,0.44711196422576904,0.5975598096847534,2.278508186340332,3.125000148429535e-05,2.278508186340332,2.8771817684173584,0.4864492118358612,0.4864492118358612,0.6462844610214233
172,0.4582613408565521,0.4582613408565521,0.6093090772628784,2.273996114730835,3.125000148429535e-05,2.273996114730835,2.8979856967926025,0.49646323919296265,0.49646323919296265,0.6572813987731934
173,0.450013667345047,0.450013667345047,0.6019672155380249,2.310184955596924,3.125000148429535e-05,2.310184955596924,2.930825710296631,0.48936349153518677,0.48936349153518677,0.6503384113311768
174,0.42510437965393066,0.42510437965393066,0.574386477470398,2.3014674186706543,1.5625000742147677e-05,2.3014674186706543,2.9504568576812744,0.5007262825965881,0.5007262825965881,0.6637538075447083
