amostra,valor_real,valor_predito
amostra_0008_314.25.csv,314.25,319.41528
amostra_0013_269.97.csv,269.97,246.0361
amostra_0016_338.81.csv,338.81,330.20636
amostra_0019_422.26.csv,422.26,407.90198
amostra_0036_278.24.csv,278.24,295.67496
amostra_0043_425.20.csv,425.2,399.26913
amostra_0045_385.45.csv,385.45,328.04816
amostra_0048_408.85.csv,408.85,455.38263
amostra_0052_304.39.csv,304.39,299.9914
amostra_0061_230.87.csv,230.87,241.71968
amostra_0064_345.36.csv,345.36,351.78848
amostra_0078_387.64.csv,387.64,369.05417
amostra_0086_260.62.csv,260.62,271.93463
amostra_0089_374.00.csv,374.0,382.00342
amostra_0102_390.10.csv,390.1,425.16766
amostra_0107_267.33.csv,267.33,282.7257
amostra_0111_398.88.csv,398.88,420.85123
amostra_0112_358.63.csv,358.63,369.05417
amostra_0117_347.10.csv,347.1,302.1496
amostra_0120_313.14.csv,313.14,332.36456
amostra_0123_345.17.csv,345.17,319.41528
amostra_0128_330.32.csv,330.32,362.57953
amostra_0130_308.31.csv,308.31,334.52277
amostra_0133_473.72.csv,473.72,427.32587
amostra_0137_418.06.csv,418.06,405.74374
amostra_0145_373.00.csv,373.0,373.37057
amostra_0147_352.25.csv,352.25,328.04816
amostra_0148_327.54.csv,327.54,319.41528
amostra_0167_349.63.csv,349.63,340.9974
amostra_0173_261.25.csv,261.25,263.3018
amostra_0183_355.89.csv,355.89,340.9974
amostra_0190_375.56.csv,375.56,353.9467
amostra_0193_372.60.csv,372.6,431.6423
amostra_0196_406.56.csv,406.56,403.58554
amostra_0203_264.47.csv,264.47,293.51675
amostra_0214_388.56.csv,388.56,362.57953
amostra_0215_308.42.csv,308.42,343.1556
amostra_0221_271.45.csv,271.45,287.0421
amostra_0239_415.38.csv,415.38,401.42734
amostra_0240_356.20.csv,356.2,353.9467
amostra_0241_439.29.csv,439.29,468.33188
amostra_0242_302.93.csv,302.93,312.94067
amostra_0247_373.90.csv,373.9,442.43335
amostra_0255_275.16.csv,275.16,265.46002
amostra_0265_322.51.csv,322.51,317.25708
amostra_0268_291.24.csv,291.24,271.93463
amostra_0277_461.06.csv,461.06,457.54083
amostra_0279_406.71.csv,406.71,382.00342
amostra_0283_408.77.csv,408.77,470.4901
amostra_0303_365.80.csv,365.8,317.25708
amostra_0304_323.93.csv,323.93,308.62424
amostra_0306_362.85.csv,362.85,336.681
amostra_0310_264.24.csv,264.24,254.66896
amostra_0314_367.89.csv,367.89,394.9527
amostra_0316_304.79.csv,304.79,278.40927
amostra_0317_334.51.csv,334.51,299.9914
amostra_0318_365.88.csv,365.88,377.687
amostra_0327_425.94.csv,425.94,427.32587
amostra_0337_363.36.csv,363.36,371.21237
amostra_0342_357.66.csv,357.66,360.42133
amostra_0344_336.90.csv,336.9,403.58554
amostra_0352_421.57.csv,421.57,405.74374
amostra_0360_302.27.csv,302.27,317.25708
amostra_0363_326.31.csv,326.31,319.41528
amostra_0364_401.39.csv,401.39,410.06018
amostra_0371_289.33.csv,289.33,336.681
amostra_0378_313.48.csv,313.48,306.46603
amostra_0379_248.57.csv,248.57,325.88992
amostra_0381_372.34.csv,372.34,336.681
amostra_0382_423.13.csv,423.13,466.17368
amostra_0386_383.41.csv,383.41,379.8452
amostra_0387_322.85.csv,322.85,317.25708
amostra_0388_256.88.csv,256.88,258.98538
amostra_0392_264.02.csv,264.02,241.71968
amostra_0395_468.46.csv,468.46,472.64832
amostra_0410_384.23.csv,384.23,405.74374
amostra_0414_318.32.csv,318.32,364.73773
amostra_0421_275.55.csv,275.55,274.09286
amostra_0435_398.33.csv,398.33,414.3766
amostra_0439_233.56.csv,233.56,235.24506
amostra_0442_383.69.csv,383.69,399.26913
amostra_0444_344.48.csv,344.48,362.57953
amostra_0446_322.67.csv,322.67,321.57352
amostra_0448_396.94.csv,396.94,386.31985
amostra_0460_299.72.csv,299.72,276.25107
amostra_0466_323.59.csv,323.59,360.42133
amostra_0474_367.98.csv,367.98,336.681
amostra_0475_344.15.csv,344.15,345.31384
amostra_0480_370.80.csv,370.8,353.9467
amostra_0486_303.70.csv,303.7,289.20035
amostra_0488_322.28.csv,322.28,330.20636
amostra_0493_375.68.csv,375.68,420.85123
amostra_0494_344.44.csv,344.44,358.2631
amostra_0497_273.21.csv,273.21,254.66896
amostra_0498_269.12.csv,269.12,263.3018
amostra_0503_281.06.csv,281.06,295.67496
amostra_0508_300.29.csv,300.29,291.35855
amostra_0514_383.13.csv,383.13,392.7945
amostra_0521_372.42.csv,372.42,407.90198
amostra_0526_413.73.csv,413.73,457.54083
amostra_0537_298.69.csv,298.69,308.62424
amostra_0545_313.41.csv,313.41,282.7257
amostra_0561_376.40.csv,376.4,401.42734
amostra_0563_352.76.csv,352.76,366.89594
amostra_0565_395.66.csv,395.66,371.21237
amostra_0569_351.44.csv,351.44,336.681
amostra_0580_365.50.csv,365.5,386.31985
amostra_0582_370.51.csv,370.51,379.8452
amostra_0583_301.00.csv,301.0,297.8332
amostra_0584_347.54.csv,347.54,323.73172
amostra_0586_357.83.csv,357.83,356.1049
amostra_0588_285.19.csv,285.19,274.09286
amostra_0590_253.22.csv,253.22,230.92863
amostra_0593_341.45.csv,341.45,384.16165
amostra_0597_344.82.csv,344.82,386.31985
amostra_0598_307.43.csv,307.43,319.41528
amostra_0599_362.44.csv,362.44,379.8452
amostra_0613_353.40.csv,353.4,319.41528
amostra_0619_262.63.csv,262.63,243.8779
amostra_0622_311.03.csv,311.03,321.57352
amostra_0626_357.33.csv,357.33,330.20636
amostra_0632_248.84.csv,248.84,243.8779
amostra_0639_335.05.csv,335.05,360.42133
amostra_0643_324.47.csv,324.47,336.681
amostra_0646_281.86.csv,281.86,289.20035
amostra_0655_327.38.csv,327.38,328.04816
amostra_0657_329.28.csv,329.28,349.63025
amostra_0659_337.73.csv,337.73,373.37057
amostra_0663_280.19.csv,280.19,297.8332
amostra_0664_310.85.csv,310.85,297.8332
amostra_0667_274.11.csv,274.11,252.51074
amostra_0669_397.98.csv,397.98,369.05417
amostra_0674_361.39.csv,361.39,356.1049
amostra_0676_349.66.csv,349.66,343.1556
amostra_0677_328.58.csv,328.58,315.09888
amostra_0680_242.98.csv,242.98,235.24506
amostra_0681_268.97.csv,268.97,282.7257
amostra_0689_342.61.csv,342.61,405.74374
amostra_0693_368.14.csv,368.14,356.1049
amostra_0694_260.16.csv,260.16,243.8779
amostra_0713_321.69.csv,321.69,295.67496
amostra_0715_368.50.csv,368.5,371.21237
amostra_0716_318.03.csv,318.03,315.09888
amostra_0720_389.78.csv,389.78,347.47205
amostra_0722_357.63.csv,357.63,392.7945
amostra_0723_372.75.csv,372.75,353.9467
amostra_0727_356.88.csv,356.88,336.681
amostra_0729_287.59.csv,287.59,269.77643
amostra_0730_529.13.csv,529.13,550.34393
amostra_0733_269.51.csv,269.51,267.61823
amostra_0734_323.82.csv,323.82,302.1496
amostra_0738_261.68.csv,261.68,269.77643
amostra_0748_252.35.csv,252.35,256.82718
amostra_0750_342.25.csv,342.25,371.21237
amostra_0751_305.88.csv,305.88,299.9914
amostra_0753_366.92.csv,366.92,423.00946
amostra_0756_463.03.csv,463.03,489.914
amostra_0758_309.41.csv,309.41,312.94067
amostra_0759_310.57.csv,310.57,310.78244
amostra_0774_268.61.csv,268.61,215.82115
amostra_0776_336.59.csv,336.59,353.9467
amostra_0781_286.50.csv,286.5,282.7257
amostra_0784_251.32.csv,251.32,252.51074
amostra_0787_308.91.csv,308.91,328.04816
amostra_0789_285.61.csv,285.61,317.25708
amostra_0793_323.51.csv,323.51,345.31384
amostra_0802_442.17.csv,442.17,448.908
amostra_0808_389.38.csv,389.38,399.26913
amostra_0809_397.82.csv,397.82,390.63626
amostra_0813_394.54.csv,394.54,412.21838
amostra_0815_283.25.csv,283.25,280.5675
amostra_0821_450.73.csv,450.73,407.90198
amostra_0825_278.58.csv,278.58,265.46002
amostra_0829_306.67.csv,306.67,323.73172
amostra_0831_302.67.csv,302.67,310.78244
amostra_0839_349.97.csv,349.97,299.9914
amostra_0846_293.82.csv,293.82,291.35855
amostra_0849_354.23.csv,354.23,379.8452
amostra_0851_462.95.csv,462.95,468.33188
amostra_0854_248.45.csv,248.45,252.51074
amostra_0856_269.29.csv,269.29,269.77643
amostra_0858_396.57.csv,396.57,407.90198
amostra_0867_360.73.csv,360.73,310.78244
amostra_0870_375.38.csv,375.38,332.36456
amostra_0872_371.79.csv,371.79,403.58554
amostra_0873_356.50.csv,356.5,394.9527
amostra_0878_281.26.csv,281.26,293.51675
amostra_0880_269.58.csv,269.58,280.5675
amostra_0889_393.08.csv,393.08,474.80652
amostra_0900_306.41.csv,306.41,306.46603
amostra_0915_319.86.csv,319.86,321.57352
amostra_0916_343.98.csv,343.98,384.16165
amostra_0918_341.69.csv,341.69,364.73773
amostra_0924_364.65.csv,364.65,338.8392
amostra_0929_338.93.csv,338.93,364.73773
amostra_0932_343.48.csv,343.48,353.9467
amostra_0934_423.63.csv,423.63,476.96472
amostra_0935_421.34.csv,421.34,468.33188
amostra_0941_312.18.csv,312.18,358.2631
amostra_0945_393.08.csv,393.08,392.7945
amostra_0948_373.98.csv,373.98,371.21237
amostra_0950_420.74.csv,420.74,435.9587
amostra_0954_327.81.csv,327.81,347.47205
amostra_0960_326.68.csv,326.68,338.8392
amostra_0973_309.83.csv,309.83,280.5675
amostra_0983_304.76.csv,304.76,330.20636
amostra_0993_272.81.csv,272.81,250.35252
amostra_0995_395.45.csv,395.45,399.26913
amostra_0998_357.94.csv,357.94,323.73172
amostra_1007_321.03.csv,321.03,287.0421
amostra_1009_460.47.csv,460.47,481.28116
amostra_1012_344.13.csv,344.13,513.65436
amostra_1015_335.72.csv,335.72,356.1049
amostra_1020_360.36.csv,360.36,410.06018
amostra_1024_368.57.csv,368.57,394.9527
amostra_1036_484.63.csv,484.63,550.34393
amostra_1045_333.61.csv,333.61,330.20636
amostra_1046_267.57.csv,267.57,261.1436
amostra_1051_394.14.csv,394.14,369.05417
amostra_1062_259.86.csv,259.86,243.8779
amostra_1064_258.16.csv,258.16,237.40326
amostra_1072_282.97.csv,282.97,310.78244
amostra_1076_404.21.csv,404.21,448.908
amostra_1077_362.01.csv,362.01,353.9467
amostra_1087_257.31.csv,257.31,250.35252
amostra_1091_259.04.csv,259.04,246.0361
amostra_1092_322.45.csv,322.45,317.25708
amostra_1098_294.29.csv,294.29,287.0421
amostra_1114_339.80.csv,339.8,308.62424
amostra_1116_284.41.csv,284.41,315.09888
amostra_1128_278.57.csv,278.57,280.5675
amostra_1130_331.34.csv,331.34,291.35855
amostra_1138_425.52.csv,425.52,453.2244
amostra_1139_284.22.csv,284.22,269.77643
amostra_1140_329.23.csv,329.23,325.88992
amostra_1141_310.12.csv,310.12,304.30783
amostra_1154_350.14.csv,350.14,362.57953
amostra_1159_289.15.csv,289.15,306.46603
amostra_1162_324.97.csv,324.97,358.2631
amostra_1165_379.49.csv,379.49,362.57953
amostra_1166_329.98.csv,329.98,336.681
amostra_1169_419.24.csv,419.24,418.69302
amostra_1178_230.02.csv,230.02,246.0361
amostra_1182_324.88.csv,324.88,343.1556
amostra_1184_293.14.csv,293.14,308.62424
amostra_1186_369.09.csv,369.09,375.5288
amostra_1188_253.81.csv,253.81,261.1436
amostra_1192_257.64.csv,257.64,265.46002
amostra_1194_291.92.csv,291.92,289.20035
amostra_1202_383.85.csv,383.85,351.78848
amostra_1203_282.81.csv,282.81,291.35855
amostra_1205_290.22.csv,290.22,302.1496
amostra_1207_402.33.csv,402.33,425.16766
amostra_1215_358.74.csv,358.74,319.41528
amostra_1223_359.23.csv,359.23,321.57352
amostra_1224_255.66.csv,255.66,271.93463
amostra_1227_332.01.csv,332.01,353.9467
amostra_1233_242.76.csv,242.76,252.51074
amostra_1239_239.81.csv,239.81,256.82718
amostra_1242_335.29.csv,335.29,345.31384
amostra_1246_271.91.csv,271.91,297.8332
amostra_1256_266.11.csv,266.11,267.61823
amostra_1258_346.80.csv,346.8,353.9467
amostra_1260_356.30.csv,356.3,397.1109
amostra_1263_250.76.csv,250.76,246.0361
amostra_1264_337.48.csv,337.48,340.9974
amostra_1268_348.34.csv,348.34,332.36456
amostra_1291_372.02.csv,372.02,362.57953
amostra_1311_263.94.csv,263.94,220.13757
amostra_1315_292.14.csv,292.14,291.35855
amostra_1333_414.48.csv,414.48,429.48407
amostra_1334_368.47.csv,368.47,353.9467
amostra_1341_376.00.csv,376.0,429.48407
amostra_1346_343.55.csv,343.55,356.1049
amostra_1348_342.04.csv,342.04,351.78848
amostra_1352_319.32.csv,319.32,310.78244
amostra_1354_397.84.csv,397.84,427.32587
amostra_1356_289.80.csv,289.8,263.3018
amostra_1372_214.68.csv,214.68,194.23903
amostra_1373_439.99.csv,439.99,431.6423
amostra_1382_373.44.csv,373.44,345.31384
amostra_1384_365.98.csv,365.98,360.42133
amostra_1403_355.35.csv,355.35,377.687
amostra_1404_359.98.csv,359.98,356.1049
amostra_1406_293.84.csv,293.84,317.25708
amostra_1412_263.02.csv,263.02,228.77042
amostra_1419_253.45.csv,253.45,254.66896
amostra_1426_377.95.csv,377.95,412.21838
amostra_1430_281.39.csv,281.39,246.0361
amostra_1437_309.44.csv,309.44,297.8332
amostra_1439_358.65.csv,358.65,360.42133
amostra_1441_319.20.csv,319.2,349.63025
amostra_1448_292.22.csv,292.22,308.62424
amostra_1449_388.07.csv,388.07,412.21838
amostra_1452_342.07.csv,342.07,373.37057
amostra_1458_409.44.csv,409.44,412.21838
amostra_1463_286.85.csv,286.85,315.09888
amostra_1475_316.21.csv,316.21,317.25708
amostra_1489_442.15.csv,442.15,431.6423
amostra_1492_372.30.csv,372.3,407.90198
amostra_1497_285.79.csv,285.79,287.0421
amostra_1506_271.66.csv,271.66,291.35855
amostra_1512_374.26.csv,374.26,388.47806
amostra_1513_336.20.csv,336.2,302.1496
amostra_1515_403.02.csv,403.02,455.38263
amostra_1531_370.34.csv,370.34,384.16165
amostra_1541_244.74.csv,244.74,215.82115
amostra_1544_320.82.csv,320.82,312.94067
amostra_1553_292.63.csv,292.63,295.67496
amostra_1555_248.32.csv,248.32,267.61823
amostra_1561_289.21.csv,289.21,280.5675
amostra_1566_367.43.csv,367.43,358.2631
amostra_1573_374.43.csv,374.43,353.9467
amostra_1574_374.96.csv,374.96,414.3766
amostra_1577_271.62.csv,271.62,250.35252
amostra_1578_384.79.csv,384.79,466.17368
amostra_1585_285.33.csv,285.33,291.35855
amostra_1596_366.62.csv,366.62,356.1049
amostra_1600_340.82.csv,340.82,366.89594
amostra_1602_380.88.csv,380.88,414.3766
amostra_1603_407.15.csv,407.15,410.06018
amostra_1604_311.80.csv,311.8,328.04816
amostra_1606_426.27.csv,426.27,457.54083
amostra_1612_343.12.csv,343.12,377.687
amostra_1627_312.47.csv,312.47,336.681
amostra_1630_312.53.csv,312.53,308.62424
amostra_1632_287.66.csv,287.66,295.67496
amostra_1634_277.96.csv,277.96,284.8839
amostra_1636_380.90.csv,380.9,384.16165
amostra_1641_352.74.csv,352.74,297.8332
amostra_1642_382.21.csv,382.21,382.00342
amostra_1644_261.53.csv,261.53,267.61823
amostra_1646_331.51.csv,331.51,466.17368
amostra_1649_406.44.csv,406.44,427.32587
amostra_1650_347.99.csv,347.99,347.47205
amostra_1651_257.37.csv,257.37,271.93463
amostra_1654_231.12.csv,231.12,200.71367
amostra_1662_255.01.csv,255.01,267.61823
amostra_1667_269.35.csv,269.35,289.20035
amostra_1668_365.63.csv,365.63,360.42133
amostra_1669_321.37.csv,321.37,308.62424
amostra_1677_392.66.csv,392.66,418.69302
amostra_1686_451.35.csv,451.35,433.8005
amostra_1689_313.29.csv,313.29,349.63025
amostra_1690_423.38.csv,423.38,461.85727
amostra_1709_369.45.csv,369.45,420.85123
amostra_1710_288.35.csv,288.35,304.30783
amostra_1719_272.77.csv,272.77,278.40927
amostra_1720_378.61.csv,378.61,433.8005
amostra_1722_290.31.csv,290.31,269.77643
amostra_1724_314.87.csv,314.87,358.2631
amostra_1729_342.98.csv,342.98,358.2631
amostra_1735_333.70.csv,333.7,371.21237
amostra_1737_365.00.csv,365.0,386.31985
amostra_1738_359.54.csv,359.54,371.21237
amostra_1744_416.98.csv,416.98,410.06018
amostra_1759_395.76.csv,395.76,418.69302
amostra_1767_303.88.csv,303.88,321.57352
amostra_1776_311.12.csv,311.12,293.51675
amostra_1784_241.68.csv,241.68,235.24506
amostra_1792_353.30.csv,353.3,425.16766
amostra_1802_336.30.csv,336.3,308.62424
amostra_1804_276.75.csv,276.75,297.8332
amostra_1814_326.97.csv,326.97,330.20636
amostra_1818_298.25.csv,298.25,282.7257
amostra_1819_394.07.csv,394.07,418.69302
amostra_1821_298.67.csv,298.67,306.46603
amostra_1823_308.70.csv,308.7,310.78244
amostra_1825_344.70.csv,344.7,401.42734
amostra_1828_454.11.csv,454.11,444.59155
amostra_1830_316.54.csv,316.54,321.57352
amostra_1833_417.32.csv,417.32,438.11694
amostra_1835_209.44.csv,209.44,228.77042
amostra_1838_268.77.csv,268.77,263.3018
amostra_1841_323.68.csv,323.68,325.88992
amostra_1845_362.58.csv,362.58,392.7945
amostra_1847_337.65.csv,337.65,299.9914
amostra_1873_309.05.csv,309.05,315.09888
amostra_1890_274.92.csv,274.92,265.46002
amostra_1896_345.64.csv,345.64,328.04816
amostra_1898_305.47.csv,305.47,289.20035
amostra_1910_347.68.csv,347.68,345.31384
amostra_1915_314.95.csv,314.95,312.94067
amostra_1916_279.43.csv,279.43,280.5675
amostra_1921_307.81.csv,307.81,319.41528
amostra_1928_310.17.csv,310.17,317.25708
amostra_1929_403.38.csv,403.38,451.0662
amostra_1935_349.86.csv,349.86,382.00342
amostra_1937_380.51.csv,380.51,388.47806
amostra_1948_345.61.csv,345.61,343.1556
amostra_1958_240.26.csv,240.26,248.19432
amostra_1962_348.91.csv,348.91,353.9467
amostra_1975_311.02.csv,311.02,323.73172
amostra_1978_379.17.csv,379.17,401.42734
amostra_1979_370.46.csv,370.46,397.1109
amostra_1985_393.16.csv,393.16,416.53482
amostra_1990_346.92.csv,346.92,382.00342
amostra_1995_328.09.csv,328.09,302.1496
amostra_1998_326.74.csv,326.74,310.78244
amostra_2002_325.19.csv,325.19,330.20636
amostra_2004_411.46.csv,411.46,440.27515
amostra_2006_431.60.csv,431.6,427.32587
amostra_2014_318.19.csv,318.19,332.36456
amostra_2016_347.41.csv,347.41,371.21237
amostra_2017_242.42.csv,242.42,252.51074
amostra_2027_209.37.csv,209.37,196.39725
amostra_2028_418.57.csv,418.57,414.3766
amostra_2029_405.12.csv,405.12,369.05417
amostra_2040_390.76.csv,390.76,435.9587
amostra_2046_339.48.csv,339.48,325.88992
amostra_2047_273.17.csv,273.17,287.0421
amostra_2057_324.00.csv,324.0,312.94067
amostra_2065_266.08.csv,266.08,256.82718
amostra_2072_332.67.csv,332.67,334.52277
amostra_2081_369.96.csv,369.96,375.5288
amostra_2094_319.67.csv,319.67,323.73172
amostra_2112_493.23.csv,493.23,461.85727
amostra_2113_274.96.csv,274.96,267.61823
amostra_2114_319.30.csv,319.3,310.78244
amostra_2116_301.17.csv,301.17,289.20035
amostra_2122_370.45.csv,370.45,366.89594
amostra_2124_326.57.csv,326.57,328.04816
amostra_2130_394.80.csv,394.8,382.00342
amostra_2131_228.39.csv,228.39,235.24506
amostra_2137_341.35.csv,341.35,332.36456
amostra_2141_351.40.csv,351.4,338.8392
amostra_2152_282.15.csv,282.15,284.8839
amostra_2160_316.07.csv,316.07,334.52277
amostra_2161_279.93.csv,279.93,299.9914
amostra_2162_390.51.csv,390.51,384.16165
amostra_2164_371.32.csv,371.32,394.9527
amostra_2165_286.11.csv,286.11,278.40927
amostra_2166_239.36.csv,239.36,237.40326
amostra_2169_385.95.csv,385.95,384.16165
amostra_2180_384.64.csv,384.64,362.57953
amostra_2182_372.34.csv,372.34,356.1049
amostra_2190_246.97.csv,246.97,215.82115
amostra_2193_344.58.csv,344.58,364.73773
amostra_2196_228.93.csv,228.93,237.40326
amostra_2199_350.05.csv,350.05,353.9467
amostra_2212_282.19.csv,282.19,308.62424
amostra_2214_244.73.csv,244.73,243.8779
amostra_2216_375.80.csv,375.8,356.1049
amostra_2222_303.72.csv,303.72,295.67496
amostra_2228_390.12.csv,390.12,418.69302
amostra_2240_425.33.csv,425.33,472.64832
amostra_2245_296.64.csv,296.64,274.09286
amostra_2253_332.77.csv,332.77,353.9467
amostra_2267_419.57.csv,419.57,442.43335
amostra_2270_377.62.csv,377.62,358.2631
amostra_2273_382.25.csv,382.25,392.7945
amostra_2275_441.38.csv,441.38,483.43936
amostra_2279_444.72.csv,444.72,446.7498
amostra_2281_286.93.csv,286.93,304.30783
amostra_2285_208.22.csv,208.22,202.87187
amostra_2288_210.76.csv,210.76,196.39725
amostra_2298_282.17.csv,282.17,297.8332
amostra_2302_429.05.csv,429.05,362.57953
amostra_2308_347.84.csv,347.84,317.25708
amostra_2309_308.64.csv,308.64,336.681
amostra_2312_421.07.csv,421.07,412.21838
amostra_2315_260.10.csv,260.1,261.1436
amostra_2327_271.45.csv,271.45,297.8332
amostra_2330_244.02.csv,244.02,243.8779
amostra_2350_329.20.csv,329.2,284.8839
amostra_2363_313.15.csv,313.15,347.47205
amostra_2364_333.09.csv,333.09,340.9974
amostra_2366_267.75.csv,267.75,230.92863
amostra_2367_419.69.csv,419.69,453.2244
amostra_2369_373.57.csv,373.57,347.47205
amostra_2386_301.87.csv,301.87,295.67496
amostra_2393_350.75.csv,350.75,362.57953
amostra_2406_279.31.csv,279.31,233.08684
amostra_2410_371.48.csv,371.48,390.63626
amostra_2423_250.45.csv,250.45,241.71968
amostra_2424_297.86.csv,297.86,334.52277
amostra_2429_381.56.csv,381.56,401.42734
amostra_2432_313.21.csv,313.21,356.1049
amostra_2447_309.21.csv,309.21,304.30783
amostra_2448_336.66.csv,336.66,347.47205
amostra_2451_274.16.csv,274.16,274.09286
amostra_2452_252.17.csv,252.17,269.77643
amostra_2455_269.11.csv,269.11,258.98538
amostra_2457_312.57.csv,312.57,248.19432
amostra_2459_366.39.csv,366.39,356.1049
amostra_2464_324.74.csv,324.74,319.41528
amostra_2467_274.57.csv,274.57,246.0361
amostra_2470_256.85.csv,256.85,265.46002
amostra_2473_461.37.csv,461.37,464.01547
amostra_2486_289.19.csv,289.19,317.25708
amostra_2493_279.14.csv,279.14,269.77643
amostra_2494_300.84.csv,300.84,323.73172
amostra_2499_363.35.csv,363.35,330.20636
amostra_2502_281.86.csv,281.86,287.0421
amostra_2506_412.97.csv,412.97,461.85727
amostra_2512_293.19.csv,293.19,274.09286
amostra_2514_451.09.csv,451.09,386.31985
amostra_2517_299.69.csv,299.69,317.25708
amostra_2518_287.54.csv,287.54,310.78244
amostra_2519_301.74.csv,301.74,332.36456
amostra_2524_286.79.csv,286.79,299.9914
amostra_2536_357.86.csv,357.86,418.69302
amostra_2539_324.74.csv,324.74,323.73172
amostra_2543_273.23.csv,273.23,280.5675
amostra_2547_242.01.csv,242.01,235.24506
amostra_2549_358.19.csv,358.19,306.46603
amostra_2551_338.09.csv,338.09,323.73172
amostra_2557_322.57.csv,322.57,299.9914
amostra_2560_405.65.csv,405.65,438.11694
amostra_2568_353.16.csv,353.16,360.42133
amostra_2569_386.67.csv,386.67,407.90198
amostra_2571_355.38.csv,355.38,371.21237
amostra_2576_284.71.csv,284.71,319.41528
amostra_2578_351.95.csv,351.95,349.63025
amostra_2580_233.80.csv,233.8,230.92863
amostra_2584_360.49.csv,360.49,364.73773
amostra_2597_368.25.csv,368.25,377.687
amostra_2612_373.07.csv,373.07,375.5288
amostra_2615_331.75.csv,331.75,358.2631
amostra_2620_359.63.csv,359.63,347.47205
amostra_2628_421.50.csv,421.5,418.69302
amostra_2629_245.50.csv,245.5,246.0361
amostra_2632_292.74.csv,292.74,310.78244
amostra_2636_251.23.csv,251.23,250.35252
amostra_2643_380.99.csv,380.99,379.8452
amostra_2645_456.44.csv,456.44,440.27515
amostra_2656_302.27.csv,302.27,356.1049
amostra_2659_307.75.csv,307.75,282.7257
amostra_2662_247.83.csv,247.83,207.1883
amostra_2663_425.42.csv,425.42,453.2244
amostra_2671_241.74.csv,241.74,261.1436
amostra_2672_293.38.csv,293.38,295.67496
amostra_2675_446.24.csv,446.24,435.9587
amostra_2682_348.12.csv,348.12,375.5288
amostra_2687_383.37.csv,383.37,394.9527
amostra_2691_232.43.csv,232.43,235.24506
amostra_2693_222.07.csv,222.07,211.50473
amostra_2697_360.35.csv,360.35,343.1556
amostra_2700_383.58.csv,383.58,392.7945
amostra_2701_286.82.csv,286.82,228.77042
amostra_2703_342.99.csv,342.99,330.20636
amostra_2706_258.83.csv,258.83,280.5675
amostra_2709_368.72.csv,368.72,338.8392
amostra_2719_257.09.csv,257.09,258.98538
amostra_2721_402.47.csv,402.47,377.687
amostra_2723_302.42.csv,302.42,287.0421
amostra_2732_300.65.csv,300.65,347.47205
amostra_2740_284.65.csv,284.65,274.09286
amostra_2742_355.47.csv,355.47,515.81256
amostra_2748_328.22.csv,328.22,319.41528
amostra_2755_422.05.csv,422.05,481.28116
amostra_2760_345.32.csv,345.32,340.9974
amostra_2764_294.05.csv,294.05,317.25708
amostra_2768_302.14.csv,302.14,304.30783
amostra_2770_213.75.csv,213.75,213.66293
amostra_2772_346.32.csv,346.32,345.31384
amostra_2774_377.22.csv,377.22,379.8452
amostra_2779_438.89.csv,438.89,442.43335
amostra_2780_329.92.csv,329.92,315.09888
amostra_2792_442.23.csv,442.23,427.32587
amostra_2793_303.82.csv,303.82,278.40927
amostra_2797_337.95.csv,337.95,319.41528
amostra_2798_255.42.csv,255.42,269.77643
amostra_2801_383.77.csv,383.77,347.47205
amostra_2802_401.27.csv,401.27,401.42734
amostra_2807_354.11.csv,354.11,334.52277
amostra_2816_282.86.csv,282.86,308.62424
amostra_2817_351.07.csv,351.07,373.37057
amostra_2819_317.06.csv,317.06,332.36456
amostra_2823_436.90.csv,436.9,390.63626
amostra_2826_456.70.csv,456.7,485.5976
amostra_2827_317.87.csv,317.87,297.8332
amostra_2828_290.83.csv,290.83,269.77643
amostra_2829_281.38.csv,281.38,271.93463
amostra_2841_295.28.csv,295.28,302.1496
amostra_2844_278.64.csv,278.64,274.09286
amostra_2848_257.50.csv,257.5,246.0361
amostra_2852_284.99.csv,284.99,271.93463
amostra_2859_401.91.csv,401.91,401.42734
amostra_2865_335.31.csv,335.31,325.88992
amostra_2871_344.12.csv,344.12,332.36456
amostra_2873_324.05.csv,324.05,323.73172
amostra_2875_399.20.csv,399.2,416.53482
amostra_2878_222.71.csv,222.71,205.03009
amostra_2884_415.30.csv,415.3,399.26913
amostra_2892_364.43.csv,364.43,502.86328
amostra_2902_215.32.csv,215.32,228.77042
amostra_2906_373.32.csv,373.32,375.5288
amostra_2910_305.93.csv,305.93,297.8332
amostra_2913_321.92.csv,321.92,334.52277
amostra_2914_428.49.csv,428.49,427.32587
amostra_2916_336.02.csv,336.02,280.5675
amostra_2924_335.31.csv,335.31,332.36456
amostra_2930_330.43.csv,330.43,325.88992
amostra_2934_304.51.csv,304.51,330.20636
amostra_2935_305.53.csv,305.53,306.46603
amostra_2939_412.38.csv,412.38,358.2631
amostra_2962_256.07.csv,256.07,243.8779
amostra_2964_353.31.csv,353.31,369.05417
amostra_2987_286.05.csv,286.05,289.20035
amostra_2993_293.57.csv,293.57,256.82718
amostra_2994_334.27.csv,334.27,310.78244
amostra_3010_262.16.csv,262.16,267.61823
amostra_3011_430.12.csv,430.12,418.69302
amostra_3014_286.76.csv,286.76,282.7257
amostra_3015_291.69.csv,291.69,271.93463
amostra_3017_354.88.csv,354.88,353.9467
amostra_3018_315.10.csv,315.1,319.41528
amostra_3024_295.61.csv,295.61,334.52277
amostra_3035_290.71.csv,290.71,250.35252
amostra_3037_360.73.csv,360.73,360.42133
amostra_3041_387.00.csv,387.0,392.7945
amostra_3045_380.68.csv,380.68,407.90198
amostra_3047_343.09.csv,343.09,336.681
amostra_3058_406.30.csv,406.3,423.00946
amostra_3062_350.10.csv,350.1,373.37057
amostra_3066_239.53.csv,239.53,220.13757
amostra_3076_320.79.csv,320.79,287.0421
amostra_3077_289.95.csv,289.95,287.0421
amostra_3090_372.84.csv,372.84,382.00342
amostra_3093_280.46.csv,280.46,274.09286
amostra_3106_299.66.csv,299.66,289.20035
amostra_3109_307.31.csv,307.31,360.42133
amostra_3116_357.76.csv,357.76,366.89594
amostra_3120_368.90.csv,368.9,416.53482
amostra_3127_373.75.csv,373.75,401.42734
amostra_3132_341.80.csv,341.8,373.37057
amostra_3142_361.48.csv,361.48,399.26913
amostra_3143_303.35.csv,303.35,308.62424
amostra_3151_224.04.csv,224.04,230.92863
amostra_3160_320.39.csv,320.39,340.9974
amostra_3162_388.95.csv,388.95,373.37057
amostra_3166_324.88.csv,324.88,299.9914
amostra_3167_305.57.csv,305.57,297.8332
amostra_3170_380.47.csv,380.47,412.21838
amostra_3173_406.45.csv,406.45,453.2244
amostra_3175_351.71.csv,351.71,362.57953
amostra_3176_288.72.csv,288.72,269.77643
amostra_3185_322.98.csv,322.98,373.37057
amostra_3193_291.08.csv,291.08,282.7257
amostra_3202_388.39.csv,388.39,366.89594
amostra_3203_380.36.csv,380.36,399.26913
amostra_3206_311.54.csv,311.54,312.94067
amostra_3213_320.49.csv,320.49,328.04816
amostra_3218_319.64.csv,319.64,345.31384
amostra_3221_300.82.csv,300.82,274.09286
amostra_3222_394.14.csv,394.14,377.687
amostra_3223_284.61.csv,284.61,271.93463
amostra_3247_308.71.csv,308.71,328.04816
amostra_3260_251.76.csv,251.76,256.82718
amostra_3263_322.93.csv,322.93,317.25708
amostra_3264_384.67.csv,384.67,401.42734
amostra_3265_310.60.csv,310.6,287.0421
amostra_3273_312.91.csv,312.91,304.30783
amostra_3278_342.21.csv,342.21,360.42133
amostra_3279_367.75.csv,367.75,353.9467
amostra_3280_338.51.csv,338.51,340.9974
amostra_3284_293.06.csv,293.06,278.40927
amostra_3287_255.79.csv,255.79,274.09286
amostra_3296_410.43.csv,410.43,403.58554
amostra_3298_324.31.csv,324.31,336.681
amostra_3312_305.82.csv,305.82,287.0421
amostra_3315_276.57.csv,276.57,256.82718
amostra_3318_333.34.csv,333.34,353.9467
amostra_3321_318.87.csv,318.87,340.9974
amostra_3337_442.73.csv,442.73,498.54684
amostra_3338_301.15.csv,301.15,291.35855
amostra_3342_321.82.csv,321.82,336.681
amostra_3343_220.13.csv,220.13,207.1883
amostra_3368_355.54.csv,355.54,351.78848
amostra_3374_359.28.csv,359.28,353.9467
amostra_3383_327.04.csv,327.04,336.681
amostra_3386_352.89.csv,352.89,371.21237
amostra_3388_351.75.csv,351.75,340.9974
amostra_3391_382.95.csv,382.95,379.8452
amostra_3395_328.83.csv,328.83,366.89594
amostra_3399_331.36.csv,331.36,306.46603
amostra_3405_366.34.csv,366.34,386.31985
amostra_3407_344.01.csv,344.01,403.58554
amostra_3410_360.44.csv,360.44,373.37057
amostra_3412_301.06.csv,301.06,289.20035
amostra_3417_330.82.csv,330.82,366.89594
amostra_3423_311.42.csv,311.42,302.1496
amostra_3434_353.38.csv,353.38,377.687
amostra_3449_355.26.csv,355.26,349.63025
amostra_3451_324.03.csv,324.03,323.73172
amostra_3463_353.51.csv,353.51,319.41528
amostra_3472_317.29.csv,317.29,340.9974
amostra_3473_340.72.csv,340.72,304.30783
amostra_3475_228.67.csv,228.67,205.03009
amostra_3480_374.11.csv,374.11,340.9974
amostra_3489_462.02.csv,462.02,476.96472
amostra_3498_328.66.csv,328.66,336.681
amostra_3500_301.35.csv,301.35,293.51675
amostra_3502_249.17.csv,249.17,254.66896
amostra_3506_347.35.csv,347.35,349.63025
amostra_3507_316.58.csv,316.58,278.40927
amostra_3519_373.00.csv,373.0,347.47205
amostra_3537_304.15.csv,304.15,343.1556
amostra_3551_266.95.csv,266.95,228.77042
amostra_3555_292.49.csv,292.49,276.25107
amostra_3559_455.56.csv,455.56,459.69904
amostra_3564_330.97.csv,330.97,328.04816
amostra_3565_384.74.csv,384.74,356.1049
amostra_3566_414.69.csv,414.69,410.06018
amostra_3572_427.46.csv,427.46,451.0662
amostra_3575_219.71.csv,219.71,213.66293
amostra_3576_304.43.csv,304.43,291.35855
amostra_3581_338.47.csv,338.47,338.8392
amostra_3583_378.30.csv,378.3,386.31985
amostra_3585_307.72.csv,307.72,304.30783
amostra_3587_289.36.csv,289.36,295.67496
amostra_3589_244.20.csv,244.2,237.40326
amostra_3596_399.29.csv,399.29,416.53482
amostra_3597_284.97.csv,284.97,276.25107
amostra_3607_348.36.csv,348.36,336.681
amostra_3609_335.07.csv,335.07,360.42133
amostra_3622_232.34.csv,232.34,237.40326
amostra_3624_446.62.csv,446.62,446.7498
amostra_3628_302.89.csv,302.89,299.9914
amostra_3635_261.58.csv,261.58,220.13757
amostra_3646_420.52.csv,420.52,390.63626
amostra_3647_258.53.csv,258.53,261.1436
amostra_3653_460.35.csv,460.35,476.96472
amostra_3655_257.69.csv,257.69,254.66896
amostra_3656_250.60.csv,250.6,241.71968
amostra_3668_373.57.csv,373.57,405.74374
amostra_3670_344.21.csv,344.21,392.7945
amostra_3672_364.14.csv,364.14,366.89594
amostra_3674_345.43.csv,345.43,340.9974
amostra_3679_246.98.csv,246.98,241.71968
amostra_3683_252.44.csv,252.44,254.66896
amostra_3684_433.41.csv,433.41,472.64832
amostra_3693_282.93.csv,282.93,252.51074
amostra_3698_320.02.csv,320.02,284.8839
amostra_3706_343.92.csv,343.92,319.41528
amostra_3710_409.00.csv,409.0,425.16766
amostra_3724_328.14.csv,328.14,379.8452
amostra_3725_464.00.csv,464.0,474.80652
amostra_3729_286.75.csv,286.75,302.1496
amostra_3730_421.88.csv,421.88,474.80652
amostra_3734_406.27.csv,406.27,550.34393
amostra_3741_442.48.csv,442.48,455.38263
amostra_3746_496.60.csv,496.6,451.0662
amostra_3748_408.02.csv,408.02,416.53482
amostra_3751_290.72.csv,290.72,287.0421
amostra_3752_352.05.csv,352.05,347.47205
amostra_3760_348.55.csv,348.55,364.73773
amostra_3769_247.37.csv,247.37,254.66896
amostra_3770_316.21.csv,316.21,336.681
amostra_3779_262.61.csv,262.61,269.77643
amostra_3781_335.10.csv,335.1,312.94067
amostra_3788_344.05.csv,344.05,386.31985
amostra_3790_257.02.csv,257.02,250.35252
amostra_3801_246.72.csv,246.72,224.454
amostra_3802_471.93.csv,471.93,487.7558
amostra_3805_445.30.csv,445.3,483.43936
amostra_3807_337.56.csv,337.56,334.52277
amostra_3809_307.19.csv,307.19,330.20636
amostra_3810_358.65.csv,358.65,388.47806
amostra_3811_321.86.csv,321.86,332.36456
amostra_3816_454.67.csv,454.67,511.49612
amostra_3819_293.79.csv,293.79,274.09286
amostra_3821_279.08.csv,279.08,276.25107
amostra_3838_273.68.csv,273.68,263.3018
amostra_3847_352.17.csv,352.17,353.9467
amostra_3848_304.64.csv,304.64,310.78244
amostra_3849_290.41.csv,290.41,276.25107
amostra_3851_397.67.csv,397.67,407.90198
amostra_3889_239.08.csv,239.08,261.1436
amostra_3890_344.17.csv,344.17,356.1049
amostra_3894_387.82.csv,387.82,405.74374
amostra_3895_392.56.csv,392.56,384.16165
amostra_3897_258.89.csv,258.89,297.8332
amostra_3899_310.22.csv,310.22,321.57352
amostra_3908_314.13.csv,314.13,299.9914
amostra_3913_397.88.csv,397.88,537.39465
amostra_3919_410.05.csv,410.05,410.06018
amostra_3920_287.80.csv,287.8,252.51074
amostra_3923_446.66.csv,446.66,459.69904
amostra_3925_374.50.csv,374.5,356.1049
amostra_3926_455.00.csv,455.0,448.908
amostra_3932_271.35.csv,271.35,289.20035
amostra_3934_338.57.csv,338.57,349.63025
amostra_3939_374.51.csv,374.51,410.06018
amostra_3941_392.89.csv,392.89,414.3766
amostra_3943_281.68.csv,281.68,278.40927
amostra_3945_379.83.csv,379.83,360.42133
amostra_3947_354.51.csv,354.51,375.5288
amostra_3956_369.87.csv,369.87,388.47806
amostra_3958_254.10.csv,254.1,246.0361
amostra_3963_280.37.csv,280.37,282.7257
amostra_3966_234.14.csv,234.14,235.24506
amostra_3970_318.17.csv,318.17,414.3766
amostra_3972_349.98.csv,349.98,297.8332
amostra_3977_322.45.csv,322.45,334.52277
amostra_3979_261.39.csv,261.39,267.61823
amostra_3980_346.02.csv,346.02,330.20636
amostra_3983_308.17.csv,308.17,287.0421
amostra_3992_477.32.csv,477.32,539.55286
amostra_3993_272.76.csv,272.76,291.35855
amostra_4000_294.17.csv,294.17,297.8332
amostra_4004_387.59.csv,387.59,377.687
amostra_4008_266.87.csv,266.87,274.09286
amostra_4012_278.04.csv,278.04,310.78244
amostra_4034_261.13.csv,261.13,267.61823
amostra_4040_295.77.csv,295.77,258.98538
amostra_4041_333.47.csv,333.47,319.41528
amostra_4048_310.11.csv,310.11,338.8392
amostra_4051_422.23.csv,422.23,431.6423
amostra_4056_319.03.csv,319.03,356.1049
amostra_4058_351.69.csv,351.69,336.681
amostra_4059_316.45.csv,316.45,319.41528
amostra_4061_433.42.csv,433.42,446.7498
amostra_4074_368.89.csv,368.89,388.47806
amostra_4075_384.01.csv,384.01,429.48407
amostra_4078_321.91.csv,321.91,336.681
amostra_4090_390.60.csv,390.6,386.31985
amostra_4104_266.25.csv,266.25,243.8779
amostra_4114_310.10.csv,310.1,278.40927
amostra_4115_404.41.csv,404.41,427.32587
amostra_4129_277.12.csv,277.12,304.30783
amostra_4137_271.83.csv,271.83,261.1436
amostra_4143_247.52.csv,247.52,267.61823
amostra_4155_338.33.csv,338.33,330.20636
amostra_4158_320.71.csv,320.71,315.09888
amostra_4161_396.13.csv,396.13,407.90198
amostra_4175_421.00.csv,421.0,418.69302
amostra_4177_244.40.csv,244.4,250.35252
amostra_4182_394.36.csv,394.36,446.7498
amostra_4184_343.68.csv,343.68,330.20636
amostra_4185_270.34.csv,270.34,287.0421
amostra_4193_300.51.csv,300.51,334.52277
amostra_4195_361.83.csv,361.83,319.41528
amostra_4211_312.58.csv,312.58,369.05417
amostra_4213_319.33.csv,319.33,297.8332
amostra_4221_304.51.csv,304.51,369.05417
amostra_4222_370.03.csv,370.03,407.90198
amostra_4229_370.89.csv,370.89,347.47205
amostra_4230_347.95.csv,347.95,353.9467
amostra_4241_350.28.csv,350.28,386.31985
amostra_4243_338.41.csv,338.41,308.62424
amostra_4251_288.25.csv,288.25,284.8839
amostra_4255_259.73.csv,259.73,254.66896
amostra_4256_414.03.csv,414.03,444.59155
amostra_4257_387.18.csv,387.18,412.21838
amostra_4259_241.08.csv,241.08,213.66293
amostra_4260_405.41.csv,405.41,453.2244
amostra_4263_346.26.csv,346.26,328.04816
amostra_4270_335.54.csv,335.54,375.5288
amostra_4275_406.47.csv,406.47,386.31985
amostra_4276_383.97.csv,383.97,416.53482
amostra_4283_308.92.csv,308.92,347.47205
amostra_4306_398.21.csv,398.21,394.9527
amostra_4310_417.94.csv,417.94,414.3766
amostra_4313_387.43.csv,387.43,360.42133
amostra_4317_272.23.csv,272.23,254.66896
amostra_4326_276.70.csv,276.7,226.6122
amostra_4328_377.98.csv,377.98,427.32587
amostra_4332_348.79.csv,348.79,364.73773
amostra_4335_293.07.csv,293.07,323.73172
amostra_4342_323.47.csv,323.47,332.36456
amostra_4355_470.00.csv,470.0,476.96472
amostra_4372_294.09.csv,294.09,252.51074
amostra_4380_226.22.csv,226.22,235.24506
amostra_4383_435.41.csv,435.41,481.28116
amostra_4384_340.97.csv,340.97,347.47205
amostra_4389_399.98.csv,399.98,390.63626
amostra_4390_248.08.csv,248.08,250.35252
amostra_4397_411.18.csv,411.18,369.05417
amostra_4401_354.77.csv,354.77,360.42133
amostra_4405_352.56.csv,352.56,384.16165
amostra_4406_323.42.csv,323.42,379.8452
amostra_4407_310.66.csv,310.66,302.1496
amostra_4417_313.61.csv,313.61,334.52277
amostra_4425_316.77.csv,316.77,315.09888
amostra_4431_345.81.csv,345.81,362.57953
amostra_4443_283.71.csv,283.71,302.1496
amostra_4445_323.91.csv,323.91,343.1556
amostra_4451_389.13.csv,389.13,412.21838
amostra_4453_283.09.csv,283.09,265.46002
amostra_4456_480.86.csv,480.86,509.33792
amostra_4458_372.06.csv,372.06,362.57953
amostra_4465_402.11.csv,402.11,399.26913
amostra_4466_321.66.csv,321.66,330.20636
amostra_4468_308.67.csv,308.67,325.88992
amostra_4474_260.13.csv,260.13,293.51675
amostra_4476_189.60.csv,189.6,179.13155
amostra_4477_307.69.csv,307.69,323.73172
amostra_4483_245.72.csv,245.72,265.46002
amostra_4487_308.01.csv,308.01,334.52277
amostra_4491_342.98.csv,342.98,362.57953
amostra_4498_346.03.csv,346.03,351.78848
amostra_4500_276.49.csv,276.49,297.8332
amostra_4502_279.35.csv,279.35,293.51675
amostra_4507_283.73.csv,283.73,287.0421
amostra_4511_367.96.csv,367.96,366.89594
amostra_4515_308.95.csv,308.95,317.25708
amostra_4524_341.23.csv,341.23,377.687
amostra_4525_392.60.csv,392.6,414.3766
amostra_4526_348.46.csv,348.46,353.9467
amostra_4533_287.91.csv,287.91,317.25708
amostra_4535_318.63.csv,318.63,362.57953
amostra_4550_304.75.csv,304.75,297.8332
amostra_4557_296.26.csv,296.26,278.40927
amostra_4559_231.84.csv,231.84,213.66293
amostra_4561_308.15.csv,308.15,308.62424
amostra_4562_330.23.csv,330.23,338.8392
amostra_4570_397.48.csv,397.48,399.26913
amostra_4580_269.60.csv,269.6,248.19432
amostra_4593_373.54.csv,373.54,410.06018
amostra_4596_343.21.csv,343.21,321.57352
amostra_4604_373.11.csv,373.11,382.00342
amostra_4606_356.01.csv,356.01,340.9974
amostra_4613_341.19.csv,341.19,299.9914
amostra_4615_302.30.csv,302.3,276.25107
amostra_4622_429.36.csv,429.36,457.54083
amostra_4627_362.25.csv,362.25,410.06018
amostra_4628_289.53.csv,289.53,289.20035
amostra_4642_339.25.csv,339.25,330.20636
amostra_4648_247.64.csv,247.64,233.08684
amostra_4661_301.09.csv,301.09,269.77643
amostra_4669_394.69.csv,394.69,377.687
amostra_4671_329.41.csv,329.41,394.9527
amostra_4678_292.64.csv,292.64,276.25107
amostra_4684_399.39.csv,399.39,410.06018
amostra_4685_357.19.csv,357.19,377.687
amostra_4691_322.80.csv,322.8,304.30783
amostra_4692_360.10.csv,360.1,330.20636
amostra_4696_369.83.csv,369.83,336.681
amostra_4709_384.18.csv,384.18,338.8392
amostra_4711_335.70.csv,335.7,321.57352
amostra_4719_372.42.csv,372.42,364.73773
amostra_4724_393.45.csv,393.45,371.21237
amostra_4733_315.02.csv,315.02,330.20636
amostra_4736_385.32.csv,385.32,418.69302
amostra_4738_388.29.csv,388.29,388.47806
amostra_4745_311.21.csv,311.21,328.04816
amostra_4756_395.08.csv,395.08,364.73773
amostra_4760_333.45.csv,333.45,364.73773
amostra_4767_284.91.csv,284.91,306.46603
amostra_4774_441.69.csv,441.69,461.85727
amostra_4778_293.98.csv,293.98,284.8839
amostra_4780_277.38.csv,277.38,317.25708
amostra_4783_332.58.csv,332.58,358.2631
amostra_4796_279.21.csv,279.21,297.8332
amostra_4805_369.27.csv,369.27,386.31985
amostra_4807_252.94.csv,252.94,263.3018
amostra_4812_268.25.csv,268.25,274.09286
amostra_4814_262.42.csv,262.42,246.0361
amostra_4823_271.75.csv,271.75,261.1436
amostra_4827_384.92.csv,384.92,464.01547
amostra_4841_366.33.csv,366.33,371.21237
amostra_4852_236.79.csv,236.79,239.56148
amostra_4859_334.06.csv,334.06,299.9914
amostra_4866_318.74.csv,318.74,315.09888
amostra_4893_349.34.csv,349.34,347.47205
amostra_4894_321.96.csv,321.96,267.61823
amostra_4897_274.96.csv,274.96,215.82115
amostra_4903_287.35.csv,287.35,315.09888
amostra_4906_214.19.csv,214.19,230.92863
amostra_4910_409.13.csv,409.13,425.16766
amostra_4918_287.06.csv,287.06,265.46002
amostra_4921_302.27.csv,302.27,293.51675
amostra_4924_292.08.csv,292.08,317.25708
amostra_4929_431.33.csv,431.33,429.48407
amostra_4930_263.90.csv,263.9,278.40927
amostra_4936_286.74.csv,286.74,304.30783
amostra_4938_351.21.csv,351.21,358.2631
amostra_4943_421.14.csv,421.14,414.3766
amostra_4944_371.59.csv,371.59,399.26913
amostra_4964_269.45.csv,269.45,254.66896
amostra_4969_357.79.csv,357.79,356.1049
amostra_4970_356.45.csv,356.45,377.687
amostra_4976_344.69.csv,344.69,356.1049
amostra_4981_337.04.csv,337.04,500.70505
amostra_4984_287.58.csv,287.58,278.40927
amostra_4994_293.18.csv,293.18,306.46603
amostra_4996_345.64.csv,345.64,334.52277
amostra_5001_281.06.csv,281.06,276.25107
amostra_5003_264.84.csv,264.84,267.61823
amostra_5005_367.35.csv,367.35,397.1109
amostra_5014_310.64.csv,310.64,356.1049
amostra_5016_458.85.csv,458.85,423.00946
amostra_5017_274.58.csv,274.58,299.9914
amostra_5021_401.91.csv,401.91,414.3766
amostra_5028_353.54.csv,353.54,358.2631
amostra_5030_319.74.csv,319.74,315.09888
amostra_5032_394.70.csv,394.7,386.31985
amostra_5036_398.08.csv,398.08,392.7945
amostra_5038_386.73.csv,386.73,392.7945
amostra_5044_302.07.csv,302.07,263.3018
amostra_5049_334.87.csv,334.87,310.78244
amostra_5050_386.69.csv,386.69,384.16165
amostra_5065_347.97.csv,347.97,328.04816
amostra_5068_270.09.csv,270.09,278.40927
amostra_5076_383.87.csv,383.87,356.1049
amostra_5078_427.76.csv,427.76,550.34393
amostra_5082_411.32.csv,411.32,399.26913
amostra_5087_316.61.csv,316.61,325.88992
amostra_5095_332.95.csv,332.95,345.31384
amostra_5103_341.53.csv,341.53,353.9467
amostra_5115_240.27.csv,240.27,265.46002
amostra_5120_422.02.csv,422.02,414.3766
amostra_5121_344.17.csv,344.17,310.78244
amostra_5126_392.03.csv,392.03,461.85727
amostra_5128_400.87.csv,400.87,446.7498
amostra_5130_351.39.csv,351.39,349.63025
amostra_5134_254.79.csv,254.79,256.82718
amostra_5135_317.63.csv,317.63,319.41528
amostra_5139_237.00.csv,237.0,237.40326
amostra_5142_287.14.csv,287.14,310.78244
amostra_5148_310.64.csv,310.64,310.78244
amostra_5150_388.22.csv,388.22,360.42133
amostra_5152_396.01.csv,396.01,418.69302
amostra_5154_410.35.csv,410.35,405.74374
amostra_5166_307.79.csv,307.79,304.30783
amostra_5168_361.84.csv,361.84,379.8452
amostra_5177_394.45.csv,394.45,386.31985
amostra_5179_411.61.csv,411.61,403.58554
amostra_5180_296.18.csv,296.18,323.73172
amostra_5181_330.42.csv,330.42,315.09888
amostra_5188_343.03.csv,343.03,360.42133
amostra_5196_309.76.csv,309.76,282.7257
amostra_5200_307.44.csv,307.44,334.52277
amostra_5204_240.36.csv,240.36,258.98538
amostra_5206_292.56.csv,292.56,282.7257
amostra_5214_332.54.csv,332.54,360.42133
amostra_5218_333.68.csv,333.68,364.73773
amostra_5219_396.66.csv,396.66,431.6423
amostra_5225_346.14.csv,346.14,386.31985
amostra_5230_319.56.csv,319.56,345.31384
amostra_5232_405.28.csv,405.28,403.58554
amostra_5235_326.13.csv,326.13,332.36456
amostra_5251_264.12.csv,264.12,256.82718
amostra_5253_367.64.csv,367.64,407.90198
amostra_5254_277.28.csv,277.28,295.67496
amostra_5255_360.81.csv,360.81,321.57352
amostra_5257_282.90.csv,282.9,267.61823
amostra_5258_404.80.csv,404.8,394.9527
amostra_5267_306.10.csv,306.1,293.51675
amostra_5270_408.90.csv,408.9,410.06018
amostra_5280_357.44.csv,357.44,334.52277
amostra_5282_377.42.csv,377.42,394.9527
amostra_5284_274.63.csv,274.63,295.67496
amostra_5286_346.46.csv,346.46,384.16165
amostra_5291_346.07.csv,346.07,375.5288
amostra_5308_325.14.csv,325.14,328.04816
amostra_5312_298.76.csv,298.76,287.0421
amostra_5316_336.55.csv,336.55,321.57352
amostra_5322_347.56.csv,347.56,440.27515
amostra_5325_376.97.csv,376.97,425.16766
amostra_5330_270.84.csv,270.84,274.09286
amostra_5334_316.70.csv,316.7,299.9914
amostra_5337_262.40.csv,262.4,239.56148
amostra_5346_407.76.csv,407.76,403.58554
amostra_5347_414.56.csv,414.56,394.9527
amostra_5349_197.59.csv,197.59,200.71367
amostra_5353_372.85.csv,372.85,356.1049
amostra_5360_300.18.csv,300.18,323.73172
amostra_5361_309.78.csv,309.78,308.62424
amostra_5363_345.15.csv,345.15,379.8452
amostra_5364_324.41.csv,324.41,317.25708
amostra_5369_349.53.csv,349.53,338.8392
amostra_5377_263.02.csv,263.02,250.35252
amostra_5380_333.39.csv,333.39,332.36456
amostra_5386_317.65.csv,317.65,343.1556
amostra_5387_238.84.csv,238.84,250.35252
amostra_5388_319.35.csv,319.35,310.78244
amostra_5393_310.29.csv,310.29,332.36456
amostra_5397_395.20.csv,395.2,403.58554
amostra_5409_223.90.csv,223.9,194.23903
amostra_5412_294.08.csv,294.08,328.04816
amostra_5413_362.35.csv,362.35,416.53482
amostra_5428_454.34.csv,454.34,520.12897
amostra_5429_287.41.csv,287.41,284.8839
amostra_5431_281.56.csv,281.56,267.61823
amostra_5438_297.77.csv,297.77,323.73172
amostra_5440_345.09.csv,345.09,332.36456
amostra_5441_368.40.csv,368.4,379.8452
amostra_5445_335.87.csv,335.87,343.1556
amostra_5453_260.69.csv,260.69,267.61823
amostra_5455_360.48.csv,360.48,353.9467
amostra_5460_350.68.csv,350.68,362.57953
amostra_5463_370.08.csv,370.08,358.2631
amostra_5468_424.85.csv,424.85,446.7498
amostra_5472_388.55.csv,388.55,433.8005
amostra_5476_292.17.csv,292.17,295.67496
amostra_5482_325.84.csv,325.84,315.09888
amostra_5483_336.63.csv,336.63,362.57953
amostra_5485_323.44.csv,323.44,343.1556
amostra_5487_337.08.csv,337.08,323.73172
amostra_5491_240.08.csv,240.08,220.13757
amostra_5501_266.76.csv,266.76,252.51074
amostra_5505_349.53.csv,349.53,358.2631
amostra_5512_323.32.csv,323.32,388.47806
amostra_5514_366.64.csv,366.64,405.74374
amostra_5515_276.40.csv,276.4,261.1436
amostra_5521_434.08.csv,434.08,494.23044
amostra_5523_328.89.csv,328.89,340.9974
amostra_5526_357.79.csv,357.79,386.31985
amostra_5528_343.54.csv,343.54,334.52277
amostra_5534_334.60.csv,334.6,325.88992
amostra_5535_324.37.csv,324.37,347.47205
amostra_5538_351.04.csv,351.04,343.1556
amostra_5539_318.80.csv,318.8,349.63025
amostra_5541_389.94.csv,389.94,416.53482
amostra_5544_314.49.csv,314.49,336.681
amostra_5552_362.65.csv,362.65,377.687
amostra_5558_457.63.csv,457.63,418.69302
amostra_5561_302.23.csv,302.23,295.67496
amostra_5563_268.21.csv,268.21,265.46002
amostra_5567_309.90.csv,309.9,308.62424
amostra_5579_383.78.csv,383.78,386.31985
amostra_5585_255.74.csv,255.74,282.7257
amostra_5589_331.13.csv,331.13,360.42133
amostra_5591_267.87.csv,267.87,243.8779
amostra_5592_367.81.csv,367.81,420.85123
amostra_5600_375.65.csv,375.65,373.37057
amostra_5603_379.98.csv,379.98,410.06018
amostra_5613_334.57.csv,334.57,304.30783
amostra_5614_257.48.csv,257.48,265.46002
amostra_5616_363.78.csv,363.78,373.37057
amostra_5618_428.79.csv,428.79,483.43936
amostra_5632_351.67.csv,351.67,356.1049
amostra_5635_266.30.csv,266.3,280.5675
amostra_5649_263.46.csv,263.46,243.8779
amostra_5652_282.13.csv,282.13,317.25708
amostra_5658_231.27.csv,231.27,235.24506
amostra_5661_429.71.csv,429.71,425.16766
amostra_5677_382.43.csv,382.43,388.47806
amostra_5685_203.42.csv,203.42,224.454
amostra_5687_332.10.csv,332.1,315.09888
amostra_5697_277.50.csv,277.5,289.20035
amostra_5702_332.18.csv,332.18,364.73773
amostra_5706_380.41.csv,380.41,438.11694
amostra_5710_421.39.csv,421.39,476.96472
amostra_5711_228.31.csv,228.31,241.71968
amostra_5712_345.55.csv,345.55,416.53482
amostra_5717_316.76.csv,316.76,310.78244
amostra_5718_268.88.csv,268.88,274.09286
amostra_5722_398.47.csv,398.47,414.3766
amostra_5725_375.66.csv,375.66,351.78848
amostra_5732_350.17.csv,350.17,332.36456
amostra_5733_319.26.csv,319.26,315.09888
amostra_5742_429.33.csv,429.33,427.32587
amostra_5747_426.95.csv,426.95,427.32587
amostra_5771_344.09.csv,344.09,369.05417
amostra_5773_315.40.csv,315.4,299.9914
amostra_5777_402.49.csv,402.49,386.31985
amostra_5778_285.24.csv,285.24,269.77643
amostra_5802_403.53.csv,403.53,394.9527
amostra_5804_339.68.csv,339.68,347.47205
amostra_5807_274.88.csv,274.88,254.66896
amostra_5817_409.49.csv,409.49,371.21237
amostra_5819_356.19.csv,356.19,375.5288
amostra_5823_413.27.csv,413.27,418.69302
amostra_5824_312.25.csv,312.25,317.25708
amostra_5825_332.79.csv,332.79,319.41528
amostra_5826_311.49.csv,311.49,332.36456
amostra_5828_331.25.csv,331.25,325.88992
amostra_5832_324.40.csv,324.4,325.88992
amostra_5834_265.35.csv,265.35,254.66896
amostra_5837_354.16.csv,354.16,382.00342
amostra_5841_443.11.csv,443.11,423.00946
amostra_5844_321.53.csv,321.53,338.8392
amostra_5848_407.97.csv,407.97,394.9527
amostra_5855_347.83.csv,347.83,347.47205
amostra_5868_383.84.csv,383.84,379.8452
amostra_5869_413.36.csv,413.36,479.12296
amostra_5870_396.42.csv,396.42,410.06018
amostra_5874_386.36.csv,386.36,377.687
amostra_5876_275.80.csv,275.8,254.66896
amostra_5886_377.30.csv,377.3,550.34393
amostra_5892_328.48.csv,328.48,274.09286
amostra_5893_335.60.csv,335.6,349.63025
amostra_5895_255.72.csv,255.72,233.08684
amostra_5901_340.53.csv,340.53,336.681
amostra_5904_312.09.csv,312.09,427.32587
amostra_5910_400.34.csv,400.34,433.8005
amostra_5913_356.29.csv,356.29,330.20636
amostra_5925_319.93.csv,319.93,351.78848
amostra_5926_383.63.csv,383.63,360.42133
amostra_5936_372.82.csv,372.82,392.7945
amostra_5937_320.26.csv,320.26,299.9914
amostra_5939_469.15.csv,469.15,427.32587
amostra_5941_422.21.csv,422.21,414.3766
amostra_5948_311.29.csv,311.29,315.09888
amostra_5951_359.49.csv,359.49,405.74374
amostra_5960_290.94.csv,290.94,287.0421
amostra_5964_329.17.csv,329.17,319.41528
amostra_5965_395.29.csv,395.29,412.21838
amostra_5970_298.16.csv,298.16,302.1496
amostra_5973_267.18.csv,267.18,228.77042
amostra_5974_344.90.csv,344.9,360.42133
amostra_5975_379.67.csv,379.67,394.9527
amostra_5978_353.47.csv,353.47,418.69302
amostra_5987_361.34.csv,361.34,366.89594
amostra_5993_264.13.csv,264.13,284.8839
amostra_5999_446.06.csv,446.06,435.9587
