timestamp,Urms_L1,Irms_L1,Frequencia_L1,Pwatt_L1,Qvar_L1,Sva_L1,CosF_L1,EnergiaAcumulada_KWh
0,222.0755,4.2099,59.9645,2156.48,2110.32,3017.22,0.71,0.0146
60000,221.7247,4.3461,59.9786,2244.34,2155.64,3109.84,0.72,0.0271
120000,221.7997,4.1776,60.0067,2133.62,2098.76,2990.6,0.71,0.0396
180000,220.0779,4.2026,59.9504,2128.89,2095.48,2984.88,0.71,0.0517
240000,220.2629,4.3624,59.9786,2241.47,2147.19,3101.34,0.72,0.0639
300000,219.7034,4.4154,59.9645,2257.29,2168.98,3130.8,0.72,0.0765
360000,221.8479,3.9991,59.9645,2007.27,2041.47,2863.34,0.7,0.0888
420000,221.1847,6.5038,59.9364,3167.69,3398.12,4642.8,0.68,0.1059
480000,221.3095,6.4257,59.9223,3140.33,3351.09,4589.44,0.68,0.1236
540000,221.6068,5.6655,59.9504,2840.67,2894.13,4052.12,0.7,0.1399
600000,221.472,5.7057,60.0067,2856.3,2909.16,4077.94,0.7,0.1562
660000,221.9665,5.6611,59.9926,2836.52,2901.76,4055.35,0.7,0.1724
720000,223.0343,5.5971,60.0348,2810.01,2891.33,4028.74,0.7,0.1882
780000,222.7734,5.7046,60.0207,2877.27,2927.05,4100.95,0.7,0.2043
840000,221.916,5.7621,60.0207,2898.56,2940.52,4126.59,0.7,0.2205
900000,220.5771,5.7527,60.0348,2878.38,2915.17,4094.99,0.7,0.2368
960000,221.9633,4.6241,59.9786,2727.89,1884.68,3312.55,0.82,0.2529
1020000,222.1574,4.6442,60.0348,2743.33,1886.68,3329.78,0.82,0.269
1080000,222.2128,4.6286,59.9926,2733.3,1883.49,3319.48,0.82,0.2855
1140000,222.2813,3.7148,60.0207,2319.1,1312.03,2664.94,0.87,0.3008
1200000,222.079,3.6772,60.0207,2318.7,1252.86,2635.41,0.88,0.3136
1260000,222.3043,3.6787,59.9786,2318.63,1260.66,2639.01,0.88,0.3266
1320000,224.0601,3.6443,59.9926,2326.04,1243.14,2635.09,0.88,0.3395
1380000,223.8987,3.6067,59.9926,2301.07,1221.23,2606.36,0.88,0.3525
1440000,224.0264,3.6552,60.0207,2333.7,1246.57,2642.68,0.88,0.3658
1500000,223.7998,3.677,59.9645,2340.94,1255.68,2655.89,0.88,0.379
1560000,223.4534,3.6083,60.0207,2292.49,1235.82,2601.73,0.88,0.3921
1620000,222.2631,6.6596,59.9926,3269.71,3482.28,4776.78,0.68,0.4083
1680000,222.2255,6.4718,60.0067,3177.73,3388.81,4641.82,0.68,0.4266
1740000,222.2374,6.4761,59.9926,3180.32,3389.98,4644.52,0.68,0.4447
1800000,220.8092,5.4001,60.0348,2644.8,2792.95,3846.83,0.69,0.4613
1860000,220.8121,5.7847,59.9645,2899.6,2931.62,4122.63,0.7,0.4776
1920000,220.9666,5.7557,60.0067,2877.44,2924.52,4103.61,0.7,0.4936
1980000,220.7868,5.6595,59.9645,2819.38,2881.88,4032.43,0.7,0.5094
2040000,220.8837,5.7499,59.9786,2875.09,2923.61,4098.37,0.7,0.5255
2100000,220.7395,5.6742,59.9786,2824.67,2891.01,4042.34,0.7,0.5418
2160000,221.4967,5.7254,59.9926,2870.85,2920.19,4092.54,0.7,0.5581
2220000,221.78,4.8054,59.9926,2482.8,2383.63,3439.54,0.72,0.5739
2280000,224.0948,4.374,59.9786,2284.33,2192.38,3163.71,0.72,0.5869
2340000,224.0525,4.389,59.9645,2288.99,2200.43,3174.46,0.72,0.5998
2400000,223.8748,4.4381,59.9926,2303.48,2229.89,3206.57,0.72,0.6128
2460000,223.7745,4.4193,59.9786,2295.14,2216.67,3191.62,0.72,0.6255
2520000,223.8595,4.2034,60.0067,2157.43,2138.4,3036.67,0.71,0.6384
2580000,223.6799,4.1971,60.0067,2152.89,2131.98,3029.81,0.71,0.6509
2640000,223.9828,4.191,59.9645,2155.09,2132.69,3029.35,0.71,0.6633
2700000,222.5188,4.4145,59.9645,2274.39,2210.12,3169.26,0.72,0.6759
2760000,220.789,6.5689,60.0488,3201.44,3419.34,4680.35,0.68,0.6931
2820000,221.4283,6.4478,59.9645,3159.39,3358.47,4607.49,0.68,0.7112
2880000,221.834,5.74,59.9786,2890.24,2919.81,4108.99,0.7,0.7285
2940000,221.8118,5.7403,59.9926,2899.67,2912.42,4109.27,0.71,0.7449
3000000,221.6014,5.7425,59.9645,2893.01,2919.82,4106.91,0.7,0.7612
3060000,223.2836,5.7358,60.0207,2911.43,2937.72,4133.31,0.7,0.7777
3120000,222.2777,5.7557,59.9504,2906.61,2934.69,4129.04,0.7,0.7942
3180000,222.5557,5.4185,59.9926,2696.59,2808.47,3891.9,0.69,0.8102
3240000,222.4903,5.4058,60.0207,2656.0,2822.45,3878.38,0.69,0.8262
3300000,222.6141,5.7562,60.0067,2912.01,2938.9,4135.67,0.7,0.8426
3360000,223.8893,3.612,59.9926,2297.99,1238.81,2609.57,0.88,0.8576
3420000,224.1028,3.623,59.9786,2308.43,1238.95,2620.19,0.88,0.8706
3480000,222.586,3.585,59.9645,2271.58,1217.4,2575.56,0.88,0.8833
3540000,222.6299,3.5506,59.9926,2251.8,1205.0,2551.15,0.88,0.8961
3600000,222.7819,3.6394,60.0067,2308.05,1232.21,2616.34,0.88,0.9091
3660000,222.7862,3.5896,60.0067,2276.92,1221.3,2581.0,0.88,0.922
3720000,222.5843,3.6565,59.9645,2313.1,1250.74,2626.9,0.88,0.935
3780000,223.1351,3.4497,59.9364,2190.65,1176.86,2484.12,0.88,0.9476
3840000,224.6709,3.5286,59.9786,2256.61,1205.23,2558.43,0.88,0.9601
3900000,224.9477,3.4764,59.9645,2219.88,1205.97,2523.64,0.88,0.9729
3960000,223.2459,6.4506,59.9645,3195.97,3377.96,4647.6,0.69,0.9903
4020000,222.9118,6.2812,59.9786,3095.12,3292.64,4518.41,0.68,1.0082
4080000,223.6779,4.8434,59.9786,2253.13,2675.01,3495.95,0.64,1.0228
4140000,223.8263,4.8522,59.9786,2254.03,2687.07,3505.27,0.64,1.0356
4200000,215.8408,21.2439,60.0348,11675.56,9102.0,14797.8,0.79,1.0911
4260000,215.9974,21.2464,59.9926,11668.72,9127.91,14809.84,0.79,1.1573
4320000,221.8448,4.7694,59.9786,2197.3,2612.39,3414.23,0.64,1.1822
4380000,221.6012,4.6557,60.0207,2156.61,2537.81,3330.34,0.65,1.1947
4440000,221.88,3.5416,59.9786,1614.58,1955.56,2536.08,0.64,1.2052
4500000,222.853,2.7609,59.9786,1141.6,1625.5,1985.94,0.57,1.2132
4560000,223.2805,2.5498,59.9786,998.67,1543.03,1838.08,0.54,1.2192
4620000,223.3102,2.6355,60.0207,1069.77,1571.73,1900.53,0.56,1.2253
4680000,225.2051,2.5938,59.9786,1021.45,1584.89,1884.93,0.54,1.2312
4740000,225.2714,2.5976,59.9786,1030.17,1581.65,1888.9,0.55,1.237
4800000,225.4061,2.6338,59.9645,1047.74,1605.22,1915.45,0.55,1.243
4860000,225.3336,2.6281,59.9645,1054.8,1593.88,1911.84,0.55,1.2489
4920000,225.1044,2.5913,59.9786,1024.98,1580.69,1883.25,0.54,1.2548
4980000,224.2261,4.7423,59.9786,1957.59,2819.47,3431.36,0.57,1.262
5040000,224.7527,4.6568,59.9786,1925.86,2773.78,3378.11,0.57,1.2731
5100000,224.6625,4.5946,59.9926,1895.73,2740.43,3330.8,0.57,1.284
5160000,224.9125,4.5835,60.0348,1908.27,2728.54,3327.05,0.57,1.2948
5220000,224.8298,3.8566,60.0067,1612.43,2287.01,2798.68,0.58,1.3041
5280000,222.9135,3.8777,59.9786,1601.02,2283.56,2789.11,0.57,1.3133
5340000,222.9754,3.858,59.9645,1607.41,2266.45,2776.67,0.58,1.3224
5400000,223.3207,3.8596,59.9926,1600.17,2275.98,2780.87,0.57,1.3315
5460000,221.9439,3.875,59.9926,1612.82,2261.74,2776.12,0.58,1.3406
5520000,222.513,2.963,59.9926,1208.56,1752.12,2127.51,0.57,1.3496
5580000,222.6976,2.5737,60.0067,996.26,1559.33,1849.25,0.54,1.3558
5640000,225.6959,1.3119,59.9786,389.93,873.09,955.76,0.41,1.3589
5700000,225.9263,1.3156,59.9926,391.6,876.31,959.29,0.41,1.3611
5760000,226.0457,1.3299,59.9926,406.53,881.79,971.09,0.42,1.3633
5820000,225.4109,3.7064,60.0067,1447.6,2274.12,2695.69,0.54,1.3709
5880000,226.4432,2.6545,59.9786,1030.66,1642.86,1939.43,0.53,1.3776
5940000,226.1661,2.6404,59.9926,1040.08,1622.27,1927.81,0.54,1.3835
6000000,226.2929,2.6334,59.9645,1018.87,1631.9,1922.65,0.53,1.3893
6060000,224.4129,3.2077,59.9786,1311.81,1920.03,2323.73,0.56,1.3953
6120000,223.7141,4.8197,59.9645,1976.12,2864.4,3479.61,0.57,1.406
6180000,224.1457,4.7473,59.9926,1942.39,2830.78,3433.43,0.57,1.4171
6240000,224.241,3.9607,60.0067,1635.07,2354.97,2865.98,0.57,1.4274
6300000,223.9946,3.9303,59.9926,1629.4,2330.01,2841.03,0.57,1.4366
6360000,224.124,3.9467,59.9504,1646.36,2332.07,2855.63,0.58,1.4459
6420000,224.3701,3.8729,59.9926,1609.97,2297.6,2804.35,0.57,1.4551
6480000,225.9792,3.8817,59.9786,1623.64,2320.7,2831.3,0.57,1.4642
6540000,225.3891,3.8743,59.9786,1608.99,2311.68,2818.02,0.57,1.4734
6600000,225.4474,3.8844,59.9786,1611.44,2321.41,2825.65,0.57,1.4826
6660000,225.6411,2.6193,59.9926,1015.87,1614.02,1907.07,0.53,1.4891
6720000,226.1692,2.6104,59.9786,1018.5,1610.58,1905.21,0.53,1.4949
6780000,226.227,1.816,59.9786,1127.88,697.79,1325.76,0.85,1.501
6840000,225.6912,1.761,59.9786,1106.96,647.57,1283.24,0.86,1.5073
6900000,225.559,1.7739,59.9645,1106.87,666.18,1291.31,0.86,1.5136
6960000,225.5933,1.7809,59.9504,1109.11,675.02,1296.56,0.85,1.5199
7020000,225.9333,0.7782,59.9645,487.45,292.04,567.21,-0.86,1.5249
7080000,224.3657,0.7729,59.9645,476.31,293.21,559.08,-0.85,1.5277
7140000,224.0942,0.7775,59.9786,484.34,287.43,562.21,-0.86,1.5304
7200000,224.1097,0.7825,60.0207,486.32,290.18,565.89,-0.86,1.5331
7260000,223.3995,2.3396,59.9926,1335.16,1029.87,1686.74,0.79,1.537
7320000,223.229,2.4238,59.9786,1370.4,1081.87,1745.75,0.78,1.5448
7380000,224.7965,2.6057,59.9786,1052.99,1570.79,1890.04,0.56,1.5524
7440000,224.91,2.5708,59.9926,1026.08,1559.58,1865.74,0.55,1.5583
7500000,224.8626,2.5421,60.0207,1016.68,1539.07,1844.66,0.55,1.564
7560000,224.6722,2.5508,59.9926,1005.07,1553.08,1849.0,0.54,1.5698
7620000,224.8367,2.5638,60.0067,1014.96,1560.1,1859.98,0.54,1.5756
7680000,225.3284,2.5593,59.9786,1018.34,1556.64,1861.33,0.55,1.5813
7740000,225.4308,2.551,59.9926,1019.61,1550.78,1856.42,0.55,1.5871
7800000,225.5201,2.5816,59.9926,1023.92,1576.04,1878.63,0.54,1.5929
7860000,225.4395,2.8626,60.0348,1152.71,1736.83,2083.35,0.55,1.5961
7920000,223.5695,3.7237,59.9504,1488.99,2237.06,2687.24,0.55,1.6039
7980000,224.3327,2.6845,59.9786,1070.1,1621.75,1943.15,0.55,1.6106
8040000,224.203,2.6706,60.0207,1068.37,1610.96,1932.46,0.55,1.6167
8100000,225.1411,2.6085,59.9786,1042.83,1584.0,1895.09,0.55,1.6226
8160000,225.3352,2.6029,60.0207,1038.57,1584.03,1892.68,0.55,1.6286
8220000,225.5278,2.598,59.9786,1043.47,1577.45,1891.67,0.55,1.6345
8280000,227.0312,2.6032,59.9926,1035.97,1601.89,1907.11,0.54,1.6404
8340000,227.0105,2.6141,59.9926,1041.5,1608.71,1914.88,0.54,1.6463
8400000,226.71,2.6082,59.9364,1051.15,1594.87,1909.02,0.55,1.6522
8460000,225.4451,4.6891,60.0348,1970.45,2786.9,3412.11,0.58,1.6598
8520000,225.4953,4.6211,59.9926,1933.57,2753.65,3362.57,0.57,1.6708
8580000,226.4647,4.5425,59.9926,1905.2,2718.71,3319.47,0.57,1.6817
8640000,226.6563,3.7985,60.0067,1609.61,2264.39,2778.63,0.58,1.6911
8700000,227.6853,1.6637,60.0207,1065.61,596.03,1223.31,0.87,1.6986
8760000,228.239,1.6855,59.9786,1068.13,633.16,1240.94,0.86,1.7046
8820000,228.3157,1.6807,59.9926,1069.69,624.4,1237.98,0.86,1.7107
8880000,228.1946,1.6776,59.9786,1073.22,611.04,1236.0,0.87,1.7168
8940000,226.6381,1.02,59.9786,697.61,263.25,745.39,0.94,1.7227
9000000,227.0791,0.7687,59.9786,481.45,291.71,562.8,-0.86,1.7259
9060000,226.9434,0.7759,59.9504,486.43,294.14,567.98,-0.86,1.7287
9120000,226.7454,0.7785,60.0348,486.31,296.35,569.23,-0.85,1.7314
9180000,226.3289,0.7686,59.9645,489.76,274.84,562.14,-0.87,1.7342
9240000,226.5849,0.7768,59.9786,487.5,293.05,567.71,-0.86,1.737
9300000,225.9434,1.489,59.9926,532.06,948.18,1086.48,0.49,1.7399
9360000,227.0019,1.3982,59.9364,462.45,913.8,1024.74,0.45,1.7428
9420000,225.6378,3.5158,59.9926,1418.52,2134.37,2560.89,0.55,1.7464
9480000,225.926,2.913,59.9504,1166.86,1774.41,2123.82,0.55,1.7547
9540000,226.4773,2.6627,60.0067,1057.91,1630.8,1945.84,0.55,1.7608
9600000,226.2279,2.6625,59.9926,1067.74,1624.71,1944.55,0.55,1.7668
9660000,225.3081,4.7526,60.0067,1975.4,2837.85,3455.33,0.57,1.7746
9720000,225.282,4.5715,60.0488,1911.06,2722.26,3323.72,0.57,1.7856
9780000,225.5621,4.5092,60.0207,1890.9,2685.52,3283.24,0.58,1.7964
9840000,225.6677,3.7664,60.0207,1578.14,2245.5,2742.63,0.57,1.8064
9900000,225.9333,3.7844,59.9926,1587.82,2257.55,2759.22,0.57,1.8154
9960000,225.4051,3.7629,60.0348,1572.84,2241.93,2736.76,0.57,1.8244
10020000,225.604,3.7729,59.9645,1582.08,2246.62,2747.37,0.58,1.8333
10080000,225.4566,3.7709,59.9786,1582.46,2244.2,2744.34,0.58,1.8423
10140000,225.6919,2.9398,60.0067,1208.84,1767.62,2141.11,0.56,1.8507
10200000,225.6909,2.5488,59.9364,998.85,1566.17,1856.25,0.54,1.8567
10260000,226.0757,1.3303,59.9645,401.76,884.3,970.76,0.41,1.8606
10320000,225.781,1.327,60.0348,397.74,882.08,967.02,0.41,1.8628
10380000,226.0581,1.3268,60.0067,405.22,879.57,968.48,0.42,1.8651
10440000,226.7574,1.333,59.9786,402.31,889.55,975.89,0.41,1.8673
10500000,227.3004,0.7133,59.9645,451.81,266.51,523.45,-0.86,1.8697
10560000,227.2704,0.7038,59.9645,446.7,257.31,516.69,-0.87,1.8722
10620000,227.1193,0.7019,59.9926,452.63,246.85,515.71,-0.88,1.8747
10680000,227.169,0.7073,59.9364,439.43,275.32,517.93,-0.85,1.8772
10740000,227.1125,0.7028,60.0488,436.62,273.02,514.61,-0.85,1.8798
10800000,227.2827,0.7054,59.9786,445.4,264.84,517.61,-0.86,1.8823
10860000,227.5331,0.7008,59.9645,435.76,273.97,514.04,-0.85,1.8848
10920000,226.1913,2.35,60.0067,1335.59,1077.65,1714.95,0.78,1.8907
10980000,225.3605,4.6539,59.9786,2356.82,2429.52,3385.53,0.7,1.8991
11040000,225.826,3.4071,59.9645,1856.98,1648.59,2483.48,0.75,1.9112
11100000,225.2189,3.8964,60.0488,1647.87,2304.85,2831.76,0.58,1.9207
11160000,225.2132,3.8081,59.9786,1586.13,2268.02,2767.53,0.57,1.9299
11220000,225.3127,3.7952,60.0348,1584.11,2259.46,2760.4,0.57,1.9389
11280000,225.806,3.7962,59.9645,1573.97,2273.87,2765.86,0.57,1.9479
11340000,225.7497,3.7546,59.9223,1560.97,2246.39,2734.96,0.57,1.9568
11400000,226.4834,2.9239,60.0067,1193.28,1772.89,2137.11,0.56,1.9654
11460000,226.8676,2.5332,60.0207,984.73,1572.96,1854.45,0.53,1.9715
11520000,226.7722,2.5463,60.0488,989.79,1578.95,1863.27,0.53,1.9771
11580000,226.9175,2.5254,60.0067,983.54,1565.54,1849.33,0.53,1.9828
11640000,226.8118,2.5256,59.9645,979.62,1567.51,1848.4,0.53,1.9884
11700000,226.5923,2.5324,59.9504,981.93,1569.35,1851.49,0.53,1.994
11760000,226.8242,2.5295,60.0207,991.61,1564.33,1851.99,0.54,1.9996
11820000,225.9533,2.5357,59.9926,993.12,1560.59,1849.59,0.54,2.0052
11880000,226.7001,1.3205,59.9645,391.5,884.1,966.61,0.4,2.0088
11940000,226.9433,1.3272,60.0348,383.7,893.25,971.75,0.39,2.0111
12000000,227.1534,1.3206,59.9786,379.44,890.77,967.62,0.39,2.0133
12060000,227.2363,1.3233,59.9504,394.38,887.25,970.73,0.41,2.0155
12120000,227.5526,1.3111,60.0067,379.93,883.37,962.91,0.4,2.0177
12180000,226.9005,1.3203,60.0207,376.97,889.23,966.38,0.39,2.0199
12240000,226.5051,1.8576,59.9364,1126.92,758.13,1357.9,0.83,2.0229
12300000,226.3382,2.2538,59.9364,1304.95,1004.79,1646.95,0.79,2.0304
12360000,226.8586,2.2297,59.9786,1289.5,1003.32,1631.9,0.79,2.0378
12420000,227.5342,1.5589,60.0207,987.91,579.44,1144.22,0.86,2.0441
12480000,226.9778,1.5672,59.9645,994.68,575.38,1148.06,0.87,2.0497
12540000,227.0586,1.5811,60.0207,1001.25,585.78,1158.4,0.86,2.0554
12600000,227.2784,1.5865,60.0488,1002.07,592.67,1163.22,0.86,2.0611
12660000,226.2483,3.8472,59.9926,2030.09,1940.41,2808.61,0.72,2.0694
12720000,226.7007,1.7263,59.9926,1063.6,681.88,1262.35,0.84,2.079
12780000,226.9034,1.7018,59.9645,1064.31,649.07,1246.23,0.85,2.085
12840000,227.6694,1.6888,60.0348,1052.14,659.32,1240.11,0.85,2.091
12900000,227.3667,2.6722,60.0207,1071.38,1643.59,1961.61,0.55,2.0973
12960000,227.3302,2.5267,60.0348,984.16,1571.21,1853.47,0.53,2.103
13020000,227.0711,2.5141,60.0348,975.33,1562.3,1841.93,0.53,2.1086
13080000,226.865,2.513,60.0067,983.39,1557.14,1840.7,0.53,2.1141
13140000,226.0911,2.5258,59.9926,978.4,1562.66,1842.64,0.53,2.1197
13200000,225.8545,2.5126,60.0348,985.85,1544.2,1831.98,0.54,2.1252
13260000,225.8542,2.5192,59.9926,969.81,1558.55,1835.94,0.53,2.1307
13320000,226.5194,2.5162,60.0488,970.91,1562.24,1839.14,0.53,2.1363
13380000,226.3094,2.5273,60.0629,983.68,1562.58,1846.25,0.53,2.1418
13440000,226.0353,2.5428,60.0488,986.98,1570.98,1855.0,0.53,2.1474
13500000,226.7135,1.3172,60.0207,369.61,889.9,963.13,0.38,2.1518
13560000,226.3768,1.3032,60.0348,378.46,874.31,952.07,0.4,2.154
13620000,225.855,3.2177,60.0067,1243.54,1988.7,2345.12,0.53,2.159
13680000,226.2831,3.1623,60.0488,1219.78,1959.67,2309.02,0.53,2.166
13740000,226.6184,2.4463,60.077,930.39,1529.01,1788.62,0.52,2.1719
13800000,226.6645,2.4326,59.9645,924.83,1519.16,1778.99,0.52,2.1772
13860000,226.8406,2.4545,59.9786,945.66,1528.51,1797.59,0.53,2.1826
13920000,226.863,2.4938,60.077,965.92,1548.15,1825.65,0.53,2.188
13980000,226.5835,2.4855,60.0488,955.85,1546.19,1817.05,0.53,2.1935
14040000,227.6259,0.9574,60.0488,673.89,200.72,703.99,0.96,2.1988
14100000,226.5636,0.7142,60.0207,444.47,275.18,521.75,-0.85,2.2017
14160000,226.245,0.7115,60.0488,440.43,273.75,519.0,-0.85,2.2042
14220000,226.8186,0.7216,59.9926,454.55,271.37,528.26,-0.86,2.2068
14280000,227.1101,1.8981,59.9786,1161.88,768.15,1392.02,0.83,2.2095
14340000,226.7296,2.6876,60.0207,1496.56,1277.89,1967.4,0.76,2.2172
14400000,227.0978,1.744,59.9926,1076.58,689.53,1277.74,0.84,2.2241
14460000,227.6846,1.7343,60.0207,1080.7,678.2,1274.22,0.85,2.2302
14520000,227.8759,1.7266,60.0067,1073.39,677.52,1269.25,0.85,2.2363
14580000,228.1052,1.6532,60.0348,1043.9,625.5,1216.65,0.86,2.2423
14640000,227.4209,2.6629,60.0348,1067.58,1638.25,1953.8,0.54,2.2484
14700000,227.6156,2.5731,60.077,1021.71,1591.9,1890.89,0.54,2.2544
14760000,227.6146,2.5518,60.0488,997.86,1587.36,1874.76,0.53,2.2601
14820000,227.7278,2.5401,60.0488,981.93,1586.8,1866.47,0.53,2.2658
14880000,227.7301,2.5432,60.0348,994.5,1582.66,1869.38,0.53,2.2714
14940000,228.1154,1.7389,59.9926,617.14,1122.03,1280.06,0.48,2.2767
15000000,227.5185,2.1842,60.0348,823.53,1377.4,1603.83,0.51,2.2797
15060000,227.1258,3.1981,60.091,1241.4,1989.66,2343.93,0.53,2.2866
15120000,227.2543,2.6316,60.0207,1012.61,1642.03,1929.38,0.53,2.2935
15180000,227.5784,2.4502,60.0207,948.95,1530.43,1800.52,0.53,2.2989
15240000,227.8088,2.4707,59.9926,954.62,1546.65,1816.86,0.52,2.3043
15300000,227.783,2.4527,59.9786,938.45,1539.47,1802.93,0.52,2.3097
15360000,227.4397,2.4696,59.9364,945.39,1546.08,1812.57,0.52,2.3151
15420000,227.4678,2.4828,59.9786,953.76,1553.08,1822.33,0.52,2.3205
15480000,227.7321,1.3294,59.9645,376.99,901.3,976.98,0.39,2.3235
15540000,228.0112,1.313,59.9926,365.82,893.72,965.83,0.38,2.3256
15600000,227.8739,1.3168,60.0488,368.51,895.82,968.25,0.38,2.3278
15660000,227.6662,1.3159,60.0067,370.52,893.35,966.93,0.38,2.3299
15720000,228.1108,0.6866,59.9645,444.79,242.17,506.6,-0.88,2.3321
15780000,228.2344,0.6966,59.9504,443.24,260.54,513.38,-0.86,2.3345
15840000,228.0899,0.6736,59.9504,434.51,239.53,496.95,-0.88,2.337
15900000,227.3477,0.6731,59.9926,426.97,244.1,494.24,-0.87,2.3394
15960000,226.1904,2.6415,59.9364,1466.11,1251.34,1928.97,0.76,2.3469
16020000,226.2711,1.7065,60.0348,1055.13,665.62,1245.93,0.85,2.3537
16080000,226.6804,1.7061,60.0067,1054.57,667.68,1247.76,0.84,2.3597
16140000,226.7651,1.7133,59.9504,1062.89,667.46,1254.04,0.85,2.3657
16200000,227.0447,1.6278,60.0348,1018.9,621.35,1192.32,0.85,2.3716
16260000,227.0196,1.6466,59.9786,1030.84,627.48,1206.06,0.85,2.3774
16320000,226.7363,1.6265,59.9645,1018.03,617.63,1190.0,0.85,2.3832
16380000,225.9263,2.6505,59.9645,1063.29,1614.87,1932.21,0.55,2.3892
16440000,225.1381,4.5223,59.9504,1866.98,2703.47,3285.71,0.57,2.3988
16500000,225.0164,4.4485,59.9926,1834.28,2658.77,3230.56,0.57,2.4093
16560000,225.1812,3.6994,59.9645,1528.12,2213.81,2688.46,0.57,2.4184
16620000,225.8467,2.8407,59.9364,1146.47,1724.52,2070.4,0.55,2.4261
16680000,225.7276,2.466,59.9926,956.01,1522.97,1797.94,0.53,2.4314
16740000,226.2182,2.4704,60.0348,945.46,1535.71,1803.42,0.52,2.4368
16800000,226.0992,2.4635,59.9786,937.31,1533.14,1797.24,0.52,2.4422
16860000,226.0992,1.2999,60.0207,360.23,876.9,948.07,0.38,2.4465
16920000,226.1012,1.2977,60.0067,360.67,875.82,946.88,0.38,2.4486
16980000,226.1685,1.299,59.9645,361.72,875.9,947.77,0.38,2.4507
17040000,226.8459,1.3043,59.9223,365.18,881.96,954.73,0.38,2.4528
17100000,226.9245,1.3006,59.9223,370.8,877.3,953.09,0.39,2.4549
17160000,226.8848,1.3027,59.9926,363.94,881.4,953.51,0.38,2.457
17220000,226.869,1.3149,59.9223,377.05,885.72,962.73,0.39,2.4591
17280000,226.6369,1.308,60.0348,381.6,877.72,957.29,0.4,2.4613
17340000,227.0313,1.3049,60.0629,365.86,883.04,955.83,0.38,2.4634
17400000,227.8708,0.6715,59.9645,420.1,260.25,493.62,-0.85,2.4656
17460000,226.5933,2.644,60.0348,1468.17,1259.74,1933.42,0.76,2.4709
17520000,226.6363,1.6881,59.9926,1046.32,657.11,1234.59,0.85,2.4786
17580000,226.5302,1.6776,59.9223,1038.69,651.49,1226.05,0.85,2.4846
17640000,227.6434,1.6241,59.9786,1019.17,619.72,1192.75,0.85,2.4903
17700000,226.7386,1.6296,59.9504,1022.43,616.33,1192.34,0.86,2.4962
17760000,227.442,1.6363,60.0067,1033.71,613.94,1201.46,0.86,2.502
17820000,226.8831,1.6383,59.9504,1024.41,625.95,1199.32,0.85,2.5078
17880000,225.8543,3.6018,59.9786,1925.93,1783.3,2624.94,0.73,2.5176
17940000,226.0473,3.5205,60.0067,1898.71,1729.13,2567.81,0.74,2.5285
18000000,226.7419,2.7976,59.9926,1612.38,1261.44,2048.09,0.79,2.5379
18060000,226.5097,3.8208,59.9645,1609.47,2282.63,2792.88,0.58,2.5472
18120000,226.7596,3.7422,59.9223,1555.84,2253.95,2738.47,0.57,2.5562
18180000,227.6576,2.4885,59.9504,955.67,1558.61,1828.3,0.52,2.5639
18240000,227.4111,2.5226,59.9223,977.36,1573.36,1851.32,0.53,2.5694
18300000,227.7087,2.5039,59.9364,954.38,1572.54,1839.62,0.52,2.5748
18360000,227.3524,1.6873,59.9645,585.87,1091.84,1238.28,0.47,2.5798
18420000,227.8774,1.2943,59.9364,368.6,878.05,952.63,0.39,2.5822
18480000,227.5845,1.3074,59.9504,359.06,890.23,959.93,0.37,2.5842
18540000,227.0993,1.3075,60.0207,358.26,888.89,957.9,0.37,2.5863
18600000,227.4773,1.3173,60.0067,378.96,889.92,967.18,0.39,2.5884
18660000,227.5874,1.2988,60.0348,355.79,884.76,953.52,0.37,2.5904
18720000,227.0245,1.3035,60.0207,362.5,883.23,954.78,0.38,2.5925
18780000,227.4555,1.3014,59.9786,379.32,877.77,956.21,0.4,2.5946
18840000,227.1814,1.3059,59.9364,378.63,880.13,958.12,0.4,2.5967
18900000,226.9743,1.2993,60.0207,358.6,881.08,951.51,0.38,2.5988
18960000,227.1105,1.2983,59.9786,357.72,881.41,951.3,0.38,2.6009
19020000,227.7157,1.3092,59.9504,376.82,885.78,962.32,0.39,2.6029
19080000,226.0327,3.6093,59.9364,1402.21,2227.34,2632.7,0.53,2.61
19140000,226.9815,1.7099,60.0067,1061.46,665.55,1252.51,0.85,2.6167
19200000,226.9028,1.6844,60.077,1043.45,655.88,1233.29,0.85,2.6227
19260000,227.9021,1.6931,60.0348,1051.26,666.9,1244.96,0.84,2.6286
19320000,228.0811,1.6099,59.9645,1013.57,616.22,1184.87,0.85,2.6345
19380000,227.9139,1.6398,59.9645,1029.93,630.24,1205.93,0.85,2.6403
19440000,227.9478,1.6125,59.9364,1014.92,613.24,1185.79,0.86,2.6461
19500000,225.2718,3.6439,60.0207,1941.1,1805.35,2648.95,0.73,2.6561
19560000,226.3149,3.5591,59.9645,1922.11,1753.87,2599.65,0.74,2.667
19620000,226.1907,2.8514,59.9504,1613.36,1314.68,2081.07,0.78,2.6773
19680000,226.5358,2.8334,59.9645,1616.9,1294.61,2072.35,0.78,2.6865
19740000,226.2722,1.6347,59.9645,1013.65,630.31,1193.31,0.85,2.6944
19800000,225.3198,2.5692,59.9223,1005.46,1575.57,1868.85,0.54,2.7004
19860000,225.2103,2.5508,59.9645,982.62,1572.37,1853.88,0.53,2.706
19920000,224.4816,2.5368,59.9645,964.8,1564.88,1837.71,0.52,2.7115
19980000,225.2157,1.2974,59.9926,371.76,866.87,943.14,0.39,2.7143
20040000,225.8518,1.3133,59.9504,373.08,881.54,957.05,0.39,2.7164
20100000,225.7141,1.2989,60.0488,365.29,872.96,946.08,0.39,2.7184
20160000,225.9853,1.3004,59.9364,363.16,875.63,948.15,0.38,2.7205
20220000,225.8297,1.297,60.0067,367.09,871.12,945.15,0.39,2.7226
20280000,225.8143,1.3024,59.9786,377.02,872.31,949.97,0.4,2.7247
20340000,226.29,1.2929,59.9926,357.19,873.79,944.12,0.38,2.7268
20400000,226.2643,1.3134,59.9926,371.95,883.98,959.09,0.39,2.7288
20460000,225.3616,1.2941,59.9926,361.27,869.21,940.97,0.38,2.7309
20520000,225.1979,1.3027,60.0207,374.34,870.09,946.93,0.39,2.733
20580000,224.2352,3.6571,60.0207,1413.36,2238.88,2646.34,0.53,2.7377
20640000,224.1399,2.6207,59.9926,997.67,1611.88,1895.5,0.53,2.7452
20700000,223.9955,2.6024,59.9926,991.14,1598.45,1880.97,0.53,2.7509
20760000,224.3494,1.705,59.9926,1037.9,669.9,1234.33,0.84,2.7565
20820000,224.4932,1.7086,60.0348,1045.28,665.71,1238.2,0.84,2.7625
20880000,224.8366,1.6324,59.9926,1020.85,605.88,1185.8,0.86,2.7682
20940000,225.5417,1.6445,59.9786,1014.18,635.7,1196.66,0.85,2.774
21000000,225.6178,1.6195,60.0067,1011.8,602.41,1179.83,0.86,2.7798
21060000,223.8755,3.7094,59.9926,1945.82,1840.69,2680.6,0.73,2.7886
21120000,223.819,3.6548,59.9645,1927.21,1805.0,2640.72,0.73,2.7996
21180000,224.2811,2.8948,60.0067,1615.65,1336.67,2095.33,0.77,2.8094
21240000,223.8295,2.888,59.9645,1600.09,1338.91,2085.67,0.77,2.8185
21300000,224.1987,2.8969,60.0067,1607.27,1346.29,2095.49,0.77,2.8277
21360000,224.4986,1.686,59.9786,1030.93,659.18,1221.71,0.84,2.8351
21420000,224.2253,2.6725,59.9786,1047.79,1625.61,1933.45,0.54,2.8411
21480000,224.145,1.7066,59.9926,600.88,1078.45,1234.36,0.49,2.846
21540000,224.0818,1.2859,59.9786,361.48,856.32,929.51,0.39,2.8483
21600000,223.6556,1.2979,59.9926,369.96,860.96,936.53,0.39,2.8504
21660000,223.5501,1.2819,59.9645,371.78,848.12,925.76,0.4,2.8525
21720000,226.3136,1.2949,59.9786,358.2,874.87,945.38,0.38,2.8545
21780000,226.0896,1.2987,60.0348,355.68,878.33,947.27,0.37,2.8566
21840000,226.646,1.305,59.9926,361.4,883.3,954.39,0.38,2.8586
21900000,226.6078,1.3065,59.9926,365.11,882.95,955.42,0.38,2.8607
21960000,225.8542,1.2851,59.9926,354.66,867.23,936.57,0.38,2.8627
22020000,225.2317,1.309,59.9926,376.96,873.95,951.75,0.4,2.8648
22080000,225.3825,1.3197,60.0207,387.57,878.91,960.67,0.4,2.8669
22140000,225.2724,1.3153,60.0207,375.64,879.64,955.94,0.39,2.869
22200000,223.9754,3.6901,59.9926,1423.61,2254.84,2666.91,0.53,2.8741
22260000,224.7699,2.6548,59.9926,1014.5,1637.67,1925.53,0.53,2.8815
22320000,224.621,2.6421,59.9926,1013.84,1625.4,1915.33,0.53,2.8873
22380000,224.5294,2.6193,59.9786,1007.87,1609.06,1898.55,0.53,2.893
22440000,224.0464,1.723,59.9926,1056.25,663.28,1247.21,0.85,2.8988
22500000,224.1385,1.6512,60.0067,1009.73,637.45,1194.07,0.85,2.9046
22560000,223.2084,3.8023,59.9786,1986.28,1888.96,2739.73,0.72,2.9146
22620000,223.6543,3.7374,59.9504,1953.77,1859.51,2697.51,0.72,2.9258
22680000,224.3881,2.9511,59.9504,1634.31,1376.66,2136.74,0.76,2.9354
22740000,223.4028,2.9658,60.0488,1641.78,1372.4,2138.92,0.77,2.9447
22800000,223.5773,2.9446,59.9786,1620.07,1373.25,2123.82,0.76,2.9539
22860000,223.8957,2.9607,59.9364,1631.32,1386.4,2139.06,0.76,2.9632
22920000,223.475,2.9773,59.9926,1632.22,1397.61,2146.89,0.76,2.9724
22980000,223.5811,2.9915,59.9786,1639.37,1405.91,2158.35,0.76,2.9818
23040000,223.9686,0.8932,59.9645,616.12,191.98,645.22,0.95,2.9888
23100000,223.8933,1.3864,59.9504,450.09,895.17,1002.62,0.45,2.9914
23160000,223.7948,1.3072,59.9926,377.14,865.52,943.69,0.4,2.9937
23220000,223.6943,1.2849,60.0067,360.86,854.51,927.62,0.39,2.9958
23280000,224.1703,1.2974,60.0348,371.85,862.44,938.73,0.39,2.9979
23340000,224.5145,1.2898,59.9926,362.09,861.8,934.3,0.39,3.0
23400000,224.5266,1.2888,59.9926,360.54,861.1,933.46,0.39,3.0021
23460000,224.0718,1.2868,59.9645,359.53,858.33,930.19,0.39,3.0042
23520000,223.6343,1.2906,60.0207,361.81,858.33,931.09,0.39,3.0063
23580000,223.4102,1.2928,60.0067,363.61,858.26,931.74,0.39,3.0083
23640000,223.0905,1.2934,60.0067,362.22,857.37,930.91,0.39,3.0105
23700000,222.9516,1.2926,60.0629,367.21,854.21,929.73,0.39,3.0126
23760000,222.9017,1.2985,60.0488,370.9,857.29,933.55,0.4,3.0147
23820000,222.56,1.2941,60.0488,380.02,849.21,930.16,0.41,3.0168
23880000,223.4388,1.3024,60.0348,372.27,862.25,938.68,0.4,3.0189
23940000,223.2581,1.2895,60.0629,367.82,852.55,929.3,0.4,3.021
24000000,221.7496,3.7422,60.0348,1427.59,2265.15,2677.94,0.53,3.0259
24060000,221.599,4.9979,60.0629,2015.43,2955.16,3574.8,0.56,3.0385
24120000,227.6953,3.8393,60.0348,2043.27,1949.66,2821.74,0.72,3.05
24180000,228.3936,3.0532,60.0067,1714.37,1460.86,2250.09,0.76,3.06
24240000,228.6016,3.0652,59.9926,1721.41,1466.16,2261.11,0.76,3.0697
24300000,227.6625,2.9987,59.9645,1686.35,1419.3,2203.17,0.76,3.0794
24360000,226.6434,3.0473,60.0067,1688.63,1454.83,2228.47,0.76,3.089
24420000,227.5941,3.0674,59.9926,1719.39,1455.06,2253.87,0.76,3.0987
24480000,227.1488,3.0564,60.0067,1703.27,1458.49,2240.41,0.76,3.1084
24540000,226.3591,3.0082,59.9786,1671.97,1425.21,2197.12,0.76,3.118
24600000,226.9489,3.0026,59.9786,1677.01,1424.48,2198.9,0.76,3.1276
24660000,227.6421,1.6625,59.9926,1036.08,647.7,1221.15,0.85,3.1342
24720000,228.3948,1.6621,60.0207,1037.45,653.07,1224.56,0.85,3.1401
24780000,227.5494,2.6189,59.9786,1028.6,1625.77,1923.32,0.53,3.1462
24840000,229.1278,2.5699,59.9786,989.04,1623.96,1900.23,0.52,3.1519
24900000,229.0734,2.5488,59.9645,970.58,1614.03,1883.97,0.52,3.1575
24960000,230.1322,2.5527,60.0067,977.34,1625.62,1895.43,0.51,3.163
25020000,230.4601,2.5565,59.9504,998.03,1620.32,1901.85,0.52,3.1686
25080000,229.8151,2.5522,59.9786,991.9,1612.44,1893.61,0.52,3.1742
25140000,230.3554,2.5526,60.0067,984.24,1623.4,1897.43,0.52,3.1799
25200000,230.1571,2.5645,60.0067,984.42,1629.89,1904.57,0.52,3.1855
25260000,229.0165,2.5436,59.9926,991.22,1597.89,1880.68,0.53,3.1911
25320000,230.4772,1.3054,59.9504,359.47,902.28,970.9,0.37,3.1954
25380000,230.5763,1.3056,59.9504,358.65,902.15,971.65,0.37,3.1974
25440000,230.8756,1.2987,59.9223,350.53,902.21,967.52,0.36,3.1994
25500000,229.9873,2.2814,59.9645,860.03,1459.89,1693.26,0.51,3.202
25560000,229.4769,3.4598,59.9504,1343.53,2182.83,2561.82,0.52,3.2095
25620000,228.9894,3.4232,59.9786,1341.41,2145.38,2530.33,0.53,3.2171
25680000,229.9146,2.6803,59.9364,1030.64,1700.33,1988.59,0.52,3.2244
25740000,230.1797,2.634,59.9504,1010.66,1676.41,1956.41,0.52,3.2302
25800000,228.7283,2.6744,59.9504,1033.96,1683.67,1974.3,0.52,3.236
25860000,229.2018,1.7454,59.9364,1081.29,705.69,1290.99,0.84,3.2422
25920000,228.1283,4.1542,60.0207,2177.36,2151.06,3058.4,0.71,3.252
25980000,228.3259,3.1666,59.9786,1760.96,1530.09,2333.04,0.75,3.2635
26040000,228.9034,2.1382,60.0067,1307.08,889.18,1579.37,0.83,3.2733
26100000,228.6114,1.7533,60.0067,1080.06,711.41,1293.1,0.84,3.2799
26160000,228.5785,1.7476,59.9786,1078.51,708.04,1288.81,0.84,3.2861
26220000,228.2222,1.6913,60.0067,1051.03,668.87,1245.19,0.84,3.2922
26280000,228.4345,1.657,60.0067,1038.46,639.71,1221.84,0.85,3.2982
26340000,229.5199,1.6702,59.9504,1057.79,645.09,1237.53,0.85,3.3041
26400000,229.6025,1.673,59.9364,1063.17,640.46,1240.12,0.86,3.3101
26460000,230.3034,1.6574,59.9786,1056.22,633.61,1232.8,0.86,3.316
26520000,229.5251,2.5815,59.9364,1011.02,1623.7,1912.77,0.53,3.3221
26580000,230.0809,2.5731,59.9364,1003.37,1627.86,1911.12,0.52,3.3278
26640000,229.368,2.5571,59.9504,995.72,1611.37,1893.56,0.53,3.3335
26700000,229.0045,2.5756,59.9786,993.55,1623.9,1903.22,0.52,3.3391
26760000,229.7917,2.5602,59.9504,996.19,1616.31,1899.45,0.53,3.3447
26820000,228.5274,4.874,59.9645,2010.97,2978.69,3594.72,0.56,3.354
26880000,228.3687,4.8244,59.9645,1979.81,2953.34,3555.23,0.56,3.3653
26940000,229.0126,2.6704,59.9223,1029.2,1684.53,1973.97,0.52,3.3734
27000000,228.7125,2.6913,59.9504,1027.91,1699.79,1985.99,0.52,3.3792
27060000,229.3845,2.6881,59.9786,1046.62,1694.15,1991.01,0.53,3.3851
27120000,228.847,2.7079,59.9786,1035.58,1710.94,1999.62,0.52,3.391
27180000,229.1727,2.7117,60.0067,1051.36,1709.74,2006.02,0.52,3.3969
27240000,229.0212,2.693,59.9926,1032.99,1701.03,1990.41,0.52,3.4028
27300000,229.5359,2.7499,59.9645,1058.29,1740.0,2036.8,0.52,3.4088
27360000,229.8848,1.2989,59.9645,355.36,895.93,963.45,0.37,3.4117
27420000,229.9824,1.2982,59.9786,353.14,895.76,963.42,0.37,3.4138
27480000,229.4137,2.7731,59.9786,1523.14,1378.85,2052.74,0.74,3.4183
27540000,230.065,1.8469,59.9645,1132.07,775.89,1370.86,0.82,3.4267
27600000,229.6431,1.7628,59.9786,1094.77,710.77,1306.9,0.84,3.433
27660000,230.431,1.7567,59.9364,1088.79,721.17,1306.01,0.83,3.4392
27720000,229.9124,1.7743,59.9504,1102.29,722.36,1316.44,0.84,3.4454
27780000,230.2548,1.7575,60.0067,1089.37,719.55,1305.58,0.83,3.4517
27840000,228.2424,1.7559,59.9786,1083.5,701.88,1293.58,0.84,3.4579
27900000,228.7122,1.7747,59.9926,1091.49,725.75,1309.62,0.83,3.4641
27960000,229.0591,1.7642,60.0067,1089.84,717.84,1303.8,0.83,3.4703
28020000,228.1298,4.0834,59.9926,2134.99,2118.54,3006.37,0.71,3.4787
28080000,227.9847,3.9981,59.9786,2098.48,2063.64,2940.94,0.71,3.4907
28140000,228.6795,5.1376,59.9786,2173.32,3106.69,3792.19,0.57,3.5029
28200000,227.3433,4.8587,59.9364,2343.51,2685.52,3564.48,0.66,3.5155
28260000,227.8485,4.8233,59.9645,2351.01,2656.99,3547.56,0.66,3.5288
28320000,227.3858,4.6357,59.9083,2234.53,2567.55,3401.54,0.66,3.5419
28380000,227.2191,4.6315,59.9645,2240.46,2551.67,3396.09,0.66,3.5546
28440000,225.6311,4.661,60.0348,2256.4,2538.43,3394.29,0.66,3.5674
28500000,226.2493,4.6708,59.9786,2264.56,2554.64,3410.66,0.66,3.5802
28560000,226.6318,4.607,59.9645,2217.43,2538.55,3369.52,0.66,3.593
28620000,227.5036,3.1706,60.0067,1570.47,1717.5,2327.54,0.67,3.6026
28680000,224.2098,3.1728,59.9786,1568.29,1677.24,2296.15,0.68,3.6115
28740000,224.328,3.1825,60.0067,1574.25,1681.87,2303.56,0.68,3.6204
28800000,224.2996,3.1549,59.9926,1555.47,1674.33,2283.64,0.68,3.6293
28860000,224.9411,3.128,59.9504,1548.36,1661.47,2272.07,0.68,3.6382
28920000,224.0788,3.172,60.0067,1558.77,1685.07,2293.51,0.68,3.6471
28980000,223.4383,3.1601,59.9786,1560.56,1663.57,2279.12,0.68,3.6559
29040000,223.1403,3.1589,59.9786,1557.45,1659.76,2275.86,0.68,3.6647
29100000,225.6428,3.183,59.9926,1573.78,1702.45,2316.82,0.68,3.6735
29160000,221.5955,3.4068,60.0207,1688.04,1757.25,2435.94,0.69,3.6829
29220000,223.4628,3.3788,59.9786,1689.98,1755.73,2436.9,0.69,3.6925
29280000,224.5055,3.3685,60.0207,1685.62,1768.21,2440.87,0.69,3.702
29340000,224.4137,3.3111,59.9504,1651.33,1739.06,2397.94,0.69,3.7115
29400000,223.0876,5.7888,59.9645,2696.32,3181.57,4167.37,0.65,3.7236
29460000,223.8719,5.7514,59.9926,2654.33,3195.42,4154.89,0.64,3.7389
29520000,224.882,4.7823,59.9926,2307.57,2594.77,3471.25,0.66,3.7529
29580000,223.5347,4.8089,59.9926,2321.09,2577.74,3468.73,0.67,3.7661
29640000,222.4517,4.8468,60.0207,2329.89,2584.97,3480.78,0.67,3.7792
29700000,224.636,4.8145,59.9786,2328.51,2600.05,3490.13,0.67,3.7924
29760000,220.2926,15.0617,60.0067,8190.26,6897.68,10708.4,0.76,3.8175
29820000,220.7972,15.0611,59.9786,8227.05,6903.28,10732.8,0.77,3.8445
29880000,218.9098,14.789,60.0207,7987.66,6741.73,10447.51,0.76,3.8905
29940000,218.9896,13.776,60.0067,7551.41,6149.36,9736.45,0.78,3.9354
30000000,220.3389,12.3686,59.9926,6945.67,5408.46,8795.16,0.79,3.9766
30060000,225.5202,1.8717,59.9786,965.32,962.34,1362.96,0.71,4.0107
30120000,221.5781,12.0522,59.9645,6834.67,5257.08,8619.08,0.79,4.0293
30180000,221.8745,12.0258,59.9926,6824.77,5252.73,8610.82,0.79,4.068
30240000,220.1546,12.0138,59.9504,6765.47,5208.85,8535.57,0.79,4.0861
30300000,219.8386,11.9229,59.9504,6710.02,5163.81,8459.02,0.79,4.1243
30360000,220.3615,11.9547,59.9504,6748.75,5169.02,8502.95,0.79,4.1422
30420000,224.2127,1.9799,59.9223,1031.77,994.48,1433.25,0.72,4.1566
30480000,218.7882,13.4009,59.9645,7377.16,5940.32,9462.42,0.78,4.1798
30540000,218.8402,14.3243,59.9223,7715.49,6539.61,10115.64,0.76,4.2231
30600000,219.4785,13.3514,59.9364,7360.76,5942.05,9456.64,0.78,4.2455
30660000,220.7196,13.3165,59.9364,7384.16,5965.86,9485.41,0.78,4.2875
30720000,221.1494,13.3921,59.9786,7447.12,6001.63,9558.35,0.78,4.3093
30780000,223.4376,5.6891,60.0207,2630.61,3147.94,4102.37,0.64,4.344
30840000,224.4384,5.5812,60.0067,2605.54,3093.83,4042.09,0.64,4.3589
30900000,224.5873,4.6516,59.9786,2227.07,2533.15,3370.6,0.66,4.3721
30960000,224.2742,4.6982,59.9786,2273.95,2533.16,3401.09,0.67,4.3849
31020000,221.5904,4.7397,59.9926,2261.11,2525.9,3389.36,0.67,4.3978
31080000,221.6095,4.7742,59.9786,2275.27,2546.4,3414.24,0.67,4.4106
31140000,222.1214,4.7665,59.9645,2272.74,2554.05,3416.66,0.66,4.4235
31200000,222.4234,4.6688,59.9926,2218.21,2513.59,3350.91,0.66,4.4364
31260000,222.1087,4.7006,59.9926,2244.12,2516.24,3369.5,0.67,4.4491
31320000,225.5339,3.5684,59.9786,1773.03,1900.03,2596.89,0.68,4.4613
31380000,226.4418,3.2138,59.9926,1606.36,1713.68,2348.87,0.68,4.4706
31440000,223.9803,3.1851,60.0067,1561.85,1693.34,2302.39,0.68,4.4796
31500000,222.9269,3.1876,60.0067,1558.81,1682.63,2293.27,0.68,4.4884
31560000,225.2209,3.1536,59.9364,1553.47,1685.8,2292.05,0.68,4.4973
31620000,224.7853,3.1807,59.9504,1561.68,1698.1,2307.02,0.68,4.5062
31680000,226.0547,3.1657,59.9786,1563.07,1702.3,2309.56,0.68,4.5151
31740000,226.0835,3.1673,59.9786,1562.5,1702.1,2310.96,0.68,4.524
31800000,227.6693,3.177,59.9786,1574.42,1723.81,2333.79,0.67,4.5329
31860000,226.9123,3.2004,59.9504,1581.94,1728.3,2343.23,0.68,4.542
31920000,223.4558,5.5119,59.9504,2548.46,3052.75,3975.15,0.64,4.5522
31980000,223.7906,5.5671,59.9786,2587.55,3080.0,4020.65,0.64,4.5669
32040000,223.9503,4.6718,60.0207,2253.93,2516.62,3377.27,0.67,4.5811
32100000,224.8241,4.6433,60.0067,2224.82,2531.03,3368.98,0.66,4.5937
32160000,220.4884,4.7073,59.9786,2212.17,2514.92,3349.09,0.66,4.6063
32220000,220.2103,4.6928,59.9786,2204.89,2502.22,3334.92,0.66,4.6189
32280000,220.5182,4.7067,60.0207,2207.16,2520.44,3349.04,0.66,4.6314
32340000,223.3171,4.6884,59.9926,2239.99,2531.99,3379.69,0.66,4.644
32400000,222.3186,4.7405,59.9786,2288.48,2517.95,3401.66,0.67,4.657
32460000,227.5931,4.7142,60.0348,2304.4,2586.37,3463.67,0.67,4.6699
32520000,220.193,12.4978,60.0207,7041.52,5413.39,8883.43,0.79,4.6824
32580000,226.1232,3.2143,59.9926,1601.38,1716.74,2345.56,0.68,4.7204
32640000,226.5709,3.178,60.0067,1581.46,1705.08,2323.7,0.68,4.7295
32700000,225.8123,3.1812,60.0207,1575.86,1701.92,2318.05,0.68,4.7385
32760000,226.2699,3.204,59.9786,1601.9,1704.52,2340.82,0.69,4.7475
32820000,226.5634,3.1972,60.0067,1574.8,1727.89,2337.29,0.67,4.7566
32880000,226.2603,3.1677,60.0067,1569.55,1699.03,2313.85,0.68,4.7655
32940000,226.7178,3.1914,59.9786,1583.81,1719.37,2335.65,0.68,4.7745
33000000,223.6991,3.173,60.0348,2044.61,1033.28,2290.45,0.89,4.7842
33060000,224.3073,5.4666,59.9645,3083.47,2478.85,3956.95,0.78,4.7987
33120000,226.4609,5.4106,59.9926,3091.75,2465.03,3953.89,0.78,4.8163
33180000,226.5226,4.6534,59.9926,2783.34,1957.36,3402.13,0.82,4.8335
33240000,224.192,4.572,60.0067,2722.94,1878.84,3309.22,0.82,4.849
33300000,225.3656,4.5642,59.9786,2720.51,1907.15,3319.37,0.82,4.8645
33360000,224.2267,4.5869,60.0067,2722.11,1899.06,3318.88,0.82,4.88
33420000,224.4444,4.5853,60.0067,2726.44,1896.46,3321.2,0.82,4.8955
33480000,223.0519,4.5398,59.9926,2680.54,1868.61,3267.91,0.82,4.9109
33540000,225.5278,4.5381,59.9786,2729.79,1864.88,3304.02,0.83,4.9264
33600000,225.2725,4.6053,60.0067,2738.55,1925.53,3347.82,0.82,4.9419
33660000,226.0423,4.619,60.0348,2756.65,1939.86,3369.68,0.82,4.9576
33720000,224.475,4.5446,59.9786,2700.61,1887.23,3291.93,0.82,4.973
33780000,225.1246,3.5027,60.0067,2252.59,1186.55,2545.83,0.88,4.9875
33840000,224.9151,3.1291,59.9786,2027.89,1024.84,2270.83,0.89,4.9993
33900000,223.8367,3.1272,60.0629,2016.94,1021.7,2258.75,0.89,5.0108
33960000,225.8707,3.1345,60.0348,2038.91,1035.03,2284.57,0.89,5.0224
34020000,225.2733,3.1412,60.0207,2038.32,1029.34,2283.25,0.89,5.0339
34080000,224.5863,3.1428,60.0629,2029.04,1037.36,2277.7,0.89,5.0456
34140000,224.9344,3.1471,60.0488,2041.57,1031.75,2284.62,0.89,5.0572
34200000,225.3388,3.1338,60.0348,2038.12,1013.9,2279.16,0.9,5.0689
34260000,225.5991,3.1504,59.9504,2048.56,1036.55,2293.4,0.89,5.0805
34320000,225.2108,5.4666,60.0207,3109.14,2479.06,3973.22,0.78,5.0951
34380000,224.0622,5.3949,59.9926,3043.17,2441.79,3901.11,0.78,5.1126
34440000,223.1374,4.6709,59.9926,2735.66,1957.01,3363.32,0.81,5.1297
34500000,222.7502,4.6084,60.0207,2711.22,1909.66,3312.73,0.82,5.1453
34560000,226.4626,4.584,60.0067,2752.39,1914.19,3349.67,0.82,5.1607
34620000,226.7178,4.5758,59.9645,2760.1,1899.97,3348.0,0.82,5.1764
34680000,225.5827,4.5802,60.0207,2730.39,1919.16,3333.98,0.82,5.192
34740000,225.6731,4.5568,60.0067,2741.34,1878.98,3319.83,0.82,5.2076
34800000,226.1268,3.8477,59.9504,2297.47,1619.85,2809.15,0.82,5.2213
34860000,225.5814,3.8775,60.0207,2306.24,1630.28,2823.44,0.82,5.2344
34920000,226.1364,3.8888,59.9645,2304.06,1656.86,2837.73,0.81,5.2475
34980000,225.7937,2.7961,60.0067,1812.81,934.7,2037.67,0.89,5.2595
35040000,225.7083,2.3972,59.9364,1576.13,750.54,1745.98,0.9,5.2687
35100000,227.0598,2.413,60.0067,1596.12,760.78,1767.69,0.9,5.2778
35160000,226.7474,2.4099,59.9926,1592.99,756.61,1763.25,0.9,5.2869
35220000,224.7094,2.4111,60.0067,1575.19,760.18,1747.97,0.9,5.2959
35280000,226.9066,2.4161,60.0067,1597.9,758.6,1768.95,0.9,5.3049
35340000,226.2227,2.4043,60.0207,1596.79,729.35,1756.27,0.91,5.314
35400000,226.5455,3.3138,60.0067,1644.98,1777.68,2421.89,0.68,5.3238
35460000,224.7933,3.3234,60.0207,1648.76,1761.23,2410.66,0.68,5.3331
35520000,226.588,4.817,59.9786,2334.13,2635.77,3520.63,0.66,5.3426
35580000,225.9673,5.7307,59.9926,2703.42,3186.49,4179.47,0.65,5.3573
35640000,225.9142,5.4929,59.9786,2626.48,3028.9,4006.29,0.65,5.3727
35700000,225.7464,4.9035,59.9926,2382.38,2666.11,3573.45,0.67,5.3863
35760000,223.0764,4.8973,60.0348,2347.41,2632.97,3525.17,0.66,5.3997
35820000,223.3242,4.8945,59.9645,2344.98,2637.16,3527.45,0.66,5.4131
35880000,225.0875,4.8993,60.0207,2363.15,2661.08,3559.06,0.66,5.4264
35940000,225.2225,4.871,59.9926,2344.73,2652.56,3540.24,0.66,5.4398
36000000,223.7735,4.8896,59.9786,2345.24,2639.41,3530.85,0.66,5.4532
36060000,224.13,4.8363,59.9786,2318.53,2617.59,3497.86,0.66,5.4665
36120000,224.8288,4.8326,59.9786,2329.55,2622.95,3506.67,0.66,5.4797
36180000,225.6172,4.8494,59.9926,2329.39,2652.73,3530.72,0.66,5.493
36240000,223.7212,4.8777,59.9786,2331.79,2638.96,3521.46,0.66,5.5062
36300000,223.4231,4.8365,59.9645,2311.93,2610.6,3486.88,0.66,5.5195
36360000,225.9341,3.2833,59.9926,1624.72,1760.54,2393.58,0.68,5.5299
36420000,227.287,3.276,60.0067,1630.12,1767.82,2403.11,0.68,5.5392
36480000,227.7197,3.275,60.0067,1626.62,1774.91,2406.25,0.68,5.5485
36540000,228.5459,3.2853,59.9645,1639.93,1785.89,2422.96,0.68,5.5578
36600000,226.9533,3.2735,59.9645,1626.24,1763.42,2397.4,0.68,5.5671
36660000,225.5585,3.2578,60.0207,1606.05,1744.83,2371.49,0.68,5.5763
36720000,227.9741,3.2597,60.0207,1619.05,1768.66,2397.5,0.68,5.5855
36780000,224.6219,5.691,59.9504,2652.2,3162.42,4125.77,0.64,5.5961
36840000,223.8195,5.7573,60.0207,2678.23,3183.21,4159.7,0.64,5.6113
36900000,222.8795,4.827,60.0067,2292.56,2609.67,3471.67,0.66,5.6259
36960000,225.733,4.8276,59.9786,2323.53,2643.09,3516.64,0.66,5.6391
37020000,225.7294,4.8397,60.0207,2330.16,2645.91,3526.05,0.66,5.6523
37080000,225.1386,4.8758,59.9504,2326.48,2670.61,3542.19,0.66,5.6655
37140000,223.2374,4.8369,60.0207,2304.54,2616.9,3485.4,0.66,5.6787
37200000,224.9247,4.8493,59.9645,2326.81,2640.81,3520.76,0.66,5.6918
37260000,225.2587,4.8923,60.0207,2343.09,2679.53,3556.53,0.66,5.705
37320000,224.94,4.8743,60.0067,2334.32,2658.8,3538.55,0.66,5.7182
37380000,226.1774,4.826,60.0067,2327.09,2648.72,3523.25,0.66,5.7314
37440000,225.5998,4.778,60.0629,2292.58,2618.7,3478.37,0.66,5.7446
37500000,226.1031,4.7768,60.0207,2301.11,2620.51,3485.23,0.66,5.7577
37560000,227.0344,4.8282,60.0067,2355.72,2638.17,3538.19,0.67,5.771
37620000,225.4822,4.8091,59.9786,2312.49,2624.95,3498.99,0.66,5.7842
37680000,225.0233,4.8128,60.0207,2315.95,2620.48,3494.92,0.66,5.7973
37740000,223.3414,4.8868,59.9926,2329.36,2643.98,3523.22,0.66,5.8105
37800000,223.0635,4.8322,60.0207,2292.51,2615.36,3477.88,0.66,5.8236
37860000,226.9539,3.2406,59.9786,1600.82,1751.44,2373.26,0.67,5.8338
37920000,224.528,3.2581,59.9364,1603.38,1733.97,2360.7,0.68,5.843
37980000,227.2855,3.2321,59.9926,1600.25,1751.13,2370.33,0.67,5.8521
38040000,226.7809,3.2326,59.9645,1605.89,1737.57,2365.88,0.68,5.8612
38100000,226.2234,3.2339,59.9645,1601.35,1734.18,2360.81,0.68,5.8703
38160000,226.854,4.3639,59.9645,2205.19,2316.91,3196.51,0.69,5.8801
38220000,225.7174,5.7816,59.9926,2748.51,3190.77,4211.15,0.65,5.8955
38280000,227.218,5.8057,59.9926,2766.39,3233.88,4256.86,0.65,5.9113
38340000,224.826,5.8928,60.0488,2785.26,3246.39,4275.69,0.65,5.927
38400000,226.5162,5.0847,60.0067,2483.25,2766.03,3717.03,0.67,5.9426
38460000,224.3407,5.0281,59.9926,2439.33,2702.7,3639.84,0.67,5.9565
38520000,224.9006,4.9999,60.0207,2425.33,2698.24,3628.74,0.67,5.9704
38580000,223.6548,4.9932,59.9786,2401.87,2685.43,3603.16,0.67,5.9841
38640000,225.5023,4.9446,59.9645,2415.37,2671.3,3598.49,0.67,5.9977
38700000,226.009,4.9646,59.9786,2442.73,2676.7,3621.96,0.67,6.0116
38760000,225.9223,4.9896,59.9926,2436.16,2702.12,3637.31,0.67,6.0254
38820000,224.8604,4.9842,60.0067,2418.8,2689.74,3616.64,0.67,6.0392
38880000,225.7542,4.9745,59.9926,2429.27,2690.42,3624.25,0.67,6.053
38940000,226.6852,4.9438,60.0067,2427.2,2684.22,3616.16,0.67,6.0668
39000000,226.2293,4.9184,59.9645,2416.34,2660.27,3590.57,0.67,6.0805
39060000,227.624,4.9088,60.0348,2422.14,2675.45,3606.08,0.67,6.0943
39120000,227.0428,4.9306,59.9786,2423.35,2680.3,3612.89,0.67,6.108
39180000,228.4799,4.9516,59.9645,2433.2,2721.9,3650.75,0.67,6.1219
39240000,225.0579,4.9835,59.9926,2421.61,2691.34,3619.45,0.67,6.1357
39300000,224.9906,4.9917,59.9786,2422.48,2695.68,3624.49,0.67,6.1494
39360000,226.0125,4.9626,60.0348,2432.58,2680.95,3619.56,0.67,6.1632
39420000,225.9663,4.9806,60.0207,2442.3,2686.75,3631.6,0.67,6.1771
39480000,225.1589,4.9436,59.9926,2418.26,2655.59,3592.04,0.67,6.1909
39540000,224.8253,5.0052,60.0488,2443.34,2689.17,3631.88,0.67,6.2047
39600000,223.3604,5.0184,59.9926,2437.35,2677.28,3618.13,0.67,6.2185
39660000,224.5566,4.9891,60.0348,2415.41,2689.71,3615.4,0.67,6.2323
39720000,225.3832,5.0086,59.9786,2444.19,2703.89,3642.79,0.67,6.246
39780000,225.9103,4.9118,59.9645,2412.14,2650.56,3580.81,0.67,6.2599
39840000,217.0027,21.378,59.9786,11898.03,9085.28,14974.61,0.79,6.2998
39900000,217.1107,19.9022,59.9504,11234.58,8265.01,13949.25,0.81,6.3647
39960000,226.3755,3.4192,60.0067,1742.81,1793.11,2498.6,0.7,6.3801
40020000,224.6778,3.4098,59.9926,1721.14,1777.08,2472.08,0.7,6.39
40080000,226.3819,3.41,59.9786,1747.13,1778.01,2492.24,0.7,6.3998
40140000,223.1066,5.8029,59.9926,2741.13,3151.54,4178.6,0.66,6.411
40200000,223.4774,5.9017,59.9926,2790.83,3212.61,4256.58,0.66,6.4268
40260000,227.1191,5.8001,59.9926,2776.7,3219.21,4252.37,0.65,6.4426
40320000,226.9688,4.9737,59.9926,2457.58,2695.35,3644.46,0.67,6.458
40380000,228.2355,4.9128,60.0348,2441.57,2672.93,3619.45,0.67,6.4719
40440000,228.6217,4.8975,60.0067,2435.38,2669.28,3613.69,0.67,6.4858
40500000,225.7849,4.8956,60.0207,2414.22,2631.75,3568.0,0.68,6.4995
40560000,226.6805,4.8932,60.0207,2420.41,2640.98,3579.56,0.68,6.5132
40620000,227.2713,4.8673,60.0348,2416.72,2631.33,3570.41,0.68,6.5269
40680000,226.0143,4.8652,60.0067,2398.65,2619.18,3549.21,0.67,6.5406
40740000,225.5445,4.9509,60.0067,2425.91,2665.85,3603.62,0.67,6.5543
40800000,226.4433,4.9852,60.0488,2448.15,2700.02,3643.27,0.67,6.5682
40860000,228.5091,4.9585,60.0207,2471.42,2696.24,3657.92,0.68,6.5821
40920000,230.0077,4.9584,59.9926,2470.55,2727.98,3680.31,0.67,6.596
40980000,228.6215,4.9509,59.9645,2456.49,2705.17,3652.67,0.67,6.6099
41040000,228.9112,4.9496,59.9926,2454.51,2710.1,3656.32,0.67,6.6239
41100000,226.0821,4.9774,59.9786,2438.22,2692.52,3631.52,0.67,6.6377
41160000,225.8248,4.9909,60.0067,2449.27,2692.59,3636.91,0.67,6.6516
41220000,227.0453,4.9783,60.0067,2464.08,2689.46,3648.17,0.68,6.6655
41280000,227.7233,4.9606,59.9786,2456.32,2697.55,3645.38,0.67,6.6794
41340000,227.144,4.9006,60.0067,2425.23,2654.25,3593.07,0.67,6.6932
41400000,227.8214,4.9058,60.0067,2440.79,2660.73,3607.7,0.68,6.707
41460000,229.8238,4.9001,59.9926,2454.89,2677.29,3634.14,0.68,6.721
41520000,230.2236,4.8778,59.9926,2425.81,2691.97,3623.65,0.67,6.7348
41580000,229.7676,4.8895,59.9786,2440.53,2684.36,3625.52,0.67,6.7486
41640000,228.0758,4.9299,60.0067,2443.2,2684.72,3628.59,0.67,6.7625
41700000,226.7714,4.9144,59.9926,2410.18,2668.66,3596.13,0.67,6.7763
41760000,227.8386,4.9664,60.0207,2463.41,2698.5,3651.6,0.67,6.7902
41820000,228.3596,3.686,59.9926,1888.18,1954.94,2717.17,0.69,6.8038
41880000,228.9584,3.2499,59.9786,1647.66,1746.82,2401.28,0.69,6.8138
41940000,228.4798,3.2787,59.9786,1679.17,1743.81,2418.87,0.69,6.8233
42000000,228.2495,3.288,60.0348,1663.57,1760.43,2421.63,0.69,6.8328
42060000,228.5417,3.3688,60.0067,1738.53,1776.75,2484.75,0.7,6.8424
42120000,229.0768,3.3394,60.0348,1729.11,1764.66,2469.8,0.7,6.8522
42180000,228.9385,3.2935,60.0067,1685.66,1755.57,2433.31,0.69,6.8619
42240000,228.902,3.312,60.0207,1691.98,1767.46,2446.03,0.69,6.8715
42300000,229.1525,3.3058,60.0067,1695.26,1763.73,2444.32,0.69,6.8811
42360000,229.097,3.2603,60.0207,1750.56,1656.28,2408.09,0.73,6.8909
42420000,228.2982,5.2045,60.0207,2507.47,2902.73,3834.73,0.65,6.9048
42480000,229.7675,5.3933,59.9786,2585.83,3053.86,3997.92,0.65,6.9193
42540000,229.827,4.8479,59.9786,2367.09,2706.98,3595.25,0.66,6.9339
42600000,229.9157,4.8191,59.9645,2360.82,2687.59,3575.97,0.66,6.9474
42660000,227.5516,4.6438,59.9926,2303.83,2513.2,3410.37,0.68,6.9606
42720000,228.1622,4.6522,60.0067,2309.51,2528.79,3425.17,0.67,6.9736
42780000,228.7356,4.1146,59.9645,2104.46,2195.89,3039.06,0.69,6.9861
42840000,228.8801,4.0309,59.9786,2052.13,2157.19,2977.35,0.69,6.9979
42900000,228.0015,3.9816,59.9786,2033.52,2109.77,2931.52,0.69,7.0095
42960000,229.6771,3.808,59.9504,1969.16,2020.74,2822.43,0.7,7.0209
43020000,228.8742,3.7136,60.0207,1918.1,1961.77,2742.69,0.7,7.032
43080000,229.8284,3.6668,60.0067,1906.05,1943.27,2719.32,0.7,7.0429
43140000,228.8401,3.6184,59.9786,1866.71,1912.14,2670.97,0.7,7.0536
43200000,228.3788,3.6593,60.0207,1892.87,1924.06,2696.62,0.7,7.0643
43260000,228.7315,3.7163,59.9786,1937.6,1942.6,2743.61,0.71,7.0751
43320000,230.6913,3.7394,59.9786,1952.14,1987.69,2783.93,0.7,7.086
43380000,230.3576,3.6866,59.9926,1940.08,1938.65,2740.5,0.71,7.097
43440000,229.0371,3.6666,59.9786,1902.62,1931.64,2709.97,0.7,7.1079
43500000,229.4595,3.6755,60.0207,1926.73,1925.68,2721.59,0.71,7.1188
43560000,227.6631,3.6143,59.9786,1877.99,1881.28,2656.55,0.71,7.1296
43620000,228.8735,3.6706,59.9926,1895.78,1940.29,2710.97,0.7,7.1402
43680000,225.6826,3.6992,60.0207,1918.03,1894.26,2695.05,0.71,7.151
43740000,225.7728,3.6045,60.0067,1840.38,1873.67,2625.66,0.7,7.1616
43800000,228.968,3.6354,59.9786,1888.87,1910.51,2687.13,0.7,7.1723
43860000,228.8131,3.604,59.9786,1874.6,1889.9,2661.08,0.7,7.1831
43920000,230.156,3.609,60.0348,1888.67,1900.93,2680.16,0.7,7.1938
43980000,229.921,3.7179,59.9786,1942.85,1962.62,2759.14,0.7,7.2044
44040000,230.0677,3.8194,60.0348,1966.28,2043.14,2835.59,0.69,7.2154
44100000,228.1422,4.0123,60.077,2066.71,2115.61,2955.56,0.7,7.2269
44160000,227.4498,4.1941,59.9926,2127.89,2228.71,3078.78,0.69,7.2386
44220000,226.7986,4.2643,60.0207,2149.09,2264.34,3121.61,0.69,7.2507
44280000,226.4678,4.3261,59.9786,2173.36,2295.39,3162.4,0.69,7.263
44340000,226.6437,4.2953,60.0067,2146.87,2296.51,3141.35,0.68,7.2753
44400000,228.0891,4.2795,59.9645,2150.86,2303.92,3151.37,0.68,7.2875
44460000,229.0833,4.2594,59.9504,2129.78,2318.48,3148.89,0.68,7.2996
44520000,229.3249,4.2938,59.9223,2163.92,2326.17,3177.23,0.68,7.3119
44580000,227.2332,4.2966,59.9504,2146.11,2306.82,3150.44,0.68,7.3242
44640000,226.7407,4.2849,60.0067,2145.83,2285.22,3135.96,0.68,7.3364
44700000,225.1463,11.3711,60.0067,5555.81,6111.59,8261.79,0.67,7.3645
44760000,228.4765,4.1961,60.0067,2138.51,2238.83,3093.63,0.69,7.3862
44820000,227.9531,4.1001,59.9926,2104.47,2161.28,3016.48,0.7,7.4088
44880000,229.1412,3.9433,59.9786,2023.29,2103.45,2916.2,0.69,7.4299
44940000,229.5505,3.8589,60.0067,1992.45,2054.07,2859.05,0.7,7.4412
45000000,229.4531,3.7788,60.0067,1941.49,2017.31,2797.57,0.69,7.4524
45060000,227.5986,3.6867,59.9926,1885.0,1946.59,2707.55,0.7,7.4632
45120000,228.3938,3.6907,59.9926,1893.03,1952.58,2719.24,0.7,7.474
45180000,225.3399,14.1545,59.9786,8030.56,6450.22,10293.27,0.78,7.5039
45240000,229.5182,4.0119,59.9364,1882.25,2301.57,2971.0,0.63,7.5431
45300000,229.3076,3.6245,59.9786,1864.62,1928.43,2682.51,0.7,7.556
45360000,225.5948,13.9941,59.9504,7945.23,6379.54,10187.88,0.78,7.5983
45420000,224.4536,13.9058,60.0067,7869.62,6286.76,10073.42,0.78,7.6432
45480000,229.0967,4.0045,59.9786,1876.0,2293.38,2960.62,0.63,7.687
45540000,224.175,13.9397,59.9926,7873.21,6306.54,10086.0,0.78,7.7123
45600000,228.7193,3.9676,59.9786,1854.01,2267.23,2929.03,0.63,7.756
45660000,224.3543,13.9313,60.0067,7901.38,6268.79,10087.36,0.78,7.7803
45720000,229.0139,3.9227,59.9786,1839.73,2243.99,2899.19,0.63,7.8126
45780000,224.5227,13.8063,60.0067,7808.24,6258.98,10003.24,0.78,7.8484
45840000,224.6797,13.9281,60.0348,7912.23,6289.9,10100.11,0.78,7.8718
45900000,227.4291,3.8671,60.0207,1800.15,2192.54,2836.84,0.63,7.9086
45960000,226.3605,3.482,59.9786,1770.95,1828.07,2544.16,0.7,7.9187
46020000,224.5802,3.4588,59.9504,1735.13,1808.94,2506.67,0.69,7.9288
46080000,228.2163,3.4926,59.9504,1785.72,1852.3,2572.09,0.69,7.9389
46140000,227.2012,3.4974,59.9504,1775.32,1849.68,2564.37,0.69,7.9491
46200000,225.0972,3.5051,59.9926,1762.32,1838.22,2545.91,0.69,7.9592
46260000,225.1839,3.5852,59.9926,1821.1,1862.93,2605.37,0.7,7.9694
46320000,225.7747,3.5085,60.0067,1779.91,1837.08,2556.71,0.7,7.9797
46380000,227.9985,3.4675,60.0348,1770.58,1837.24,2552.43,0.69,7.9899
46440000,226.873,3.4722,60.0488,1755.06,1839.62,2541.99,0.69,7.9999
46500000,226.8921,3.4427,60.0207,1740.41,1823.14,2520.64,0.69,8.0098
46560000,227.0433,3.4618,60.0207,1759.24,1826.67,2536.5,0.69,8.0199
46620000,226.7252,3.412,59.9504,1730.52,1802.38,2496.57,0.69,8.0298
46680000,227.2623,3.4321,59.9364,1753.2,1805.83,2517.04,0.7,8.0398
46740000,226.9377,3.4731,60.0067,1772.61,1826.89,2544.93,0.7,8.0497
46800000,226.5571,3.496,59.9926,1763.13,1851.93,2555.93,0.69,8.0597
46860000,226.4749,3.4474,59.9645,1737.03,1825.85,2519.22,0.69,8.0697
46920000,226.2351,3.4045,60.0207,1727.95,1791.58,2486.36,0.69,8.0796
46980000,226.5311,3.3667,59.9926,1701.89,1778.28,2461.39,0.69,8.0894
47040000,224.0519,3.4217,59.9926,1727.18,1769.27,2474.29,0.7,8.0991
47100000,225.4068,3.3766,59.9786,1696.65,1774.85,2456.06,0.69,8.109
47160000,228.0785,3.4073,59.9786,1721.55,1824.31,2507.51,0.69,8.1188
47220000,226.2174,3.4485,59.9645,1746.05,1816.49,2517.54,0.69,8.1287
47280000,226.7129,3.4231,59.9645,1721.29,1820.06,2504.24,0.69,8.1385
47340000,226.9728,3.3954,59.9786,1724.58,1794.97,2487.62,0.69,8.1482
47400000,227.5179,2.2498,60.0067,1205.62,1130.96,1651.53,0.73,8.1568
47460000,227.5543,1.8102,59.9786,958.57,920.9,1328.91,0.72,8.1625
47520000,226.6052,1.8192,59.9926,977.56,904.76,1331.45,0.73,8.168
47580000,229.0098,1.9555,60.0067,1056.56,988.36,1444.8,0.73,8.1737
47640000,229.3406,1.8308,60.0067,972.53,944.32,1354.43,0.72,8.1794
47700000,228.3762,1.8215,59.9786,969.06,930.22,1341.92,0.72,8.185
47760000,227.4788,1.807,60.0067,968.77,908.67,1327.24,0.73,8.1906
47820000,226.8381,1.8106,60.0348,978.55,898.64,1327.09,0.74,8.1961
47880000,227.1688,1.8632,59.9645,999.8,931.61,1366.14,0.73,8.2016
47940000,226.8825,1.7986,60.0067,954.5,908.84,1316.76,0.72,8.2072
48000000,227.1756,1.857,59.9645,984.14,940.25,1360.32,0.72,8.2127
48060000,227.9353,1.6599,59.9926,845.76,879.78,1220.86,0.69,8.2181
48120000,229.2938,1.743,60.0348,911.22,913.55,1289.08,0.71,8.2231
48180000,229.5625,1.7358,59.9645,923.09,896.69,1286.82,0.72,8.2283
48240000,230.8764,1.7269,60.0067,906.09,912.92,1286.38,0.7,8.2335
48300000,231.2714,1.7379,59.9786,910.65,922.79,1296.53,0.7,8.2387
48360000,228.7322,1.7254,59.9645,916.87,886.97,1274.54,0.72,8.2439
48420000,229.5284,1.723,59.9786,900.95,904.32,1275.83,0.71,8.249
48480000,228.8622,1.7115,59.9364,893.91,893.4,1263.8,0.71,8.2541
48540000,228.9505,1.7212,59.9645,897.43,900.37,1271.3,0.71,8.2593
48600000,228.8735,1.7411,59.9926,908.72,908.77,1285.21,0.71,8.2644
48660000,229.2177,1.6772,60.0067,872.25,882.33,1241.1,0.7,8.2694
48720000,228.5484,1.7,60.0348,879.75,894.11,1254.17,0.7,8.2744
48780000,222.5181,18.5882,60.0067,10865.9,7775.11,13348.62,0.81,8.2937
48840000,222.519,18.5948,60.0348,10873.37,7771.27,13353.75,0.81,8.3554
48900000,220.9267,18.4693,59.9645,10725.16,7659.25,13168.98,0.81,8.417
48960000,220.6637,18.4371,60.0207,10688.55,7623.63,13130.88,0.81,8.4783
49020000,220.5675,18.4117,59.9364,10672.83,7626.77,13106.4,0.81,8.5391
49080000,220.1389,18.3771,59.9926,10624.6,7588.07,13056.18,0.81,8.5998
49140000,220.3495,18.3577,59.9926,10615.15,7593.69,13054.34,0.81,8.6602
49200000,220.15,18.3634,60.0348,10627.18,7590.06,13047.15,0.81,8.7204
49260000,219.4021,18.3449,60.0348,10577.24,7550.69,12989.95,0.81,8.7806
49320000,220.1297,18.3971,59.9926,10635.06,7601.49,13069.66,0.81,8.8405
49380000,229.5871,1.6695,59.9083,869.32,882.37,1237.34,0.7,8.8698
49440000,228.6842,1.6771,59.9364,870.16,881.7,1238.12,0.7,8.8747
49500000,228.9546,1.7088,59.9786,889.96,896.03,1261.87,0.7,8.8797
49560000,226.98,1.6731,60.0207,865.97,868.76,1225.88,0.71,8.8847
49620000,227.4019,1.6739,59.9786,864.7,873.03,1228.6,0.7,8.8895
49680000,226.774,1.6699,60.0348,856.52,872.68,1221.75,0.7,8.8944
49740000,227.7239,1.6667,60.0207,861.88,870.92,1225.06,0.7,8.8993
49800000,228.1269,1.6304,60.0207,826.67,870.36,1200.12,0.69,8.9041
49860000,226.2063,4.933,60.0067,2265.63,2802.94,3601.17,0.63,8.9139
49920000,227.8768,4.1644,59.9645,1976.11,2338.37,3062.18,0.65,8.9267
49980000,227.8099,3.1578,59.9786,1577.2,1703.51,2321.64,0.68,8.9359
50040000,228.0782,3.1332,60.0207,1568.25,1692.05,2306.11,0.68,8.9448
50100000,227.2874,3.1231,59.9926,1556.75,1681.01,2291.68,0.68,8.9538
50160000,226.8516,3.5234,60.0067,1629.89,2000.87,2579.2,0.63,8.9734
50220000,222.8704,9.0884,59.9223,5176.19,4006.15,6539.79,0.79,8.9919
50280000,225.9416,3.1487,59.9645,1589.01,1656.96,2295.79,0.69,9.0105
50340000,223.4557,9.1163,59.9926,5126.9,4140.78,6584.42,0.78,9.0316
50400000,226.5558,3.1501,59.9504,1557.17,1698.44,2302.83,0.68,9.0455
50460000,225.7276,3.1689,59.9504,1571.12,1689.77,2308.0,0.68,9.0544
50520000,225.1171,3.1674,59.9364,1589.48,1665.32,2302.26,0.69,9.0634
50580000,226.2518,3.1722,60.0207,1599.91,1676.3,2317.25,0.69,9.0725
50640000,226.0201,3.8726,59.9504,2132.96,1855.91,2824.57,0.75,9.0833
50700000,227.6883,4.0994,59.9926,2293.4,1956.83,3012.35,0.76,9.0962
50760000,227.1318,4.0757,59.9926,2262.62,1953.46,2987.57,0.76,9.1091
50820000,224.9072,4.1322,60.0348,2283.25,1946.46,2999.18,0.76,9.122
50880000,225.3912,4.1123,59.9926,2282.04,1938.22,2991.44,0.76,9.1349
50940000,225.2065,4.1185,60.0207,2278.2,1941.63,2993.23,0.76,9.1479
51000000,225.0178,4.1331,60.0067,2286.09,1947.37,3001.42,0.76,9.1608
51060000,224.6589,4.0842,59.9645,2246.78,1932.34,2961.35,0.76,9.1736
51120000,224.7802,4.0922,59.9645,2249.74,1937.33,2968.68,0.76,9.1864
51180000,224.2124,4.1045,60.0067,2247.05,1940.75,2969.73,0.76,9.1992
51240000,225.6732,4.1355,60.0207,2288.21,1962.3,3012.01,0.76,9.2121
51300000,225.6615,4.128,60.0067,2282.34,1957.64,3006.18,0.76,9.2251
51360000,225.5998,4.0948,60.0488,2252.52,1952.79,2981.4,0.76,9.2378
51420000,225.9605,4.1028,59.9645,2258.34,1961.72,2991.98,0.76,9.2507
51480000,224.5361,4.1302,60.0348,2277.73,1945.91,2992.9,0.76,9.2635
51540000,224.2897,4.1082,60.0488,2249.09,1944.9,2973.84,0.76,9.2764
51600000,224.9183,4.1413,60.0488,2280.69,1957.44,3006.19,0.76,9.2893
51660000,225.2848,4.086,60.0348,2249.16,1943.82,2970.74,0.76,9.3021
51720000,225.0144,4.0965,60.0348,2253.05,1946.55,2974.76,0.76,9.3149
51780000,225.2955,4.105,59.9786,2257.87,1954.87,2984.74,0.76,9.3277
51840000,227.3291,4.0705,59.9645,2257.51,1955.04,2986.29,0.76,9.3406
51900000,226.791,4.0643,59.9926,2248.5,1948.87,2974.62,0.76,9.3534
51960000,226.3223,4.1438,59.9786,2299.79,1971.48,3026.61,0.76,9.3664
52020000,226.3135,4.1714,60.0207,2320.39,1976.74,3046.68,0.76,9.3795
52080000,224.5333,4.1502,59.9786,2281.77,1962.63,3007.28,0.76,9.3926
52140000,225.336,3.6094,59.9926,1773.17,1935.87,2625.06,0.68,9.4036
52200000,225.6663,3.9078,59.9504,1793.01,2209.69,2846.01,0.63,9.4138
52260000,225.1997,4.01,60.0348,1838.79,2258.8,2912.33,0.63,9.4248
52320000,224.9039,4.0278,59.9926,1855.43,2258.64,2923.6,0.63,9.4353
52380000,225.4385,4.0204,60.0348,1854.82,2264.47,2924.99,0.63,9.4459
52440000,225.1799,4.022,60.0067,1851.51,2262.21,2922.73,0.63,9.4564
52500000,224.8753,3.6931,60.0067,1825.16,1962.17,2680.16,0.68,9.4666
52560000,225.5706,3.6344,59.9926,1804.8,1935.4,2645.54,0.68,9.477
52620000,225.6285,3.6442,59.9926,1807.73,1944.96,2653.57,0.68,9.4873
52680000,225.9012,3.6557,59.9786,1815.97,1951.94,2665.25,0.68,9.4976
52740000,225.8878,3.6528,60.0067,1812.62,1951.3,2662.94,0.68,9.5079
52800000,224.1056,3.6747,60.0207,1814.77,1944.03,2657.65,0.68,9.5182
52860000,223.9522,3.667,60.0207,1810.4,1935.72,2650.42,0.68,9.5285
52920000,224.4816,3.6632,60.0067,1812.34,1937.77,2653.95,0.68,9.5388
52980000,224.4076,3.6552,59.9926,1805.75,1936.24,2647.11,0.68,9.549
53040000,224.2147,3.6768,60.0207,1814.29,1946.79,2660.49,0.68,9.5593
53100000,222.3195,3.6628,60.0348,1799.42,1914.98,2628.3,0.68,9.5696
53160000,224.545,3.5927,59.9786,1790.98,1889.62,2603.57,0.69,9.5798
53220000,223.7595,3.6171,60.0207,1786.7,1906.29,2612.26,0.68,9.5899
53280000,223.6768,3.6289,60.0207,1793.02,1909.1,2619.51,0.68,9.6001
53340000,224.0328,3.6221,59.9645,1790.18,1913.42,2618.97,0.68,9.6102
53400000,222.6509,3.6699,60.0207,1817.53,1913.36,2636.92,0.69,9.6204
53460000,222.7091,3.6961,59.9786,1815.28,1942.18,2656.36,0.68,9.6308
53520000,222.7751,3.7194,60.0207,1819.92,1958.71,2674.09,0.68,9.6412
53580000,223.8233,3.7164,59.9786,1823.71,1973.13,2684.56,0.68,9.6515
53640000,223.3774,3.7174,60.0348,1825.36,1963.18,2679.98,0.68,9.6619
53700000,222.2863,3.7197,60.0207,1821.81,1949.99,2668.6,0.68,9.6722
53760000,220.607,3.7091,60.091,1815.86,1919.33,2641.04,0.69,9.6825
53820000,222.1962,3.7175,60.0488,1820.76,1949.03,2665.83,0.68,9.6928
53880000,227.9625,3.6533,60.0067,1818.45,1979.86,2687.77,0.68,9.7032
53940000,228.0641,3.668,60.0207,1826.3,1991.0,2699.71,0.68,9.7137
54000000,227.6353,3.6831,60.0488,1831.05,1995.35,2705.81,0.68,9.7241
54060000,222.5193,3.7228,60.0348,1818.79,1962.3,2673.42,0.68,9.7344
54120000,223.357,3.7131,60.0207,1816.14,1965.93,2676.61,0.68,9.7447
54180000,224.0589,3.7032,59.9926,1813.86,1968.8,2677.64,0.68,9.7551
54240000,225.8909,3.6577,59.9786,1806.37,1960.76,2665.29,0.68,9.7654
54300000,226.0718,3.6761,59.9083,1820.17,1969.49,2682.08,0.68,9.7758
54360000,225.812,3.683,59.9223,1819.02,1972.3,2683.74,0.68,9.7861
54420000,227.3635,3.6309,59.9223,1807.4,1956.99,2664.33,0.68,9.7964
54480000,227.1985,3.6408,59.9504,1823.48,1949.31,2669.54,0.68,9.8067
54540000,228.1883,3.6359,59.9223,1824.52,1960.11,2677.56,0.68,9.8171
54600000,228.8109,3.5848,59.9364,1787.56,1953.86,2647.15,0.67,9.8273
54660000,228.8374,3.6052,59.9645,1801.71,1962.34,2662.46,0.68,9.8375
54720000,224.2196,3.6291,59.9223,1792.35,1922.59,2626.2,0.68,9.8477
54780000,225.607,3.6385,59.9504,1804.39,1940.76,2649.17,0.68,9.8579
54840000,225.4687,3.6755,59.9926,1837.69,1943.69,2673.92,0.69,9.8682
54900000,225.5474,3.6206,60.0207,1824.63,1901.25,2635.76,0.69,9.8785
54960000,224.5673,3.6448,59.9504,1813.6,1920.55,2641.78,0.69,9.8889
55020000,224.4655,3.6309,59.9645,1801.84,1918.99,2630.18,0.68,9.8992
55080000,226.6465,3.641,59.9504,1822.21,1945.28,2663.4,0.68,9.9095
55140000,226.7899,3.644,60.077,1824.11,1947.98,2667.2,0.68,9.9198
55200000,226.6546,3.5958,60.0629,1792.77,1925.32,2629.73,0.68,9.9301
55260000,226.4939,3.6322,60.077,1815.7,1940.24,2655.15,0.68,9.9404
55320000,225.0372,3.5734,60.0488,2282.37,1241.52,2595.29,0.88,9.9511
55380000,225.4053,3.5477,60.0629,2265.37,1235.6,2580.5,0.88,9.9641
55440000,225.1801,3.5522,60.077,2271.26,1226.5,2581.49,0.88,9.977
55500000,225.3867,3.4968,60.0207,2237.68,1214.94,2543.59,0.88,9.9898
55560000,223.873,3.5136,60.0067,2229.59,1217.79,2538.56,0.88,10.0025
55620000,224.8853,3.5219,59.9926,2244.48,1225.34,2556.09,0.88,10.0153
55680000,225.0975,3.5505,59.9926,2260.88,1242.09,2579.35,0.88,10.0281
55740000,224.7233,3.5291,60.0348,2244.98,1233.71,2559.58,0.88,10.0409
55800000,225.8988,3.519,60.0348,2254.44,1229.93,2565.67,0.88,10.0537
55860000,225.7001,3.5124,60.0207,2245.17,1225.96,2558.27,0.88,10.0664
55920000,226.4205,3.5027,60.1051,2251.45,1220.34,2559.41,0.88,10.0792
55980000,224.3974,3.5276,60.0067,2239.12,1231.32,2554.63,0.88,10.0919
56040000,224.8765,3.5191,60.0488,2242.46,1223.08,2554.06,0.88,10.1046
56100000,224.3801,3.478,60.0348,2212.02,1206.53,2518.62,0.88,10.1174
56160000,225.3216,3.5157,60.0348,2246.56,1220.11,2556.53,0.88,10.13
56220000,225.6875,3.4967,59.9504,2238.15,1215.93,2546.88,0.88,10.1428
56280000,224.1125,3.5293,60.0207,2247.28,1214.22,2554.12,0.88,10.1555
56340000,226.4745,3.5068,60.0067,2254.5,1223.9,2563.26,0.88,10.1683
56400000,226.768,3.501,60.0207,2252.36,1221.52,2562.19,0.88,10.181
56460000,226.8311,3.5101,60.0067,2261.4,1226.97,2569.69,0.88,10.1938
56520000,226.6047,3.5115,60.0488,2255.91,1232.92,2568.02,0.88,10.2066
56580000,226.4556,3.5113,60.0488,2256.01,1227.29,2566.44,0.88,10.2195
56640000,225.6535,3.5063,60.0629,2243.56,1218.6,2553.36,0.88,10.2322
56700000,225.0329,3.5096,60.0488,2237.46,1224.54,2548.5,0.88,10.2449
56760000,223.7049,3.4851,60.0488,2210.76,1201.78,2516.34,0.88,10.2576
56820000,224.7053,3.528,60.091,2242.7,1234.09,2558.6,0.88,10.2703
56880000,224.2607,3.5079,60.0488,2229.04,1216.54,2538.92,0.88,10.2829
56940000,224.1707,3.4984,60.091,2220.77,1219.8,2531.02,0.88,10.2955
57000000,225.9444,2.7382,60.0207,1777.21,914.56,1997.63,0.89,10.3057
57060000,226.0465,2.7646,60.0488,1780.04,948.14,2016.86,0.88,10.3158
57120000,225.5297,2.7317,60.0629,1756.88,928.25,1987.43,0.88,10.3258
57180000,224.7164,2.7687,60.1191,1783.98,930.2,2009.84,0.89,10.3357
57240000,224.61,2.7782,60.0629,1777.1,947.57,2013.93,0.88,10.3457
57300000,223.3999,2.7345,60.1191,1741.32,928.08,1971.55,0.88,10.3557
57360000,225.2335,2.7765,59.9926,1782.64,945.77,2018.22,0.88,10.3657
57420000,223.3744,2.7953,60.0348,1773.38,961.5,2014.89,0.88,10.3757
57480000,225.1724,2.7707,60.0067,1780.05,943.3,2013.44,0.88,10.3858
57540000,222.712,2.7885,59.9786,1765.97,948.35,2004.17,0.88,10.3959
57600000,225.5065,3.9942,59.9504,2016.1,2093.46,2906.73,0.69,10.4065
57660000,224.8113,3.7111,59.9926,1839.41,1966.22,2692.49,0.68,10.417
57720000,224.5544,3.7302,59.9645,1855.23,1968.16,2703.31,0.69,10.4275
57780000,223.4604,3.7708,60.0067,1865.48,1980.16,2719.26,0.69,10.4381
57840000,225.1775,3.7497,59.9786,1859.86,1990.19,2724.79,0.68,10.4487
57900000,221.1505,3.7851,59.9926,1857.9,1961.15,2701.49,0.69,10.4592
57960000,222.1461,3.7329,59.9504,1839.77,1944.17,2676.29,0.69,10.4698
58020000,223.8366,3.699,59.9504,1831.36,1947.18,2672.07,0.68,10.4802
58080000,221.9855,3.7265,59.9364,1832.22,1943.88,2669.65,0.69,10.4907
58140000,222.0201,3.6778,59.9926,1799.17,1927.3,2635.19,0.68,10.5009
58200000,224.1257,3.6943,59.9926,1822.45,1953.0,2671.89,0.68,10.5109
58260000,225.5229,3.6792,59.9786,1819.19,1967.71,2677.8,0.68,10.5212
58320000,225.6013,3.6626,60.0207,1810.3,1961.0,2666.73,0.68,10.5316
58380000,224.1907,3.6941,59.9926,1815.95,1960.56,2672.79,0.68,10.5419
58440000,225.4747,3.6535,60.0067,1804.73,1951.61,2658.65,0.68,10.5522
58500000,223.9511,3.6762,60.0067,1807.21,1950.26,2657.01,0.68,10.5625
58560000,223.9687,3.6692,60.0207,1802.26,1944.84,2652.18,0.68,10.5728
58620000,223.8566,3.6582,59.9786,1799.01,1938.94,2642.81,0.68,10.583
58680000,224.1925,3.649,59.9926,1792.17,1939.14,2640.03,0.68,10.5932
58740000,224.463,3.6348,60.0067,1789.91,1930.32,2632.98,0.68,10.6034
58800000,224.5135,3.6424,60.0348,1791.6,1939.24,2639.16,0.68,10.6136
58860000,226.0951,3.6291,60.0067,1790.97,1952.83,2648.05,0.68,10.6238
58920000,227.2041,3.6132,60.0207,1787.18,1958.48,2649.31,0.67,10.6339
58980000,227.0818,3.6031,60.0207,1782.32,1950.88,2640.52,0.67,10.6441
59040000,225.8753,3.6169,60.0067,1785.12,1942.27,2637.94,0.68,10.6541
59100000,225.3526,3.5959,60.0207,1767.99,1927.1,2615.14,0.68,10.6642
59160000,225.3059,3.6162,60.0067,1779.0,1935.53,2629.38,0.68,10.6742
59220000,225.3965,3.6054,60.0207,1774.81,1930.22,2622.67,0.68,10.6843
59280000,226.7894,3.5983,60.0067,1776.38,1944.41,2633.65,0.67,10.6944
59340000,227.0249,3.5938,60.0067,1775.06,1945.83,2632.99,0.67,10.7046
59400000,226.6706,3.5884,59.9504,1772.04,1935.66,2624.97,0.68,10.7146
59460000,226.8525,3.6013,60.0067,1775.82,1948.42,2636.49,0.67,10.7247
59520000,226.0579,3.6044,59.9786,1776.47,1938.55,2629.49,0.68,10.7348
59580000,225.3151,3.6043,59.9926,1772.19,1931.85,2621.1,0.68,10.7449
59640000,226.5546,3.5926,59.9645,1772.08,1937.25,2626.53,0.68,10.755
59700000,227.6851,3.5794,59.9645,1771.75,1943.34,2630.21,0.67,10.765
59760000,227.8392,3.5927,59.9364,1780.5,1953.7,2641.85,0.67,10.7751
59820000,227.7967,3.5985,59.9364,1777.87,1960.65,2645.6,0.67,10.7852
59880000,226.5309,3.6064,59.9786,1778.15,1948.74,2636.53,0.67,10.7953
59940000,225.734,3.6031,59.9926,1786.72,1925.65,2624.79,0.68,10.8054
60000000,226.2802,3.7503,60.0207,1937.56,1934.82,2738.75,0.71,10.8161
60060000,226.5607,3.7482,60.0067,1934.47,1943.33,2740.64,0.71,10.827
60120000,226.2798,3.756,59.9926,1934.85,1943.01,2742.89,0.71,10.838
60180000,218.8302,20.4348,59.9786,11613.9,8576.71,14431.98,0.8,10.8746
60240000,226.8628,3.7445,60.0348,1930.09,1946.32,2741.46,0.7,10.9023
60300000,227.0734,3.6961,60.0067,1910.56,1921.09,2708.58,0.7,10.9132
60360000,226.9212,3.7275,60.0348,1923.12,1940.54,2729.84,0.7,10.9241
60420000,227.2741,3.7158,60.0629,1918.38,1935.21,2725.35,0.7,10.9349
60480000,227.2057,3.5469,59.9926,1781.14,1898.23,2600.92,0.68,10.9455
60540000,228.8002,3.5272,59.9926,1761.79,1919.7,2604.41,0.68,10.9556
60600000,228.7969,3.4532,59.9926,1711.72,1889.2,2549.76,0.67,10.9654
60660000,228.9219,3.4637,60.0207,1720.52,1896.91,2558.83,0.67,10.9751
60720000,227.3107,3.443,60.0067,1704.93,1863.84,2525.75,0.67,10.9848
60780000,227.7105,3.4567,59.9786,1708.49,1879.07,2540.17,0.67,10.9945
60840000,225.7672,3.4456,59.9645,1697.41,1847.84,2509.88,0.68,11.0043
60900000,227.3788,3.4869,59.9926,1729.84,1884.65,2558.71,0.68,11.014
60960000,227.2056,3.4797,60.0348,1723.71,1883.65,2551.44,0.67,11.0238
61020000,226.7089,3.4717,60.077,1717.88,1869.95,2539.62,0.68,11.0335
61080000,227.4711,3.4891,60.0488,1760.67,1861.5,2561.46,0.69,11.0433
61140000,227.497,3.5327,60.0488,1776.21,1889.45,2593.56,0.69,11.0533
61200000,228.1467,3.4852,59.9926,1751.27,1876.52,2566.15,0.68,11.0632
61260000,229.4582,3.4749,60.0067,1744.78,1892.55,2573.15,0.68,11.0731
61320000,229.467,3.4876,60.0488,1738.05,1910.47,2582.72,0.67,11.0829
61380000,225.6877,3.4877,60.0488,1728.8,1863.49,2540.17,0.68,11.0927
61440000,224.4323,3.4844,60.0067,1719.22,1849.1,2523.95,0.68,11.1025
61500000,220.509,3.4214,59.9786,1635.43,1804.91,2432.83,0.67,11.1122
61560000,221.1643,3.3487,60.0067,1623.48,1757.11,2390.84,0.68,11.1221
61620000,221.2148,3.4801,59.9786,1693.04,1821.78,2485.51,0.68,11.132
61680000,222.5888,3.5716,59.9645,1748.68,1877.0,2565.72,0.68,11.1419
61740000,221.9649,3.5785,59.9645,1750.43,1875.63,2563.44,0.68,11.1518
61800000,224.7258,3.5693,59.9504,1759.23,1901.8,2588.6,0.68,11.1618
61860000,222.5524,3.5824,59.9645,1751.92,1884.3,2573.29,0.68,11.1717
61920000,224.2842,3.5696,59.9645,1755.52,1894.92,2583.7,0.68,11.1816
61980000,221.6191,3.6103,59.9786,1763.72,1887.2,2582.17,0.68,11.1916
62040000,224.5879,3.5915,59.9364,1765.2,1914.38,2602.93,0.68,11.2015
62100000,224.8231,3.5832,59.9926,1766.82,1907.8,2599.66,0.68,11.2114
62160000,224.2131,3.5884,59.9786,1763.48,1905.52,2596.55,0.68,11.2214
62220000,225.0439,3.5746,59.9504,1756.73,1912.28,2596.22,0.68,11.2313
62280000,225.5449,3.5763,59.9364,1762.97,1917.62,2603.17,0.68,11.2413
62340000,225.8385,3.571,59.9786,1757.29,1921.72,2602.62,0.67,11.2512
62400000,225.8845,3.5714,59.9926,1762.19,1916.18,2603.5,0.68,11.2612
62460000,225.9639,3.5775,59.9504,1760.78,1925.0,2608.74,0.67,11.2711
62520000,225.7127,3.5778,59.9364,1763.9,1918.02,2606.1,0.68,11.2811
62580000,226.1038,3.5601,59.9645,1758.53,1914.35,2597.85,0.68,11.291
62640000,225.8405,3.5809,59.9645,1767.13,1921.89,2609.96,0.68,11.301
62700000,225.3493,3.591,59.9926,1769.56,1922.57,2611.58,0.68,11.311
62760000,225.838,3.5716,60.0488,1764.19,1914.93,2603.19,0.68,11.3209
62820000,225.5566,3.5642,59.9786,1758.92,1906.42,2594.59,0.68,11.3309
62880000,226.0714,3.5801,59.9926,1766.62,1924.92,2611.79,0.68,11.3409
62940000,226.1385,3.5683,59.9926,1764.07,1918.26,2604.33,0.68,11.3508
63000000,226.7456,3.5519,60.0348,1759.56,1915.36,2599.11,0.68,11.3608
63060000,226.7406,3.5497,59.9926,1760.35,1912.49,2597.59,0.68,11.3707
63120000,226.9612,3.5567,59.9926,1759.62,1920.35,2605.19,0.68,11.3806
63180000,226.7925,3.5634,60.0207,1762.49,1925.29,2608.24,0.67,11.3905
63240000,226.8099,3.5317,59.9786,1730.89,1919.83,2583.99,0.67,11.4005
63300000,226.8774,3.3897,59.9926,1628.35,1871.53,2480.4,0.66,11.4104
63360000,226.1207,3.3676,60.0067,1640.54,1831.19,2458.25,0.67,11.4204
63420000,226.1826,3.4915,59.9786,1720.38,1881.52,2549.91,0.67,11.4304
63480000,226.7508,3.5581,59.9786,1765.28,1917.42,2604.38,0.68,11.4403
63540000,225.8618,3.5502,60.0348,1756.47,1902.85,2587.75,0.68,11.4503
63600000,225.6688,3.547,59.9645,1749.58,1899.84,2583.07,0.68,11.4602
63660000,225.747,3.5559,59.9786,1758.27,1903.2,2590.71,0.68,11.4701
63720000,225.3715,3.5757,59.9364,1765.8,1912.3,2600.6,0.68,11.48
63780000,225.5262,3.5728,59.9364,1761.35,1912.46,2600.42,0.68,11.49
63840000,225.7071,3.5633,59.9364,1761.12,1909.77,2595.78,0.68,11.5
63900000,223.4246,3.5906,59.9504,1763.14,1896.83,2589.11,0.68,11.5099
63960000,225.8589,3.5557,59.9504,1754.95,1909.63,2591.63,0.68,11.5198
64020000,226.2261,3.5622,59.9786,1761.52,1914.01,2600.64,0.68,11.5298
64080000,225.9193,3.5624,59.9504,1759.53,1912.77,2597.37,0.68,11.5397
64140000,226.0554,3.5516,59.9504,1755.86,1904.91,2590.95,0.68,11.5496
64200000,225.8817,3.5679,59.9926,1763.37,1914.4,2600.88,0.68,11.5595
64260000,225.8227,3.5725,59.9786,1762.88,1917.78,2603.58,0.68,11.5695
64320000,225.9218,3.5712,59.9926,1761.03,1920.77,2603.69,0.68,11.5794
64380000,224.1327,3.5809,59.9645,1756.94,1905.33,2590.23,0.68,11.5894
64440000,224.6999,3.5727,59.9645,1752.28,1910.41,2590.83,0.68,11.5993
64500000,224.0762,3.5719,59.9926,1753.77,1895.61,2582.95,0.68,11.6092
64560000,224.0997,3.5954,59.9926,1763.16,1911.51,2600.33,0.68,11.6191
64620000,226.5217,3.5586,59.9786,1756.86,1918.71,2601.39,0.68,11.6291
64680000,224.3522,3.5729,59.9504,1757.03,1901.26,2586.87,0.68,11.6391
64740000,226.0136,3.5467,59.9786,1753.39,1901.67,2587.04,0.68,11.649
64800000,225.4769,3.567,59.9504,1749.92,1915.72,2595.37,0.67,11.6589
64860000,224.6797,3.5627,59.9504,1752.89,1897.85,2583.23,0.68,11.6688
64920000,224.5917,3.579,59.9504,1762.28,1904.88,2594.19,0.68,11.6787
64980000,225.9102,3.5508,59.9364,1754.32,1906.1,2588.72,0.68,11.6887
65040000,225.6507,3.5176,59.9504,1713.76,1904.27,2560.21,0.67,11.6986
65100000,225.707,3.3466,59.9926,1609.21,1831.52,2436.84,0.66,11.7085
65160000,225.8812,3.4072,59.9083,1669.51,1840.77,2484.77,0.67,11.7184
65220000,226.0195,3.5147,59.9364,1742.78,1883.56,2564.76,0.68,11.7284
65280000,225.9548,3.5533,59.9786,1755.75,1907.1,2591.36,0.68,11.7383
65340000,225.6205,3.5471,59.9364,1749.78,1899.79,2582.9,0.68,11.7482
65400000,225.5836,3.5553,59.9083,1753.72,1902.97,2588.31,0.68,11.7581
65460000,225.5458,3.5796,59.9926,1769.8,1914.61,2605.64,0.68,11.7681
65520000,225.527,3.5874,59.9926,1772.02,1919.38,2611.13,0.68,11.778
65580000,225.8941,3.5447,59.9786,1754.55,1899.6,2583.92,0.68,11.788
65640000,225.7262,3.552,59.9926,1754.68,1901.65,2587.61,0.68,11.7979
65700000,225.8214,3.5457,59.9786,1753.48,1901.13,2584.23,0.68,11.8078
65760000,225.5841,3.5374,59.9504,1747.63,1894.13,2575.3,0.68,11.8177
65820000,225.4901,3.5683,59.9786,1762.04,1906.72,2596.7,0.68,11.8276
65880000,226.4315,3.5483,59.9786,1755.06,1910.28,2592.91,0.68,11.8375
65940000,227.4093,3.5307,59.9645,1751.6,1912.18,2591.27,0.67,11.8474
66000000,227.3921,3.5375,59.9926,1757.42,1913.42,2595.89,0.68,11.8574
66060000,227.1557,3.5341,59.9645,1747.84,1913.3,2590.72,0.67,11.8673
66120000,226.9983,3.5358,59.9504,1750.96,1911.69,2590.4,0.67,11.8772
66180000,225.7822,3.559,59.9645,1761.14,1905.45,2593.37,0.68,11.8871
66240000,225.8867,3.5434,59.9364,1752.01,1899.57,2583.0,0.68,11.897
66300000,225.8111,3.5468,60.0348,1753.28,1898.53,2584.75,0.68,11.9069
66360000,225.4906,3.543,60.0067,1750.17,1892.91,2578.18,0.68,11.9168
66420000,225.8816,3.5555,59.9645,1756.82,1908.27,2591.96,0.68,11.9267
66480000,225.5076,3.5617,60.0067,1761.1,1901.66,2592.19,0.68,11.9366
66540000,225.6908,3.5535,60.0067,1757.15,1903.14,2588.24,0.68,11.9466
66600000,225.6246,3.5608,59.9926,1760.14,1903.99,2592.87,0.68,11.9565
66660000,225.6828,3.5486,60.0629,1755.0,1899.67,2584.51,0.68,11.9664
66720000,225.579,3.5589,60.0207,1758.92,1903.99,2590.89,0.68,11.9764
66780000,225.7096,3.5543,60.0067,1756.19,1903.69,2588.99,0.68,11.9863
66840000,225.2347,3.475,60.0488,1681.15,1883.45,2524.15,0.67,11.9962
66900000,225.1989,3.3127,60.0207,1598.83,1802.03,2408.03,0.66,12.0061
66960000,225.4849,3.4195,60.0207,1671.82,1843.83,2489.27,0.67,12.016
67020000,225.4452,3.5156,60.0348,1743.03,1874.27,2558.71,0.68,12.0259
67080000,226.3463,3.5364,60.0067,1753.09,1899.83,2583.25,0.68,12.0358
67140000,226.3902,3.5376,60.0207,1748.28,1903.22,2584.61,0.68,12.0457
67200000,227.5934,3.5381,60.0067,1755.29,1917.83,2598.73,0.67,12.0556
67260000,227.5623,3.5328,60.0207,1750.25,1914.61,2594.56,0.67,12.0655
67320000,227.5897,3.5282,59.9926,1754.66,1908.58,2591.39,0.68,12.0755
67380000,227.9038,3.5362,59.9786,1755.54,1919.31,2601.02,0.67,12.0854
67440000,226.561,3.5446,59.9786,1755.82,1909.13,2591.75,0.68,12.0953
67500000,226.2203,3.5461,59.9786,1751.37,1907.94,2588.95,0.68,12.1052
67560000,226.2432,3.5604,59.9786,1758.67,1914.49,2599.61,0.68,12.1151
67620000,227.0557,3.5432,60.0067,1755.04,1915.97,2596.3,0.67,12.125
67680000,227.1252,3.5377,60.0207,1752.4,1911.8,2593.1,0.68,12.135
67740000,226.9536,3.5319,59.9786,1749.36,1904.74,2586.86,0.68,12.1448
67800000,226.9874,3.5363,60.0348,1751.04,1910.51,2590.57,0.68,12.1547
67860000,226.877,3.5378,59.9786,1753.28,1909.45,2590.31,0.68,12.1647
67920000,226.7495,3.5342,59.9786,1749.33,1906.57,2586.31,0.68,12.1745
67980000,227.0371,3.5464,60.0207,1757.6,1915.65,2598.42,0.68,12.1844
68040000,227.0672,3.5302,59.9786,1751.81,1906.24,2586.94,0.68,12.1943
68100000,227.0146,3.5242,59.9926,1745.74,1901.51,2581.89,0.68,12.2042
68160000,227.2796,3.5354,59.9926,1751.61,1914.22,2593.15,0.67,12.2141
68220000,228.7173,3.5241,59.9926,1756.63,1921.48,2601.31,0.67,12.2241
68280000,228.6207,3.5398,59.9926,1758.61,1933.24,2611.73,0.67,12.234
68340000,228.778,3.5168,59.9786,1753.82,1914.99,2596.54,0.68,12.2439
68400000,228.6428,3.5216,59.9645,1753.13,1920.42,2598.6,0.67,12.2538
68460000,228.7117,3.519,59.9786,1751.24,1917.53,2597.43,0.67,12.2637
68520000,227.2609,3.5459,60.0348,1759.25,1914.55,2600.69,0.68,12.2737
68580000,227.3314,3.5422,59.9926,1753.86,1918.53,2598.49,0.67,12.2836
68640000,227.552,3.3793,59.9786,1638.19,1864.66,2479.79,0.66,12.2935
68700000,227.3661,3.3529,59.9926,1644.87,1831.46,2461.14,0.67,12.3034
68760000,227.5047,3.453,60.0348,1706.38,1877.74,2536.09,0.67,12.3134
68820000,227.5378,3.5392,60.0067,1760.77,1914.47,2599.29,0.68,12.3233
68880000,227.1655,3.5317,60.0207,1752.41,1906.14,2589.16,0.68,12.3332
68940000,226.4048,3.5553,60.0488,1761.36,1908.74,2597.95,0.68,12.3432
69000000,226.5641,3.5311,60.0207,1752.55,1896.5,2581.88,0.68,12.3531
69060000,227.0796,3.5247,59.9926,1751.23,1897.89,2582.98,0.68,12.363
69120000,226.7945,3.5295,60.0067,1753.25,1898.8,2583.33,0.68,12.3729
69180000,227.0258,3.5341,60.0348,1755.93,1906.21,2589.36,0.68,12.3828
69240000,228.4827,3.5143,60.0207,1752.49,1911.64,2591.22,0.68,12.3927
69300000,228.303,3.5186,59.9645,1757.24,1906.95,2592.53,0.68,12.4026
69360000,228.4922,3.5038,60.0067,1748.04,1902.08,2583.75,0.68,12.4125
69420000,228.0883,3.4993,60.0067,1744.31,1897.42,2575.85,0.68,12.4224
69480000,228.3868,3.511,60.0067,1748.59,1906.81,2587.81,0.68,12.4323
69540000,226.9352,3.5153,59.9786,1748.81,1891.84,2574.46,0.68,12.4422
69600000,226.5451,3.518,60.0067,1743.88,1892.95,2571.54,0.68,12.452
69660000,226.8283,3.5274,59.9926,1750.25,1897.31,2582.19,0.68,12.4619
69720000,227.1668,3.5246,60.0067,1752.85,1901.56,2583.92,0.68,12.4718
69780000,226.8308,3.5135,60.0207,1745.42,1888.58,2571.89,0.68,12.4817
69840000,227.1174,3.533,60.0067,1757.29,1901.83,2589.63,0.68,12.4916
69900000,227.7905,3.5239,59.9645,1755.82,1904.04,2590.66,0.68,12.5015
69960000,227.7629,3.4563,60.0067,1727.51,1862.19,2540.65,0.68,12.5113
70020000,227.3056,3.4485,59.9786,1715.95,1857.89,2529.71,0.68,12.5211
70080000,227.7054,3.4409,59.9786,1717.19,1856.38,2528.52,0.68,12.5308
70140000,227.4724,3.4383,60.0067,1714.47,1853.02,2524.04,0.68,12.5405
70200000,228.9273,3.434,59.9926,1721.71,1866.4,2537.21,0.68,12.5502
70260000,227.3968,3.4566,60.0067,1723.09,1861.62,2536.74,0.68,12.5599
70320000,226.9935,3.4557,60.0067,1721.94,1857.55,2531.48,0.68,12.5696
70380000,227.0965,3.3494,59.9926,1644.2,1824.08,2453.12,0.67,12.5793
70440000,227.1173,2.4501,60.0207,1610.9,797.79,1795.85,0.9,12.5891
70500000,227.1335,2.5363,60.0067,1678.55,804.61,1860.16,0.9,12.5991
70560000,225.7984,2.6416,60.0067,1730.96,843.55,1926.02,0.9,12.609
70620000,225.6736,2.7033,60.0348,1760.38,883.45,1968.89,0.89,12.619
70680000,226.1163,2.7101,60.0348,1769.03,887.9,1977.75,0.89,12.6289
70740000,226.1865,2.7134,59.9786,1770.64,891.88,1980.73,0.89,12.6389
70800000,226.1458,2.7107,59.9926,1768.87,890.78,1978.27,0.89,12.6489
70860000,226.2469,2.7011,59.9786,1765.69,882.48,1972.35,0.89,12.6589
70920000,226.6559,2.6956,59.9926,1764.63,879.47,1971.81,0.9,12.6688
70980000,226.7365,2.6906,60.0067,1761.83,879.23,1968.85,0.89,12.6788
71040000,225.9614,3.576,59.9926,1796.35,1893.55,2607.84,0.69,12.689
71100000,225.994,3.4765,59.9926,1733.29,1853.32,2535.52,0.68,12.6989
71160000,225.5857,3.4517,60.0067,1713.91,1839.51,2512.81,0.68,12.7087
71220000,227.7743,3.446,59.9926,1720.32,1858.28,2533.06,0.68,12.7184
71280000,228.1441,3.4442,60.0488,1720.4,1864.09,2536.01,0.68,12.7281
71340000,228.3807,3.4396,59.9364,1725.25,1860.17,2535.34,0.68,12.7378
71400000,228.0447,3.4523,60.0067,1728.57,1865.05,2540.83,0.68,12.7476
71460000,228.1828,3.4408,60.0067,1721.48,1859.67,2533.89,0.68,12.7573
71520000,227.8909,3.4457,60.0348,1725.07,1858.98,2534.12,0.68,12.767
71580000,226.5306,3.4501,60.0067,1721.86,1843.7,2522.36,0.68,12.7767
71640000,226.9714,3.4457,59.9504,1719.53,1847.86,2524.02,0.68,12.7864
71700000,226.3659,3.46,59.9926,1725.09,1850.19,2527.69,0.68,12.7962
71760000,226.9831,3.4573,60.0488,1727.61,1853.68,2532.66,0.68,12.8059
71820000,227.2289,3.4498,59.9786,1721.52,1855.13,2529.94,0.68,12.8156
71880000,226.3652,3.4558,60.0067,1725.28,1845.81,2524.55,0.68,12.8254
71940000,226.7166,3.4507,59.9926,1719.94,1847.71,2524.9,0.68,12.8351
72000000,226.4693,3.454,60.0207,1721.87,1847.89,2524.55,0.68,12.8449
72060000,226.6461,3.46,59.9926,1726.15,1849.94,2530.79,0.68,12.8546
72120000,226.534,3.447,60.0067,1713.76,1848.24,2519.57,0.68,12.8643
72180000,226.2606,3.3096,60.0488,1602.0,1809.67,2414.76,0.66,12.874
72240000,227.8411,3.2737,59.9645,1609.69,1789.55,2407.93,0.67,12.8838
72300000,227.5551,3.3551,59.9786,1666.22,1817.78,2464.83,0.68,12.8935
72360000,227.189,3.4529,59.9786,1722.94,1854.52,2531.75,0.68,12.9032
72420000,227.1408,3.4508,60.0067,1718.76,1858.27,2529.26,0.68,12.913
72480000,227.4989,3.4458,59.9786,1723.22,1854.11,2530.01,0.68,12.9227
72540000,227.3502,3.0589,59.9926,1446.01,1715.76,2244.58,0.64,12.9323
72600000,227.1995,3.4415,59.9504,1720.11,1848.4,2523.49,0.68,12.9417
72660000,225.6319,3.4571,59.9504,1721.62,1838.25,2517.35,0.68,12.9515
72720000,225.2331,3.4515,59.9645,1717.73,1831.27,2508.97,0.68,12.9612
72780000,225.5674,3.4502,59.9645,1717.12,1835.18,2511.68,0.68,12.9709
72840000,224.965,3.4647,59.9786,1719.34,1835.14,2515.46,0.68,12.9806
72900000,224.8733,3.4659,59.9364,1720.52,1836.92,2515.43,0.68,12.9903
72960000,225.5818,2.7067,59.9364,1761.02,888.29,1970.64,0.89,13.0002
73020000,225.8951,2.7136,59.9364,1769.69,886.83,1978.3,0.89,13.0102
73080000,226.1358,2.7042,59.9223,1765.95,885.64,1973.5,0.89,13.0201
73140000,225.9256,2.709,59.9786,1767.39,886.46,1975.07,0.89,13.0301
73200000,226.3486,2.6963,59.9504,1762.91,879.95,1969.66,0.89,13.0401
73260000,227.8241,2.6787,59.9645,1766.25,875.93,1969.57,0.9,13.0501
73320000,227.6121,2.6799,59.9786,1765.9,874.9,1968.6,0.9,13.06
73380000,227.9817,2.689,59.9083,1772.19,879.51,1978.43,0.9,13.07
73440000,227.8721,2.6911,59.9645,1770.45,887.15,1979.01,0.89,13.08
73500000,228.0729,2.6879,59.9645,1773.38,882.21,1978.5,0.9,13.09
73560000,228.0162,2.6951,59.9364,1777.39,882.5,1983.24,0.9,13.1001
73620000,226.7688,3.4813,59.9926,1741.11,1860.27,2547.8,0.68,13.1103
73680000,227.1852,3.4566,59.9223,1724.94,1856.77,2534.42,0.68,13.1201
73740000,224.5061,3.4384,59.9645,1704.35,1816.08,2491.29,0.68,13.1299
73800000,223.7221,3.4275,60.0207,1698.11,1800.36,2474.3,0.69,13.1395
73860000,224.365,3.4597,59.9786,1709.14,1833.95,2505.02,0.68,13.1492
73920000,224.6534,3.412,59.9786,1670.92,1824.41,2472.7,0.67,13.1589
73980000,224.6859,3.3082,59.9926,1618.79,1769.59,2399.03,0.68,13.1686
74040000,224.5583,3.3916,59.9504,1680.49,1795.07,2458.89,0.68,13.1783
74100000,224.5183,3.4622,60.0067,1714.33,1830.98,2508.77,0.68,13.188
74160000,224.6983,3.4386,59.9926,1708.06,1818.77,2493.6,0.68,13.1977
74220000,225.9354,3.3035,59.9645,1585.02,1812.75,2408.96,0.66,13.2069
74280000,226.4061,3.1119,59.9364,1411.79,1783.83,2274.25,0.62,13.2154
74340000,226.4906,3.1115,59.9786,1407.96,1786.53,2274.69,0.62,13.2234
74400000,226.2396,3.0912,59.9645,1400.43,1772.05,2257.44,0.62,13.2314
74460000,226.2546,3.116,59.9926,1407.34,1786.31,2275.53,0.62,13.2394
74520000,226.421,3.0944,59.9645,1390.76,1783.0,2260.71,0.61,13.2473
74580000,226.7501,3.0953,59.9364,1393.41,1784.55,2264.65,0.62,13.2553
74640000,224.9128,3.0978,60.0067,1403.59,1758.94,2249.47,0.62,13.2632
74700000,224.9896,3.0665,59.9926,1402.71,1731.63,2226.81,0.63,13.2714
74760000,224.9529,3.0963,60.0067,1415.43,1747.43,2248.56,0.63,13.2793
74820000,225.5031,3.0946,60.0067,1402.75,1765.18,2252.77,0.62,13.2872
74880000,225.2451,3.4246,60.0488,1695.95,1824.52,2489.34,0.68,13.2965
74940000,225.5219,3.4009,59.9926,1684.0,1813.55,2475.33,0.68,13.3061
75000000,225.1974,3.4232,60.0207,1690.49,1824.4,2487.84,0.68,13.3158
75060000,225.2325,3.4419,59.9786,1703.18,1835.34,2501.89,0.68,13.3255
75120000,225.4199,3.4324,59.9786,1698.26,1830.84,2497.0,0.68,13.3352
75180000,225.3567,3.3559,60.0207,1647.56,1799.87,2440.73,0.68,13.3448
75240000,226.7754,2.6737,59.9645,1750.27,877.76,1956.74,0.89,13.3544
75300000,226.4722,2.6761,59.9926,1750.76,872.88,1955.97,0.89,13.3644
75360000,226.6626,2.682,59.9926,1753.69,884.22,1961.87,0.89,13.3743
75420000,225.9008,2.6871,59.9926,1751.38,877.74,1959.08,0.89,13.3843
75480000,226.0711,2.6953,59.9926,1757.43,886.24,1966.36,0.89,13.3943
75540000,224.6746,2.7027,59.9786,1751.1,885.06,1960.05,0.89,13.4043
75600000,225.7666,2.6855,59.9786,1749.5,880.94,1956.7,0.89,13.4142
75660000,224.5937,2.7009,59.9926,1747.34,882.22,1957.69,0.89,13.4241
75720000,225.0762,2.6941,60.0067,1746.69,882.5,1957.01,0.89,13.4341
75780000,225.642,2.6913,59.9786,1758.25,864.41,1959.72,0.9,13.4441
75840000,224.546,2.6692,59.9786,1731.12,862.01,1934.26,0.9,13.454
75900000,223.8554,3.5887,59.9364,1803.53,1864.32,2592.59,0.69,13.4642
75960000,223.9936,3.462,60.0348,1712.94,1826.08,2502.64,0.68,13.4741
76020000,223.4099,3.4523,60.0067,1698.79,1820.47,2489.12,0.68,13.4838
76080000,223.61,3.4542,59.9786,1701.91,1820.5,2493.05,0.68,13.4934
76140000,222.5003,3.4532,59.9083,1699.64,1805.88,2480.22,0.69,13.5031
76200000,224.9457,3.4448,59.9504,1700.04,1835.42,2500.74,0.68,13.5127
76260000,226.0862,3.4107,59.9786,1690.46,1829.24,2488.79,0.68,13.5224
76320000,226.0266,3.384,59.9926,1673.94,1816.77,2468.62,0.68,13.532
76380000,226.0392,3.4072,59.9364,1687.17,1827.3,2485.48,0.68,13.5416
76440000,226.0154,3.501,59.9786,1725.72,1881.52,2553.77,0.68,13.5513
76500000,226.1522,3.6756,60.0067,1882.99,1911.4,2682.7,0.7,13.5612
76560000,226.4046,3.7147,59.9786,1919.88,1917.93,2714.14,0.71,13.5719
76620000,225.0737,3.5809,59.9645,1825.72,1853.92,2601.05,0.7,13.5827
76680000,225.2959,3.7135,59.9504,1913.43,1907.66,2700.08,0.71,13.5933
76740000,226.0723,3.6462,59.9504,1858.51,1902.93,2660.1,0.7,13.604
76800000,225.5694,3.7325,59.9926,1926.53,1916.01,2717.3,0.71,13.6147
76860000,220.4768,4.3681,59.9926,2170.73,2228.18,3108.18,0.7,13.6267
76920000,220.751,3.7326,59.9504,1877.07,1885.14,2659.15,0.71,13.6383
76980000,221.0653,3.7411,59.9645,1880.82,1897.27,2669.19,0.7,13.649
77040000,220.9805,3.7265,59.9645,1875.69,1884.32,2657.53,0.71,13.6597
77100000,221.0351,3.6107,59.9786,1752.58,1890.11,2575.76,0.68,13.6699
77160000,221.9408,4.0003,59.9504,1808.63,2222.04,2865.31,0.63,13.68
77220000,218.6817,12.2535,60.0067,6691.85,5489.44,8647.68,0.77,13.7078
77280000,220.5256,12.2874,60.0067,6768.11,5551.18,8745.45,0.77,13.7461
77340000,220.3183,12.3084,59.9645,6771.27,5545.99,8751.64,0.77,13.7847
77400000,220.3011,12.2452,59.9645,6722.64,5530.54,8705.81,0.77,13.8231
77460000,220.0994,12.3419,60.0067,6775.3,5561.48,8766.82,0.77,13.8616
77520000,220.0882,12.2888,59.9786,6747.35,5543.65,8728.49,0.77,13.9001
77580000,220.1968,12.1992,59.9786,6696.69,5512.64,8669.05,0.77,13.9385
77640000,218.8285,12.1769,59.9926,6646.84,5468.42,8599.51,0.77,13.9763
77700000,217.4387,12.1832,60.0067,6619.91,5422.0,8549.45,0.77,14.0139
77760000,217.5883,12.1688,59.9645,6608.4,5419.32,8545.23,0.77,14.0515
77820000,217.7117,12.1674,60.0348,6617.36,5425.34,8549.2,0.77,14.0892
77880000,217.2788,12.1614,59.9926,6599.06,5411.49,8527.88,0.77,14.1266
77940000,217.7187,12.125,59.9645,6581.37,5408.26,8519.8,0.77,14.1642
78000000,220.4191,3.8443,59.9786,1714.26,2134.67,2736.13,0.63,14.1914
78060000,221.4191,3.8563,60.0348,1710.31,2162.37,2754.92,0.62,14.201
78120000,221.7781,3.8843,59.9786,1732.51,2173.92,2780.09,0.62,14.2109
78180000,223.2063,3.9006,59.9645,1753.97,2195.95,2809.75,0.62,14.2207
78240000,222.9948,3.8869,60.0067,1739.35,2192.76,2797.33,0.62,14.2306
78300000,223.5174,3.8096,59.9645,1693.97,2166.81,2748.34,0.62,14.2403
78360000,223.8378,3.8357,59.9786,1705.53,2186.04,2770.64,0.61,14.2501
78420000,225.9637,3.4431,60.0067,1650.02,1895.25,2510.86,0.66,14.2594
78480000,226.0975,3.8827,59.9504,1747.7,2229.09,2833.25,0.62,14.269
78540000,225.2811,3.8117,59.9786,1704.03,2187.98,2771.27,0.61,14.2788
78600000,225.9881,3.8746,59.9645,1750.44,2217.59,2825.79,0.62,14.2887
78660000,224.8195,3.8697,59.9645,1742.99,2201.4,2807.66,0.62,14.2985
78720000,224.7687,3.8706,59.9364,1747.87,2199.04,2807.68,0.62,14.3084
78780000,224.5468,3.7697,59.9786,1707.38,2134.03,2731.72,0.62,14.3183
78840000,224.5374,3.5587,59.9504,1716.82,1923.29,2578.77,0.67,14.3279
78900000,218.7196,12.2619,59.9645,6698.1,5479.49,8655.35,0.77,14.3417
78960000,218.422,12.116,59.9926,6606.38,5414.56,8540.73,0.77,14.3797
79020000,218.0357,12.2575,59.9926,6673.9,5461.73,8625.26,0.77,14.4176
79080000,217.7339,12.2431,60.0207,6659.52,5446.43,8603.13,0.77,14.4555
79140000,219.3007,12.2893,60.0207,6727.82,5509.55,8697.71,0.77,14.4935
79200000,219.3327,12.27,59.9926,6717.76,5506.9,8685.36,0.77,14.5317
79260000,218.8926,12.2497,60.0207,6698.75,5490.17,8653.4,0.77,14.5698
79320000,219.104,12.2691,60.0067,6716.69,5503.22,8675.48,0.77,14.6079
79380000,219.2736,12.269,59.9926,6713.35,5507.84,8682.26,0.77,14.6461
79440000,219.118,12.2848,59.9786,6721.42,5512.85,8687.11,0.77,14.6842
79500000,222.4673,3.8872,60.0067,1743.32,2181.09,2790.74,0.62,14.7104
79560000,222.8776,3.8935,59.9926,1749.36,2189.75,2800.6,0.62,14.7203
79620000,221.465,3.9144,59.9364,1755.65,2178.55,2797.82,0.63,14.7302
79680000,221.3034,3.9163,59.9786,1755.04,2180.47,2796.94,0.63,14.7402
79740000,221.5779,3.8898,59.9786,1743.72,2169.54,2781.61,0.63,14.7501
79800000,221.3611,3.9335,59.9786,1773.06,2182.62,2809.98,0.63,14.7602
79860000,222.6214,3.1542,59.9645,1797.9,1368.36,2260.14,0.8,14.7702
79920000,224.582,3.0303,59.9926,1806.73,1249.49,2196.13,0.82,14.7804
79980000,224.6734,2.8107,59.9504,1687.2,1146.25,2037.92,0.83,14.7905
80040000,224.6857,2.7499,59.9926,1756.49,943.43,1994.02,0.88,14.8003
80100000,226.1617,2.7443,59.9645,1769.25,941.98,2003.26,0.88,14.8104
80160000,225.9782,2.7491,59.9926,1765.94,949.13,2004.87,0.88,14.8204
80220000,225.9389,2.7303,59.9645,1756.68,936.26,1990.85,0.88,14.8304
80280000,225.7276,2.7369,59.9504,1762.0,937.65,1993.81,0.88,14.8404
80340000,225.5549,2.7334,59.9926,1758.64,933.82,1989.79,0.88,14.8504
80400000,225.9034,2.7258,59.9645,1755.4,934.8,1987.27,0.88,14.8604
80460000,223.964,2.7403,59.9926,1747.96,936.01,1980.72,0.88,14.8703
80520000,223.3241,3.6691,59.9504,1805.51,1933.24,2644.65,0.68,14.8804
80580000,222.1268,3.5574,59.9926,1725.26,1879.6,2550.1,0.68,14.8905
80640000,222.0793,3.5442,59.9926,1730.3,1862.04,2540.14,0.68,14.9003
80700000,221.9066,3.7561,60.0207,1892.28,1914.83,2689.9,0.7,14.9105
80760000,222.4679,3.6505,59.9786,1809.53,1898.57,2621.03,0.69,14.921
80820000,221.6212,5.2865,59.9786,2609.42,2739.0,3780.97,0.69,14.932
80880000,220.7363,6.9441,60.0207,3246.57,3731.85,4946.81,0.66,14.9491
80940000,220.6215,7.2352,59.9926,3353.23,3910.26,5152.0,0.65,14.9675
81000000,219.6006,9.8258,60.0067,4224.98,5533.46,6963.63,0.61,14.9894
81060000,219.6006,9.8258,60.0067,4224.98,5533.46,6963.63,0.61,15.0005
81120000,219.6006,9.8258,60.0067,4224.98,5533.46,6963.63,0.61,15.0116
81180000,219.6006,9.8258,60.0067,4224.98,5533.46,6963.63,0.61,15.0227
81240000,219.6006,9.8258,60.0067,4224.98,5533.46,6963.63,0.61,15.0338
81300000,219.6006,9.8258,60.0067,4224.98,5533.46,6963.63,0.61,15.0449
81360000,219.6006,9.8258,60.0067,4224.98,5533.46,6963.63,0.61,15.056
81420000,219.6006,9.8258,60.0067,4224.98,5533.46,6963.63,0.61,15.067
81480000,219.6006,9.8258,60.0067,4224.98,5533.46,6963.63,0.61,15.0781
81540000,219.6006,9.8258,60.0067,4224.98,5533.46,6963.63,0.61,15.0892
81600000,219.6006,9.8258,60.0067,4224.98,5533.46,6963.63,0.61,15.1003
81660000,219.6006,9.8258,60.0067,4224.98,5533.46,6963.63,0.61,15.1114
81720000,219.6006,9.8258,60.0067,4224.98,5533.46,6963.63,0.61,15.1225
81780000,219.6006,9.8258,60.0067,4224.98,5533.46,6963.63,0.61,15.1336
81840000,219.6006,9.8258,60.0067,4224.98,5533.46,6963.63,0.61,15.1447
81900000,219.6006,9.8258,60.0067,4224.98,5533.46,6963.63,0.61,15.1558
81960000,219.6006,9.8258,60.0067,4224.98,5533.46,6963.63,0.61,15.1669
82020000,219.6006,9.8258,60.0067,4224.98,5533.46,6963.63,0.61,15.178
82080000,219.6006,9.8258,60.0067,4224.98,5533.46,6963.63,0.61,15.1891
82140000,219.6006,9.8258,60.0067,4224.98,5533.46,6963.63,0.61,15.2002
82200000,219.6006,9.8258,60.0067,4224.98,5533.46,6963.63,0.61,15.2112
82260000,219.6006,9.8258,60.0067,4224.98,5533.46,6963.63,0.61,15.2223
82320000,219.6006,9.8258,60.0067,4224.98,5533.46,6963.63,0.61,15.2334
82380000,219.6006,9.8258,60.0067,4224.98,5533.46,6963.63,0.61,15.2445
82440000,219.6006,9.8258,60.0067,4224.98,5533.46,6963.63,0.61,15.2556
82500000,219.6006,9.8258,60.0067,4224.98,5533.46,6963.63,0.61,15.2667
82560000,219.6006,9.8258,60.0067,4224.98,5533.46,6963.63,0.61,15.2778
82620000,219.6006,9.8258,60.0067,4224.98,5533.46,6963.63,0.61,15.2889
82680000,219.6006,9.8258,60.0067,4224.98,5533.46,6963.63,0.61,15.3
82740000,219.6006,9.8258,60.0067,4224.98,5533.46,6963.63,0.61,15.3111
82800000,219.6006,9.8258,60.0067,4224.98,5533.46,6963.63,0.61,15.3222
82860000,219.6006,9.8258,60.0067,4224.98,5533.46,6963.63,0.61,15.3333
82920000,219.6006,9.8258,60.0067,4224.98,5533.46,6963.63,0.61,15.3444
82980000,219.6006,9.8258,60.0067,4224.98,5533.46,6963.63,0.61,15.3555
83040000,219.6006,9.8258,60.0067,4224.98,5533.46,6963.63,0.61,15.3665
83100000,219.6006,9.8258,60.0067,4224.98,5533.46,6963.63,0.61,15.3776
83160000,219.6006,9.8258,60.0067,4224.98,5533.46,6963.63,0.61,15.3887
83220000,219.6006,9.8258,60.0067,4224.98,5533.46,6963.63,0.61,15.3998
83280000,219.6006,9.8258,60.0067,4224.98,5533.46,6963.63,0.61,15.4109
83340000,219.6006,9.8258,60.0067,4224.98,5533.46,6963.63,0.61,15.422
83400000,219.6006,9.8258,60.0067,4224.98,5533.46,6963.63,0.61,15.4331
83460000,219.6006,9.8258,60.0067,4224.98,5533.46,6963.63,0.61,15.4442
83520000,219.6006,9.8258,60.0067,4224.98,5533.46,6963.63,0.61,15.4553
83580000,219.6006,9.8258,60.0067,4224.98,5533.46,6963.63,0.61,15.4664
83640000,219.6006,9.8258,60.0067,4224.98,5533.46,6963.63,0.61,15.4775
83700000,219.6006,9.8258,60.0067,4224.98,5533.46,6963.63,0.61,15.4886
83760000,219.6006,9.8258,60.0067,4224.98,5533.46,6963.63,0.61,15.4997
83820000,219.6006,9.8258,60.0067,4224.98,5533.46,6963.63,0.61,15.5107
83880000,219.6006,9.8258,60.0067,4224.98,5533.46,6963.63,0.61,15.5218
83940000,219.6006,9.8258,60.0067,4224.98,5533.46,6963.63,0.61,15.5329
84000000,219.6006,9.8258,60.0067,4224.98,5533.46,6963.63,0.61,15.544
84060000,219.6006,9.8258,60.0067,4224.98,5533.46,6963.63,0.61,15.5551
84120000,219.6006,9.8258,60.0067,4224.98,5533.46,6963.63,0.61,15.5662
84180000,219.6006,9.8258,60.0067,4224.98,5533.46,6963.63,0.61,15.5773
84240000,219.6006,9.8258,60.0067,4224.98,5533.46,6963.63,0.61,15.5884
84300000,219.6006,9.8258,60.0067,4224.98,5533.46,6963.63,0.61,15.5995
84360000,219.6006,9.8258,60.0067,4224.98,5533.46,6963.63,0.61,15.6106
84420000,219.6006,9.8258,60.0067,4224.98,5533.46,6963.63,0.61,15.6217
84480000,219.6006,9.8258,60.0067,4224.98,5533.46,6963.63,0.61,15.6328
84540000,219.6006,9.8258,60.0067,4224.98,5533.46,6963.63,0.61,15.6439
84600000,219.6006,9.8258,60.0067,4224.98,5533.46,6963.63,0.61,15.6549
84660000,219.6006,9.8258,60.0067,4224.98,5533.46,6963.63,0.61,15.666
84720000,219.6006,9.8258,60.0067,4224.98,5533.46,6963.63,0.61,15.6771
84780000,219.6006,9.8258,60.0067,4224.98,5533.46,6963.63,0.61,15.6882
84840000,219.6006,9.8258,60.0067,4224.98,5533.46,6963.63,0.61,15.6993
84900000,219.6006,9.8258,60.0067,4224.98,5533.46,6963.63,0.61,15.7104
84960000,219.6006,9.8258,60.0067,4224.98,5533.46,6963.63,0.61,15.7215
85020000,219.6006,9.8258,60.0067,4224.98,5533.46,6963.63,0.61,15.7326
85080000,219.6006,9.8258,60.0067,4224.98,5533.46,6963.63,0.61,15.7437
85140000,219.6006,9.8258,60.0067,4224.98,5533.46,6963.63,0.61,15.7548
85200000,219.6006,9.8258,60.0067,4224.98,5533.46,6963.63,0.61,15.7659
85260000,219.6006,9.8258,60.0067,4224.98,5533.46,6963.63,0.61,15.777
85320000,219.6006,9.8258,60.0067,4224.98,5533.46,6963.63,0.61,15.7881
85380000,219.6006,9.8258,60.0067,4224.98,5533.46,6963.63,0.61,15.7991
85440000,219.6006,9.8258,60.0067,4224.98,5533.46,6963.63,0.61,15.8102
85500000,219.6006,9.8258,60.0067,4224.98,5533.46,6963.63,0.61,15.8213
85560000,219.6006,9.8258,60.0067,4224.98,5533.46,6963.63,0.61,15.8324
85620000,219.6006,9.8258,60.0067,4224.98,5533.46,6963.63,0.61,15.8435
85680000,219.6006,9.8258,60.0067,4224.98,5533.46,6963.63,0.61,15.8546
85740000,219.6006,9.8258,60.0067,4224.98,5533.46,6963.63,0.61,15.8657
85800000,219.6006,9.8258,60.0067,4224.98,5533.46,6963.63,0.61,15.8768
85860000,219.6006,9.8258,60.0067,4224.98,5533.46,6963.63,0.61,15.8879
85920000,219.6006,9.8258,60.0067,4224.98,5533.46,6963.63,0.61,15.899
85980000,219.6006,9.8258,60.0067,4224.98,5533.46,6963.63,0.61,15.9101
86040000,219.6006,9.8258,60.0067,4224.98,5533.46,6963.63,0.61,15.9212
86100000,219.6006,9.8258,60.0067,4224.98,5533.46,6963.63,0.61,15.9323
86160000,219.6006,9.8258,60.0067,4224.98,5533.46,6963.63,0.61,15.9434
86220000,219.6006,9.8258,60.0067,4224.98,5533.46,6963.63,0.61,15.9544
86280000,219.6006,9.8258,60.0067,4224.98,5533.46,6963.63,0.61,15.9655
86340000,219.6006,9.8258,60.0067,4224.98,5533.46,6963.63,0.61,15.9766
